ID,Type,SKU,"GTIN, UPC, EAN, or ISBN",Name,Published,"Is featured?","Visibility in catalog","Short description",Description,"Date sale price starts","Date sale price ends","Tax status","Tax class","In stock?",Stock,"Low stock amount","Backorders allowed?","Sold individually?","Weight (kg)","Length (cm)","Width (cm)","Height (cm)","Allow customer reviews?","Purchase note","Sale price","Regular price",Categories,Tags,"Shipping class",Images,"Download limit","Download expiry days",Parent,"Grouped products",Upsells,Cross-sells,"External URL","Button text",Position,Brands,"Attribute 1 name","Attribute 1 value(s)","Attribute 1 visible","Attribute 1 global","Attribute 2 name","Attribute 2 value(s)","Attribute 2 visible","Attribute 2 global","Attribute 3 name","Attribute 3 value(s)","Attribute 3 visible","Attribute 3 global","Attribute 4 name","Attribute 4 value(s)","Attribute 4 visible","Attribute 4 global","Attribute 5 name","Attribute 5 value(s)","Attribute 5 visible","Attribute 5 global","Attribute 6 name","Attribute 6 value(s)","Attribute 6 visible","Attribute 6 global","Attribute 7 name","Attribute 7 value(s)","Attribute 7 visible","Attribute 7 global","Attribute 8 name","Attribute 8 value(s)","Attribute 8 visible","Attribute 8 global","Attribute 9 name","Attribute 9 value(s)","Attribute 9 visible","Attribute 9 global","Attribute 10 name","Attribute 10 value(s)","Attribute 10 visible","Attribute 10 global","Meta: _yoast_wpseo_primary_product_brand","Meta: _yoast_wpseo_primary_product_cat","Meta: _yoast_wpseo_focuskw","Meta: _yoast_wpseo_title","Meta: _yoast_wpseo_metadesc","Meta: _yoast_wpseo_linkdex","Meta: _yoast_wpseo_content_score","Meta: _yoast_wpseo_estimated-reading-time-minutes","Meta: fb_pattern","Meta: fb_size","Meta: _last_change_time","Meta: _wc_gla_sync_status","Meta: _wc_gla_synced_at","Meta: _wc_gla_visibility","Meta: _wc_gla_mc_status","Meta: _wc_facebook_sync_enabled_v2","Meta: fb_visibility","Meta: fb_product_description","Meta: fb_rich_text_description","Meta: _wc_facebook_product_image_source","Meta: fb_brand","Meta: fb_mpn","Meta: fb_color","Meta: fb_material","Meta: fb_age_group","Meta: fb_gender","Meta: fb_product_condition","Meta: _wc_gla_sync_hash","Meta: _wp_old_date"
144,simple,,,"Zeta  Alventi - ZTAMS03.008.06",1,0,visible,"New designed Asymmetric tread pattern , enhanced UHP tyre block stiffness for heavy loads, and ensure vehicle has been controlled perfect under any road conditions.\n\n<strong>KEY FEATURES:</strong>\n<ul class=""list"">\n<li>Optimized pitch variance design & tread formula with high silica rubber reduces noise, innovative grip, improved mileage as well.</li>\n<li>4 straight grooves provide excellent smooth water dispersion and high levels of wet handling.</li>\n<li>Three solid longitudinal ribs improved braking and linear stability during high speed.</li>\n</ul>",,,,taxable,,1,,,0,0,,,,,1,,,105.00,Tyres,1956515,,https://www.tiromobiletyres.com.au/wp-content/uploads/2025/10/Zeta-Alventi-img.jpg,,,,,,,,,0,ZETA,"Product IP",ZTAMS03.008.06,1,1,"Tyre Type",PASSENGER,1,1,Pattern,ALVENTI,1,1,Size,"195/65R15 95H",1,1,Width,195,1,1,Profile,65,1,1,Diameter,15,1,1,"Load Index",95,1,1,"Speed Rating",H,1,1,"Rim Size",R15,1,1,,,"Zeta Alventi","Zeta Alventi Tyre | Budget Grip & Smooth Everyday Ride","Buy Zeta Alventi tyres for strong grip, smooth handling and low noise. A budget‑friendly choice for reliable performance and comfort on daily drives.",59,90,1,ALVENTI,"195/65R15 95H",1786009591,synced,1788231892,sync-and-show,approved,,,,,,,,,,,,
146,simple,,,"Zeta  Alventi - ZETAMS03.008.03",1,0,visible,"New designed Asymmetric tread pattern , enhanced UHP tyre block stiffness for heavy loads, and ensure vehicle has been controlled perfect under any road conditions.\n\n<strong>KEY FEATURES:</strong>\n<ul class=""list"">\n<li>Optimized pitch variance design & tread formula with high silica rubber reduces noise, innovative grip, improved mileage as well.</li>\n<li>4 straight grooves provide excellent smooth water dispersion and high levels of wet handling.</li>\n<li>Three solid longitudinal ribs improved braking and linear stability during high speed.</li>\n</ul>",,,,taxable,,1,,,0,0,,,,,1,,,109.00,Tyres,1956515,,https://www.tiromobiletyres.com.au/wp-content/uploads/2025/10/Zeta-Alventi-img.jpg,,,,,,,,,0,ZETA,"Product IP",ZETAMS03.008.03,1,1,"Tyre Type",PCR,1,1,Pattern,ALVENTI,1,1,Size,"195/65R15 91V",1,1,Width,195,1,1,Profile,65,1,1,Diameter,15,1,1,"Load Index",91,1,1,"Speed Rating",V,1,1,"Rim Size",R15,1,1,,,"Zeta Alventi","Zeta Alventi Tyre | Budget Grip & Smooth Everyday Ride","Buy Zeta Alventi tyres for strong grip, smooth handling and low noise. A budget‑friendly choice for reliable performance and comfort in daily driving.",59,90,1,ALVENTI,"195/65R15 91V",1786009670,synced,1788231892,sync-and-show,approved,,,,,,,,,,,,
147,simple,,,"General  Altimax Gs5 - 1549884",1,0,visible,,,,,taxable,,1,,,0,0,,,,,1,,,109.00,Tyres,1956515,,https://www.tiromobiletyres.com.au/wp-content/uploads/2025/10/General-Altimax-Gs5-img.jpg,,,,,,,,,0,GENERAL,"Product IP",1549884,1,1,"Tyre Type",PCR,1,1,Pattern,"ALTIMAX GS5",1,1,Size,"195/65R15 91V",1,1,Width,195,1,1,Profile,65,1,1,Diameter,15,1,1,"Load Index",91,1,1,"Speed Rating",V,1,1,"Rim Size",R15,1,1,,,"General Altimax Gs5","General AltiMax GS5 Tyre | Comfort, Grip & Safety","Buy General AltiMax GS5 tyres for strong grip, smooth comfort and safe braking. Ideal for everyday driving with reliable wet performance & stability.",61,90,1,"ALTIMAX GS5","195/65R15 91V",,,,,,,,,,,,,,,,,
150,simple,,,"Zeta  Alventi - ZTMS03-018.03",1,0,visible,"New designed Asymmetric tread pattern , enhanced UHP tyre block stiffness for heavy loads, and ensure vehicle has been controlled perfect under any road conditions.\n\n<strong>KEY FEATURES:</strong>\n<ul class=""list"">\n<li>Optimized pitch variance design & tread formula with high silica rubber reduces noise, innovative grip, improved mileage as well.</li>\n<li>4 straight grooves provide excellent smooth water dispersion and high levels of wet handling.</li>\n<li>Three solid longitudinal ribs improved braking and linear stability during high speed.</li>\n</ul>","<strong>FEATURES:</strong>\n<ul>\n<li>Optimized pitch variance design & tread formula with high silica rubber reduces noise, innovative grip, improved mileage as well.</li>\n<li>4 straight grooves provide excellent smooth water dispersion and high levels of wet handling. </li>\n<li>Three solid longitudinal ribs improved braking and linear stability during high speed.</li>\n</ul>\n\n",,,taxable,,1,,,0,0,,,,,1,,,109.00,Tyres,2055516,,https://www.tiromobiletyres.com.au/wp-content/uploads/2025/10/Zeta-Alventi-img.jpg,,,,,,,,,0,ZETA,"Product IP",ZTMS03-018.03,1,1,"Tyre Type",PCR,1,1,Pattern,ALVENTI,1,1,Size,"205/55R16 91W",1,1,Width,205,1,1,Profile,55,1,1,Diameter,16,1,1,"Load Index",91,1,1,"Speed Rating",W,1,1,"Rim Size",R16,1,1,,,"Zeta Alventi","Zeta Alventi Tyre | Budget Grip & Smooth Everyday Ride","Buy Zeta Alventi tyres for strong grip, smooth handling and reliable performance. A budget‑friendly choice offering comfort and confidence on every drive.",56,90,1,ALVENTI,"205/55R16 91W",1782905590,,,sync-and-show,,yes,yes,,,product,,,,,,,
151,simple,,,"Zeta  Antarctica Ice - ZTAMS7159",1,0,visible,"New generation studdable winter tyre...\n\n<strong>KEY FEATURES:</strong>\n<ul class=""list"">\n<li>Specially developed soft compound with silica tread; good combination of winter properties with optimal wet and dry performance.</li>\n<li>Utilized 8-11, double-flange studs enables safer driving behaviour.</li>\n<li>Certified snowflake symbol.</li>\n<li>Specially developed winter tire for use in the most harsh conditions.</li>\n<li>Balanced tread profile provide excellent driving characteristics and shorter braking distance.</li>\n<li>Optimum high-density sipes and pitch arrangement gives superior water drainage and snow removal.</li>\n</ul>",,,,taxable,,1,,,0,0,,,,,1,,,110.99,Tyres,2055516,,https://www.tiromobiletyres.com.au/wp-content/uploads/2025/10/ZETA_ANTARCTICA-ICE.jpg,,,,,,,,,0,ZETA,"Product IP",ZTAMS7159,1,1,"Tyre Type",SUV,1,1,Pattern,"ANTARCTICA ICE",1,1,Size,"205/55R16 91T",1,1,Width,205,1,1,Profile,55,1,1,Diameter,16,1,1,"Load Index",91,1,1,"Speed Rating",T,1,1,"Rim Size",R16,1,1,,,"Zeta Antarctica Ice","Zeta Antarctica Ice Tyre | Winter Grip & Snow Performance","Buy Zeta Antarctica Ice tyres for strong winter grip, enhanced snow traction and confident handling. Ideal for cold conditions with reliable braking and control.",57,90,1,"ANTARCTICA ICE","205/55R16 91T",1783762136,,,,,,,,,,,,,,,,
153,simple,,,"NEXEN  NFERA SU1- 14293NXK",1,0,visible,,"<strong>FEATURES:</strong>\n<ul>\n<li>4 wide longitudinal grooves – Improved drainage performance.</li>\n<li>Lateral grooves in pattern shoulder – Excellent performance and handling on wet surfaces.</li>\n<li>3 center blocks – Excellent stability for directional & straight driving.</li>\n<li>Optimized shoulder block – Maximum grip during cornering.</li>\n<li>ULTRA HIGH PERFORMANCE</li>\n</ul>\n\n",,,taxable,,1,,,0,0,,,,,1,,,144.17,Tyres,"205/55R16 91H",,https://www.tiromobiletyres.com.au/wp-content/uploads/2025/10/Nexen-Nfera-Su4.avif,,,,,,,,,0,NEXEN,"Product IP",14293NXK,1,1,Pattern,"NFERA SU1",1,1,Size,"205/55R16 91H",1,1,Width,205,1,1,Profile,55,1,1,Diameter,16,1,1,"Load Index",91,1,1,"Speed Rating",H,1,1,"Rim Size",R16,1,1,,,,,,,"Nexen Nfera Su4","Nexen N’Fera SU4 Tyre | Sport Performance & Comfort","Buy Nexen N’Fera SU4 tyres for sporty performance, strong grip and smooth handling. Ideal for high‑speed stability and everyday driving reliability.",53,90,1,"NFERA SU1","205/55R16 91H",1783762981,,,sync-and-show,,yes,yes,,,product,,,,,,,
155,simple,,,"Forceland  Vitality F22 - FC03316",1,0,visible,,,,,taxable,,1,,,0,0,,,,,1,,,99.00,Tyres,2156016,,https://www.tiromobiletyres.com.au/wp-content/uploads/2025/10/VITALITY-F22.jpg,,,,,,,,,0,Forceland,"Product IP",FC03316,1,1,Pattern,"Vitality F22",1,1,Size,"215/60R16 95H",1,1,Width,215,1,1,Profile,60,1,1,Diameter,16,1,1,"Load Index",95,1,1,"Speed Rating",H,1,1,"Rim Size",R16,1,1,,,,,,,"Forceland Vitality","Forceland Vitality F22 Tyre | Reliable Grip & Smooth Ride","Buy Forceland Vitality F22 tyres for strong grip, smooth handling and everyday comfort. A great value choice with dependable traction for city driving.",59,90,1,"Vitality F22","215/60R16 95H",,,,,,,,,,,,,,,,,
156,simple,,,"Zeta  Alventi - ZETAMS03.014.02",1,0,visible,"New designed Asymmetric tread pattern , enhanced UHP tyre block stiffness for heavy loads, and ensure vehicle has been controlled perfect under any road conditions.\n\n<strong>KEY FEATURES:</strong>\n<ul class=""list"">\n<li>Optimized pitch variance design & tread formula with high silica rubber reduces noise, innovative grip, improved mileage as well.</li>\n<li>4 straight grooves provide excellent smooth water dispersion and high levels of wet handling.</li>\n<li>Three solid longitudinal ribs improved braking and linear stability during high speed.</li>\n</ul>",,,,taxable,,1,,,0,0,,,,,1,,,111.90,Tyres,2156016,,https://www.tiromobiletyres.com.au/wp-content/uploads/2025/10/Zeta-Alventi-img.jpg,,,,,,,,,0,ZETA,"Product IP",ZETAMS03.014.02,1,1,"Tyre Type",PCR,1,1,Pattern,ALVENTI,1,1,Size,"215/60R16 95V",1,1,Width,215,1,1,Profile,60,1,1,Diameter,16,1,1,"Load Index",95,1,1,"Speed Rating",V,1,1,"Rim Size",R16,1,1,,,"Zeta Alventi","Zeta Alventi Tyre | Budget Performance & Smooth Ride","Buy Zeta Alventi tyres for strong grip, smooth handling and reliable everyday driving comfort. A budget‑friendly choice with dependable traction and value.",56,90,1,ALVENTI,"215/60R16 95V",,,,,,,,,,,,,,,,,
157,simple,,,"Nexen  Npriz Sh9i - 13253NXC",1,0,visible,,,,,taxable,,1,,,0,0,,,,,1,,,116.84,Tyres,2156016,,https://www.tiromobiletyres.com.au/wp-content/uploads/2025/10/Nexen-Npriz-Sh9i.webp,,,,,,,,,0,NEXEN,"Product IP",13253NXC,1,1,"Tyre Type",SUV,1,1,Pattern,"NPRIZ SH9I",1,1,Size,"215/60R16 95H",1,1,Width,215,1,1,Profile,60,1,1,Diameter,16,1,1,"Load Index",95,1,1,"Speed Rating",H,1,1,"Rim Size",R16,1,1,,,"Nexen Npriz Sh9i","Nexen N’Priz SH9i Tyre | All‑Season Comfort & Grip","Buy Nexen N’Priz SH9i tyres for all‑season performance with reliable grip, comfort and smooth handling. Ideal for everyday driving with balanced traction.",53,90,1,"NPRIZ SH9I","215/60R16 95H",,,,,,,,,,,,,,,,,
159,simple,,,"Nexen  Roadian Ct8 Hl - 13798NXC",1,0,visible,"COMMERCIAL VAN / LT\n\nThe Roadian CT8 HL maintains optimal rigidity balance by including a half depth transverse groove in the center block. Also square shaped dimples in the tread prevents stress, resulting in improved durability and tread life.",,,,taxable,,1,,,0,0,,,,,1,,,146.24,Tyres,2156016,,https://www.tiromobiletyres.com.au/wp-content/uploads/2025/10/ROADIAN-CT8-img.jpg,,,,,,,,,0,NEXEN,"Product IP",13798NXC,1,1,"Tyre Type","LIGHT TRUCK",1,1,Pattern,"ROADIAN CT8 HL",1,1,Size,"215/60R16 108/106T",1,1,Width,215,1,1,Profile,60,1,1,Diameter,16,1,1,"Load Index",108/106,1,1,"Speed Rating",T,1,1,,,,,,,"Nexen Roadian","Nexen Roadian CT8 HL Tyre | SUV Comfort & All‑Season Grip","Buy Nexen Roadian CT8 HL tyres for SUVs with balanced all‑season grip, smooth handling and everyday comfort. Great choice for reliable traction and performance.",59,90,1,"ROADIAN CT8 HL","215/60R16 108/106T",1784014899,,,,,,,,,,,,,,,,
162,simple,,,"Zeta  Alventi - ZETAMS03.022.02",1,0,visible,"New designed Asymmetric tread pattern , enhanced UHP tyre block stiffness for heavy loads, and ensure vehicle has been controlled perfect under any road conditions.\n\n<strong>KEY FEATURES:</strong>\n<ul class=""list"">\n<li>Optimized pitch variance design & tread formula with high silica rubber reduces noise, innovative grip, improved mileage as well.</li>\n<li>4 straight grooves provide excellent smooth water dispersion and high levels of wet handling.</li>\n<li>Three solid longitudinal ribs improved braking and linear stability during high speed.</li>\n</ul>",,,,taxable,,1,,,0,0,,,,,1,,,125.00,Tyres,2154517,,https://www.tiromobiletyres.com.au/wp-content/uploads/2025/10/Zeta-Alventi-img.jpg,,,,,,,,,0,ZETA,"Product IP",ZETAMS03.022.02,1,1,"Tyre Type",UHP,1,1,Pattern,ALVENTI,1,1,Size,"215/45R17 91Y",1,1,Width,215,1,1,Profile,45,1,1,Diameter,17,1,1,"Load Index",91,1,1,"Speed Rating",Y,1,1,"Rim Size",R17,1,1,,,"Zeta Alventi","Zeta Alventi Tyre | Budget Performance & Smooth Ride","Buy Zeta Alventi tyres for strong grip, smooth handling and low noise. A budget-friendly choice offering reliable everyday performance and comfort.",56,90,1,ALVENTI,"215/45R17 91Y",1786534846,synced,1788750126,sync-and-show,approved,,,,,,,,,,,,
163,simple,,,"Pirelli  Powergy - 4006600",1,0,visible,"<strong>PIRELLI POWERGY</strong>\n- Car\n- Summer\n\nThe smart & safe choice\n \nPowergy is the new Pirelli Summer line for cars and SUVs. It’s the smart choice for drivers looking for safety and green performance with a low environmental impact.\n\nWith high levels of wet grip (EU Label Wet Grip A Rating on full range) and braking, Powergy helps to provides precise handling in all road conditions and reduces the risk of aquaplaning.\n\nThe low rolling resistance ensures low fuel consumption and high levels of comfort.",,,,taxable,,1,,,0,0,,,,,1,,,184.51,Tyres,2154517,,https://www.tiromobiletyres.com.au/wp-content/uploads/2025/10/pirelli-powergy.jpg,,,,,,,,,0,PIRELLI,"Product IP",4006600,1,1,"Tyre Type",CAR,1,1,Pattern,POWERGY,1,1,Size,"215/45R17 91W",1,1,Width,215,1,1,Profile,45,1,1,Diameter,17,1,1,"Load Index",91,1,1,"Speed Rating",W,1,1,"Rim Size",R17,1,1,,,"Pirelli Powergy","Pirelli Powergy Tyre | Fuel Efficient & Comfortable Ride","Buy Pirelli Powergy tyres for fuel efficiency, strong wet grip and smooth comfort. Ideal for daily driving with reliable performance and safety.",61,90,1,POWERGY,"215/45R17 91W",1786534898,synced,1788750126,sync-and-show,approved,,,,,,,,,,,,
165,simple,,,"CONTINENTAL  ULTRACONTACT UC7 - 0312041",1,0,visible,"<em>Unlimited driving fun thanks to excellent grip...</em>\n\n<strong>Features:</strong>\n<ul class=""list"">\n<li>Shorter braking distances in all weather conditions.</li>\n<li>Excellent road grip and safety when cornering.</li>\n<li>Reduced fuel consumption and high mileage.</li>\n</ul>","'\n",,,taxable,,1,,,0,0,,,,,1,,,189.07,Tyres,"215/45R17 91W",,https://www.tiromobiletyres.com.au/wp-content/uploads/2025/10/continental-21545R17.jpg,,,,,,,,,0,CONTINENTAL,"Product IP",0312041,1,1,"Tyre Type",PASSENGER,1,1,Pattern,"ULTRACONTACT UC7",1,1,Size,"215/45R17 91W",1,1,Width,215,1,1,Profile,45,1,1,Diameter,17,1,1,"Load Index",91,1,1,"Speed Rating",W,1,1,,,,,,,"Continental Contisportcontact 5","Continental ContiSportContact 5 Tyre | Performance Grip","Buy Continental ContiSportContact 5 tyres for precise handling, strong grip and confident braking. Ideal for high‑performance cars with responsive control.",59,90,1,"ULTRACONTACT UC7","215/45R17 91W",1786535347,synced,1788750126,sync-and-show,approved,yes,yes,,,product,,,,,,,
167,simple,,,"CONTINENTAL  TECHCONTACT TC6 - 312472",1,0,visible,"<em>Unlimited driving fun thanks to excellent grip...</em>\n\n<strong>Features:</strong>\n<ul class=""list"">\n<li>Shorter braking distances in all weather conditions.</li>\n<li>Excellent road grip and safety when cornering.</li>\n<li>Reduced fuel consumption and high mileage.</li>\n</ul>",,,,taxable,,1,,,0,0,,,,,1,,,189.00,Tyres,"215/45R17 91W",,https://www.tiromobiletyres.com.au/wp-content/uploads/2025/10/continental-21545R17.jpg,,,,,,,,,0,CONTINENTAL,"Product IP",312472,1,1,"Tyre Type",PASSENGER,1,1,Pattern,"TECHCONTACT TC6",1,1,Size,"215/45R17 91W",1,1,Width,215,1,1,Profile,45,1,1,Diameter,17,1,1,"Load Index",91,1,1,"Speed Rating",W,1,1,"Rim Size",R17,1,1,,,"Continental Contisportcontact 5","Continental ContiSportContact 5 Tyre | Sport Grip & Control","Buy Continental ContiSportContact 5 tyres for excellent grip, precise handling and confident braking performance. Ideal for performance cars with responsive control.",57,90,1,"TECHCONTACT TC6","215/45R17 91W",1786535145,synced,1788750126,sync-and-show,approved,yes,yes,,,product,,,,,,,
169,simple,,,"Forceland  Vitality F22 - 	FC02317",1,0,visible,,,,,taxable,,1,,,0,0,,,,,1,,,99.00,Tyres,2254517,,https://www.tiromobiletyres.com.au/wp-content/uploads/2025/10/VITALITY-F22.jpg,,,,,,,,,0,Forceland,"Product IP",FC02317,1,1,Pattern,"Vitality F22",1,1,Size,"225/45ZR17 94Y",1,1,Width,225,1,1,Profile,45,1,1,Diameter,17,1,1,"Load Index",94,1,1,"Speed Rating",Y,1,1,"Rim Size",R17,1,1,,,,,,,"Forceland Vitality F22","Forceland Vitality F22 Tyre | Reliable Grip & Smooth Ride","Buy Forceland Vitality F22 tyres for strong grip, smooth handling and everyday driving comfort. Great value choice with dependable traction and performance.",54,90,1,"Vitality F22","225/45ZR17 94Y",,,,,,,,,,,,,,,,,
171,simple,,,"Zeta  Alventi - ZTAMS0302303",1,0,visible,"New designed Asymmetric tread pattern , enhanced UHP tyre block stiffness for heavy loads, and ensure vehicle has been controlled perfect under any road conditions.\n\n<strong>KEY FEATURES:</strong>\n<ul class=""list"">\n<li>Optimized pitch variance design & tread formula with high silica rubber reduces noise, innovative grip, improved mileage as well.</li>\n<li>4 straight grooves provide excellent smooth water dispersion and high levels of wet handling.</li>\n<li>Three solid longitudinal ribs improved braking and linear stability during high speed.</li>\n</ul>",,,,taxable,,1,,,0,0,,,,,1,,,104.90,Tyres,2254517,,https://www.tiromobiletyres.com.au/wp-content/uploads/2025/10/Zeta-Alventi-img.jpg,,,,,,,,,0,ZETA,"Product IP",ZTAMS0302303,1,1,"Tyre Type",PCR,1,1,Pattern,ALVENTI,1,1,Size,"225/45R17 94W",1,1,Width,225,1,1,Profile,45,1,1,Diameter,17,1,1,"Load Index",94,1,1,"Speed Rating",W,1,1,"Rim Size",R17,1,1,,,"Zeta Alventi","Zeta Alventi Tyre | Budget Performance & Smooth Ride","Buy Zeta Alventi tyres for strong grip, smooth handling and comfortable everyday driving. A budget‑friendly choice with reliable performance and value.",56,90,1,ALVENTI,"225/45R17 94W",,,,,,,,,,,,,,,,,
172,simple,,,"Zeta  Alventi - ZETAMS03.023.04",1,0,visible,"New designed Asymmetric tread pattern , enhanced UHP tyre block stiffness for heavy loads, and ensure vehicle has been controlled perfect under any road conditions.\n\n<strong>KEY FEATURES:</strong>\n<ul class=""list"">\n<li>Optimized pitch variance design & tread formula with high silica rubber reduces noise, innovative grip, improved mileage as well.</li>\n<li>4 straight grooves provide excellent smooth water dispersion and high levels of wet handling.</li>\n<li>Three solid longitudinal ribs improved braking and linear stability during high speed.</li>\n</ul>",,,,taxable,,1,,,0,0,,,,,1,,,145.00,Tyres,"2254517, Runflat",,https://www.tiromobiletyres.com.au/wp-content/uploads/2025/10/Zeta-Alventi-img.jpg,,,,,,,,,0,ZETA,"Product IP",ZETAMS03.023.04,1,1,"Tyre Type",UHP,1,1,Pattern,ALVENTI,1,1,Size,"225/45R17 94W",1,1,Width,225,1,1,Profile,45,1,1,Diameter,17,1,1,"Load Index",94,1,1,"Speed Rating",W,1,1,"Rim Size",R17,1,1,,,"Zeta Alventi","Zeta Alventi Tyre | Budget Performance & Smooth Ride","Buy Zeta Alventi tyres for strong grip, smooth handling and low noise. A budget‑friendly option offering reliable everyday performance and comfort.",59,90,1,ALVENTI,"225/45R17 94W",,,,,,,,,,,,,,,,,
173,simple,,,"Pirelli  Powergy -  4007000",1,0,visible,,"<strong>PIRELLI POWERGY</strong>\n- Car\n- Summer\n\nThe smart & safe choice\n \nPowergy is the new Pirelli Summer line for cars and SUVs. It’s the smart choice for drivers looking for safety and green performance with a low environmental impact.\n\nWith high levels of wet grip (EU Label Wet Grip A Rating on full range) and braking, Powergy helps to provides precise handling in all road conditions and reduces the risk of aquaplaning.\n\nThe low rolling resistance ensures low fuel consumption and high levels of comfort.",,,taxable,,1,,,0,0,,,,,1,,,195.61,Tyres,2254517,,https://www.tiromobiletyres.com.au/wp-content/uploads/2025/10/pirelli-powergy.jpg,,,,,,,,,0,PIRELLI,"Product IP",4007000,1,1,"Tyre Type",CAR,1,1,Pattern,POWERGY,1,1,Size,"225/45R17 94W",1,1,Width,225,1,1,Profile,45,1,1,Diameter,17,1,1,"Load Index",94,1,1,"Speed Rating",W,1,1,"Rim Size",R17,1,1,,,"Pirelli Powergy","Pirelli Powergy Tyre | Fuel Efficient & Comfortable Ride","Buy Pirelli Powergy 4007000 tyres for fuel efficiency, strong wet grip and smooth comfort. Ideal for daily driving with reliable performance and safety.",64,90,1,POWERGY,"225/45R17 94W",,,,,,,,,,,,,,,,,
176,simple,,,"Zeta  Alventi - ZETAMS03.037.03",1,0,visible,"New designed Asymmetric tread pattern , enhanced UHP tyre block stiffness for heavy loads, and ensure vehicle has been controlled perfect under any road conditions.\n\n<strong>KEY FEATURES:</strong>\n<ul class=""list"">\n<li>Optimized pitch variance design & tread formula with high silica rubber reduces noise, innovative grip, improved mileage as well.</li>\n<li>4 straight grooves provide excellent smooth water dispersion and high levels of wet handling.</li>\n<li>Three solid longitudinal ribs improved braking and linear stability during high speed.</li>\n</ul>",,,,taxable,,1,,,0,0,,,,,1,,,119.00,Tyres,2255017,,https://www.tiromobiletyres.com.au/wp-content/uploads/2025/10/Zeta-Alventi-img.jpg,,,,,,,,,0,ZETA,"Product IP",ZETAMS03.037.03,1,1,"Tyre Type",UHP,1,1,Pattern,ALVENTI,1,1,Size,"225/50R17 98Y",1,1,Width,225,1,1,Profile,50,1,1,Diameter,17,1,1,"Load Index",98,1,1,"Speed Rating",Y,1,1,"Rim Size",R17,1,1,,,"Zeta Alventi","Zeta Alventi Tyre | Budget Performance & Smooth Ride","Buy Zeta Alventi tyres for strong grip, smooth handling and quiet comfort. A budget‑friendly choice offering reliable everyday driving performance.",56,90,1,ALVENTI,"225/50R17 98Y",,,,,,,,,,,,,,,,,
177,simple,,,"Zeta  Alventi - ZETAMS03.037.04",1,0,visible,"New designed Asymmetric tread pattern , enhanced UHP tyre block stiffness for heavy loads, and ensure vehicle has been controlled perfect under any road conditions.\n\n<strong>KEY FEATURES:</strong>\n<ul class=""list"">\n<li>Optimized pitch variance design & tread formula with high silica rubber reduces noise, innovative grip, improved mileage as well.</li>\n<li>4 straight grooves provide excellent smooth water dispersion and high levels of wet handling.</li>\n<li>Three solid longitudinal ribs improved braking and linear stability during high speed.</li>\n</ul>",,,,taxable,,1,,,0,0,,,,,1,,,163.62,Tyres,"2255017, Runflat",,https://www.tiromobiletyres.com.au/wp-content/uploads/2025/10/Zeta-Alventi-img.jpg,,,,,,,,,0,ZETA,"Product IP",ZETAMS03.037.04,1,1,"Tyre Type",RUNFLAT,1,1,Pattern,ALVENTI,1,1,Size,"225/50ZR17 94W",1,1,Width,225,1,1,Profile,50,1,1,Diameter,17,1,1,"Load Index",94,1,1,"Speed Rating",W,1,1,"Rim Size",R17,1,1,,,"Zeta Alventi","Zeta Alventi Tyre | Budget Performance & Smooth Comfort","Buy Zeta Alventi tyres for strong grip, smooth handling & quiet ride. Great value choice for everyday driving with reliable wet and dry performance.",54,90,1,ALVENTI,"225/50ZR17 94W",,,,,,,,,,,,,,,,,
178,simple,,,"Pirelli  Cinturato P7 - 2377100",1,0,visible,"Pirelli's first Green Performance tyre, CINTURATO  P7 has been created to take full advantage of latest materials, structures and tread pattern design in order to guarantee savings, respect for the environment, comfort and safety on all road surfaces. Pirelli CINTURATO P7 is on the top in 2010 ADAC summer tyre test confirming its leadership in terms of performance, safety and eco-compatibility.\n\n","<strong>Features:</strong>\n<ul class=""list"">\n<li>ENERGY EFFICIENT: Reduces fuel consumption and CO2 emissions.</li>\n<li>CLEAN AIR: Made from eco-compatible materials that minimise environmental impact, both at the production stage and throughout the life of the tyre.</li>\n<li>HIGH MILEAGE: Longer lasting tyre that maintains high levels of performance and safety.</li>\n<li>LOW NOISE: Already complies with the 2012 EU Regulation on the reduction of noise, resulting in improved driving comfort.</li>\n<li>Key Homologations: Alfa Romeo, Audi, BMW, Mercedes, MINI, Peugeot, Skoda, Volkswagen</li>\n</ul>",,,taxable,,1,,,0,0,,,,,1,,,175.00,Tyres,2255017,,https://www.tiromobiletyres.com.au/wp-content/uploads/2025/10/pirelli-cinturato-p7img.jpg,,,,,,,,,0,PIRELLI,"Product IP",2377100,1,1,"Tyre Type",UHP,1,1,Pattern,"CINTURATO P7",1,1,Size,"Romania225/50R17 94W",1,1,Width,225,1,1,Profile,50,1,1,Diameter,17,1,1,"Load Index",94,1,1,"Speed Rating",W,1,1,"Rim Size",R17,1,1,,,"Pirelli Cinturato P7","Pirelli Cinturato P7 Tyre | Fuel Efficient & Comfort Ride","Buy Pirelli Cinturato P7 tyres for fuel efficiency, strong grip and smooth, comfortable driving. Ideal for everyday road use with reliable performance and safety.",57,90,1,"CINTURATO P7","Romania225/50R17 94W",,,,,,,,,,,,,,,,,
180,simple,,,"Winrun  R330 - W32617",1,0,visible,,"An Ultra High Performance tyre designed for use on passenger cars\n\n<strong>Key Features</strong>\n<ul class=""list"">\n<li>Asymmetric UHP pattern</li>\n<li>Advanced silica compound</li>\n<li>Anti-hydroplaning design for main grooves</li>\n<li>Improved braking distance and reduced driving noise</li>\n<li>Excellent performance in wet & dry handling</li>\n</ul>",,,taxable,,1,,,0,0,,,,,1,,,190.00,Tyres,2255017,,https://www.tiromobiletyres.com.au/wp-content/uploads/2025/10/winrun-r17.jpg,,,,,,,,,0,WINRUN,"Product IP",W32617,1,1,"Tyre Type",UHP,1,1,Pattern,R330,1,1,Size,"225/50R17 98W",1,1,Width,225,1,1,Profile,50,1,1,Diameter,17,1,1,"Load Index",98,1,1,"Speed Rating",W,1,1,"Rim Size",R17,1,1,,,"Winrun R330","Winrun R330 Tyre | Budget Grip & Smooth Everyday Drive","Buy Winrun R330 tyres for balanced grip, reliable handling and comfortable everyday driving. Great value choice with dependable performance and traction.",59,90,1,R330,"225/50R17 98W",,,,,,,,,,,,,,,,,
182,simple,,,"Zeta  Alventi - ZETAMS03.050.03",1,0,visible,"New designed Asymmetric tread pattern , enhanced UHP tyre block stiffness for heavy loads, and ensure vehicle has been controlled perfect under any road conditions.\n\n<strong>KEY FEATURES:</strong>\n<ul class=""list"">\n<li>Optimized pitch variance design & tread formula with high silica rubber reduces noise, innovative grip, improved mileage as well.</li>\n<li>4 straight grooves provide excellent smooth water dispersion and high levels of wet handling.</li>\n<li>Three solid longitudinal ribs improved braking and linear stability during high speed.</li>\n</ul>",,,,taxable,,1,,,0,0,,,,,1,,,127.00,Tyres,2255517,,https://www.tiromobiletyres.com.au/wp-content/uploads/2025/10/Zeta-Alventi-img.jpg,,,,,,,,,0,ZETA,"Product IP",ZETAMS03.050.03,1,1,"Tyre Type",UHP,1,1,Pattern,ALVENTI,1,1,Size,"225/55R17 101W",1,1,Width,225,1,1,Profile,55,1,1,Diameter,17,1,1,"Load Index",101,1,1,"Speed Rating",W,1,1,"Rim Size",R17,1,1,,,"Zeta Alventi","Zeta Alventi Tyre | Budget Performance & Smooth Drive","Buy Zeta Alventi tyres for strong grip, smooth handling & low noise. A budget-friendly choice for reliable everyday driving performance.",61,90,1,ALVENTI,"225/55R17 101W",,,,,,,,,,,,,,,,,
185,simple,,,"Zeta  Ztr10 - ZTAMS0178",1,0,visible,"<strong>Features:</strong>\n<ul class=""list"">\n<li>Elegant directional pattern, with ultra low profile design for cars with top speeds exceeding rate, and produced in technical series 55-35 and above 16"".</li>\n<li>Optimum balance between extreme performance, comfort, low noise, and outstanding wet grip.</li>\n<li>Superb road holding and maximum speed of response in any condition of high speed driving, and full range rim protector available</li>\n</ul>",,,,taxable,,1,,,0,0,,,,,0,,,169.00,Tyres,"2255517, Runflat",,https://www.tiromobiletyres.com.au/wp-content/uploads/2025/10/ZETA_ZTR10.jpg,,,,,,,,,0,ZETA,"Product IP",ZTAMS0178,1,1,"Tyre Type",RUNFLAT,1,1,Pattern,ZTR10,1,1,Size,"225/55R17 97Y",1,1,Width,225,1,1,Profile,55,1,1,Diameter,17,1,1,"Load Index",97,1,1,"Speed Rating",Y,1,1,"Rim Size",R17,1,1,,,"Zeta Ztr10","Zeta ZTR10 Tyre | Budget Performance & Smooth Drive","Buy Zeta ZTR10 tyres for reliable performance, smooth handling & strong grip. Ideal for everyday driving with budget-friendly value and comfort.",59,90,1,ZTR10,"225/55R17 97Y",,,,,,,,,,,,,,,,,
187,simple,,,"Zeta  Alventi - ZETAMS03.050.04",1,0,visible,"New designed Asymmetric tread pattern , enhanced UHP tyre block stiffness for heavy loads, and ensure vehicle has been controlled perfect under any road conditions.\n\n<strong>Features:</strong>\n<ul class=""list"">\n<li>Optimized pitch variance design & tread formula with high silica rubber reduces noise, innovative grip, improved mileage as well.</li>\n<li>4 straight grooves provide excellent smooth water dispersion and high levels of wet handling.</li>\n<li>Three solid longitudinal ribs improved braking and linear stability during high speed.</li>\n</ul>",,,,taxable,,1,,,0,0,,,,,0,,,169.00,Tyres,"2255517, Runflat",,https://www.tiromobiletyres.com.au/wp-content/uploads/2025/10/Zeta-Alventi-img.jpg,,,,,,,,,0,ZETA,"Product IP",ZETAMS03.050.04,1,1,"Tyre Type",RUNFLAT,1,1,Pattern,ALVENTI,1,1,Size,"225/55ZR17 97Y",1,1,Width,225,1,1,Profile,55,1,1,Diameter,17,1,1,"Load Index",97,1,1,"Speed Rating",Y,1,1,"Rim Size",R17,1,1,,,"Zeta Alventi","Zeta Alventi Tyre | Budget Performance & Smooth Ride","Buy Zeta Alventi tyres for strong grip, smooth handling & low noise. Ideal for everyday driving with reliable wet performance & great value.",59,90,1,ALVENTI,"225/55ZR17 97Y",,,,,,,,,,,,,,,,,
230,simple,,,"Maxxis  Mcv5 - 1382022",1,0,visible,,,,,taxable,,1,,,0,0,,,,,0,,,158.57,Tyres,165R13C,,https://www.tiromobiletyres.com.au/wp-content/uploads/2025/12/MAXXIS-MCV5-img.webp,,,,,,,,,0,MAXXIS,"Product IP",1382022,1,1,"Tyre Type","LIGHT TRUCK",1,1,Pattern,MCV5,1,1,Size,"165R13C 94/93R",1,1,Width,165,1,1,Profile,R,1,1,Diameter,13,1,1,"Load Index",94/93,1,1,"Speed Rating",R,1,1,,,,,,,"Maxxis Mcv5","Maxxis MCV5 Tyre | Commercial Van & Ute Performance","Buy Maxxis MCV5 tyres for vans & utes. Enjoy strong grip, durability & fuel efficiency with reliable performance for commercial driving needs.",59,90,1,MCV5,"165R13C 94/93R",,,,,,,,,,,,,,,,,
236,simple,,,"Nexen  Np Sh9i - 18386NXC",1,0,visible,,,,,taxable,,1,,,0,0,,,,,1,,,98.00,Tyres,1556513,,https://www.tiromobiletyres.com.au/wp-content/uploads/2025/12/NEXEN-NP-SH9I.jpg,,,,,,,,,0,NEXEN,"Product IP",18386NXC,1,1,Pattern,"NP SH9I",1,1,Size,"155/65R13 73T",1,1,Width,155,1,1,Profile,65,1,1,Diameter,13,1,1,"Load Index",73,1,1,"Speed Rating",T,1,1,,,,,,,,,,,"Nexen Np Sh9i","Nexen NP SH9i Tyre | All‑Season Comfort & Reliable Grip","Buy Nexen NP SH9i tyres for all‑season comfort, balanced grip & strong wet performance. Ideal for everyday driving with smooth handling and value.",61,90,1,"NP SH9I","155/65R13 73T",,,,,,,,,,,,,,,,,
238,simple,,,"Nankang  Na1 - NA1556513NA1",1,0,visible,,"<strong>Key Features:</strong>\n<ul class=""list"">\n<li>New breed fuel efficient design</li>\n<li>Minimized rolling resistance</li>\n<li>Economical driving</li>\n<li>Inch 15/16/19</li>\n<li>Series 55-70 series</li>\n</ul>",,,taxable,,1,,,0,0,,,,,1,,,116.60,Tyres,1556513,,https://www.tiromobiletyres.com.au/wp-content/uploads/2025/12/NANKANG-NA-1img.jpg,,,,,,,,,0,NANKANG,"Product IP",NA1556513NA1,1,1,"Tyre Type",PASSENGER,1,1,Pattern,NA1,1,1,Size,"155/65R13 73T",1,1,Width,155,1,1,Profile,65,1,1,Diameter,13,1,1,"Load Index",73,1,1,"Speed Rating",T,1,1,,,,,,,"Nankang Na1","Nankang NA-1 Tyre | Budget Comfort & Fuel Efficiency","Buy Nankang NA-1 tyres for smooth comfort, fuel efficiency & reliable grip. Ideal for daily driving with low noise and long-lasting performance.",53,90,1,NA1,"155/65R13 73T",,,,,,,,,,,,,,,,,
240,simple,,,"Maxxis  Map3 - 1365012",1,0,visible,,,,,taxable,,1,,,0,0,,,,,0,,,161.61,Tyres,1556513,,https://www.tiromobiletyres.com.au/wp-content/uploads/2025/12/MAXXIS-MAP3-img.jpg,,,,,,,,,0,MAXXIS,"Product IP",1365012,1,1,"Tyre Type","PASSENGER CAR",1,1,Pattern,MAP3,1,1,Size,"155/65R13 73T",1,1,Width,155,1,1,Profile,65,1,1,Diameter,13,1,1,"Load Index",73,1,1,"Speed Rating",T,1,1,,,,,,,"Maxxis Map3","Maxxis MAP3 Tyre | Quiet Ride & Reliable Performance","Buy Maxxis MAP3 tyres for quiet driving, strong grip & stable braking. Ideal for everyday use with comfort, durability & reliable performance.",59,90,1,MAP3,"155/65R13 73T",,,,,,,,,,,,,,,,,
242,simple,,,"Zeta  Ztr50- ZTAMS323",1,0,visible,,"<strong>Features:</strong>\n<ul class=""list"">\n<li>Special profile design has been adopted to increase tyre rigidity and driving comfort, high-speed stability and safety.</li>\n<li>Pitch pattern designed by computer-simulated calculation reduces the noise generation.</li>\n<li>Innovative tread compound provides better all-season grip, lower rolling resistance and improved mileage.</li>\n</ul>",,,taxable,,1,,,0,0,,,,,0,,,84.00,Tyres,1557013,,https://www.tiromobiletyres.com.au/wp-content/uploads/2025/12/ZETA-ZTR50-img.jpg,,,,,,,,,0,ZETA,"Product IP",ZTAMS323,1,1,"Tyre Type",PCR,1,1,Pattern,ZTR50,1,1,Size,"155/70R13 79T",1,1,Width,155,1,1,Profile,70,1,1,Diameter,13,1,1,"Load Index",79,1,1,"Speed Rating",T,1,1,,,,,,,"Zeta Ztr50","Zeta ZTR50 Tyre | Budget Comfort & Reliable Grip","Buy Zeta ZTR50 tyres for smooth comfort, strong grip & long tread life. Ideal for everyday driving with stable handling and budget-friendly value.",59,90,1,ZTR50,"155/70R13 79T",,,,,,,,,,,,,,,,,
244,simple,,,"Nexen  N'blue Hd Plus - 15095NXK",1,0,visible,,,,,taxable,,1,,,0,0,,,,,1,,,104.93,Tyres,1557013,,https://www.tiromobiletyres.com.au/wp-content/uploads/2025/12/NEXEN-NBLUE-HD-PLUS-img.jpg,,,,,,,,,0,NEXEN,"Product IP",15095NXK,1,1,Pattern,"N'BLUE HD PLUS",1,1,Size,"155/70R13 75T",1,1,Width,155,1,1,Profile,70,1,1,Diameter,13,1,1,"Load Index",75,1,1,"Speed Rating",T,1,1,,,,,,,,,,,,,,,,,"N'BLUE HD PLUS","155/70R13 75T",,,,,,,,,,,,,,,,,
245,simple,,,"Roadshine  Rs907 - RO1557013",1,0,visible,,"<strong>Features</strong>\n<ul class=""list"">\n<li>Outside strong blocks design enables the tyre to follow the road's surface more closely, hleps to reduce blocks deformation while speed corneringand enhances steering precision &better grip.</li>\n<li>Inside wide rib grooves ensures effective water dispersion.Sequential bolcks design improves tread rib hardness, enhances braking performance.</li>\n<li>Wide rib grooves effectively removes water, provides shorter braking distances and safer handling on wet roads.</li>\n<li>Racing compound technology provides superior grip performance on wet road surfaces.</li>\n</ul>",,,taxable,,1,,,0,0,,,,,1,,,105.00,Tyres,1557013,,https://www.tiromobiletyres.com.au/wp-content/uploads/2025/12/ROADSHINE-RS907img.jpg,,,,,,,,,0,ROADSHINE,"Product IP",RO1557013,1,1,"Tyre Type",PCR,1,1,Pattern,RS907,1,1,Size,"155/70/13 75T",1,1,Width,155,1,1,Profile,70,1,1,Diameter,13,1,1,"Load Index",75,1,1,"Speed Rating",T,1,1,,,,,,,,,,,,,RS907,"155/70/13 75T",,,,,,,,,,,,,,,,,
248,simple,,,"Nankang  Na1 - NA1557013NA1",1,0,visible,,"<strong>Key Features:</strong>\n<ul class=""list"">\n<li>New breed fuel efficient design</li>\n<li>Minimized rolling resistance</li>\n<li>Economical driving</li>\n<li>Inch 15/16/19</li>\n<li>Series 55-70 series</li>\n</ul>",,,taxable,,1,,,0,0,,,,,1,,,114.46,Tyres,1557013,,https://www.tiromobiletyres.com.au/wp-content/uploads/2025/12/NANKANG-NA-1img.jpg,,,,,,,,,0,NANKANG,"Product IP",NA1557013NA1,1,1,"Tyre Type",PASSENGER,1,1,Pattern,NA1,1,1,Size,"155/70R13 75T",1,1,Width,155,1,1,Profile,70,1,1,Diameter,13,1,1,"Load Index",75,1,1,"Speed Rating",T,1,1,,,,,,,,,,,,,NA1,"155/70R13 75T",,,,,,,,,,,,,,,,,
249,simple,,,"Zeta  Ztr50- ZTAMS329",1,0,visible,,"<strong>Features:</strong>\n<ul class=""list"">\n<li>Special profile design has been adopted to increase tyre rigidity and driving comfort, high-speed stability and safety.</li>\n<li>Pitch pattern designed by computer-simulated calculation reduces the noise generation.</li>\n<li>Innovative tread compound provides better all-season grip, lower rolling resistance and improved mileage.</li>\n</ul>",,,taxable,,1,,,0,0,,,,,0,,,81.69,Tyres,1656513,,https://www.tiromobiletyres.com.au/wp-content/uploads/2025/12/ZETA-ZTR50-img.jpg,,,,,,,,,0,ZETA,"Product IP",ZTAMS329,1,1,"Tyre Type",PCR,1,1,Pattern,ZTR50,1,1,Size,"165/65R13 77H",1,1,Width,165,1,1,Profile,65,1,1,Diameter,13,1,1,"Load Index",77,1,1,"Speed Rating",H,1,1,,,,,,,,,,,,,ZTR50,"165/65R13 77H",,,,,,,,,,,,,,,,,
250,simple,,,"Nankang  Na1 - NA1656513NA1",1,0,visible,,"<strong>Key Features:</strong>\n<ul class=""list"">\n<li>New breed fuel efficient design</li>\n<li>Minimized rolling resistance</li>\n<li>Economical driving</li>\n<li>Inch 15/16/19</li>\n<li>Series 55-70 series</li>\n</ul>",,,taxable,,1,,,0,0,,,,,1,,,117.67,Tyres,1656513,,https://www.tiromobiletyres.com.au/wp-content/uploads/2025/12/NANKANG-NA-1img.jpg,,,,,,,,,0,NANKANG,"Product IP",NA1656513NA1,1,1,"Tyre Type",PASSENGER,1,1,Pattern,NA1,1,1,Size,"165/65R13 77H",1,1,Width,165,1,1,Profile,65,1,1,Diameter,13,1,1,"Load Index",77,1,1,"Speed Rating",H,1,1,,,,,,,,,,,,,NA1,"165/65R13 77H",,,,,,,,,,,,,,,,,
251,simple,,,"Nexen  Np Sh9i - 13821NXC",1,0,visible,,,,,taxable,,1,,,0,0,,,,,1,,,100.49,Tyres,1656513,,https://www.tiromobiletyres.com.au/wp-content/uploads/2025/10/Nexen-Npriz-Sh9i.webp,,,,,,,,,0,NEXEN,"Product IP",13821NXC,1,1,Pattern,"NP SH9I",1,1,Size,"165/65R13 77H",1,1,Width,165,1,1,Profile,65,1,1,Diameter,13,1,1,"Load Index",77,1,1,"Speed Rating",H,1,1,,,,,,,,,,,,,,,,,"NP SH9I","165/65R13 77H",,,,,,,,,,,,,,,,,
252,simple,,,"Maxxis  Map3 - 1365032",1,0,visible,,,,,taxable,,1,,,0,0,,,,,0,,,158.57,Tyres,1656513,,https://www.tiromobiletyres.com.au/wp-content/uploads/2025/12/MAXXIS-MAP3-img.jpg,,,,,,,,,0,MAXXIS,"Product IP",1365032,1,1,"Tyre Type","PASSENGER CAR",1,1,Pattern,MAP3,1,1,Size,"165/65R13 77H",1,1,Width,165,1,1,Profile,65,1,1,Diameter,13,1,1,"Load Index",77,1,1,"Speed Rating",H,1,1,,,,,,,,,,,,,MAP3,"165/65R13 77H",,,,,,,,,,,,,,,,,
253,simple,,,"Zeta  Ztr50 - ZTAMS324",1,0,visible,,"<strong>Features:</strong>\n<ul class=""list"">\n<li>Special profile design has been adopted to increase tyre rigidity and driving comfort, high-speed stability and safety.</li>\n<li>Pitch pattern designed by computer-simulated calculation reduces the noise generation.</li>\n<li>Innovative tread compound provides better all-season grip, lower rolling resistance and improved mileage.</li>\n</ul>",,,taxable,,1,,,0,0,,,,,0,,,89.01,Tyres,1657013,,https://www.tiromobiletyres.com.au/wp-content/uploads/2025/12/ZETA-ZTR50-img.jpg,,,,,,,,,0,ZETA,"Product IP",ZTAMS324,1,1,"Tyre Type",PCR,1,1,Pattern,ZTR50,1,1,Size,"165/70R13 79T",1,1,Width,165,1,1,Profile,70,1,1,Diameter,13,1,1,"Load Index",79,1,1,"Speed Rating",T,1,1,,,,,,,,,,,,,ZTR50,"165/70R13 79T",,,,,,,,,,,,,,,,,
254,simple,,,"Nexen  Np Sh9i - 13238NXC",1,0,visible,,,,,taxable,,1,,,0,0,,,,,1,,,102.17,Tyres,1657013,,https://www.tiromobiletyres.com.au/wp-content/uploads/2025/10/Nexen-Npriz-Sh9i.webp,,,,,,,,,0,NEXEN,"Product IP",13238NXC,1,1,Pattern,"NP SH9I",1,1,Size,"165/70R13 79T",1,1,Width,165,1,1,Profile,70,1,1,Diameter,13,1,1,"Load Index",79,1,1,"Speed Rating",T,1,1,,,,,,,,,,,,,,,,,"NP SH9I","165/70R13 79T",,,,,,,,,,,,,,,,,
255,simple,,,"Nankang  Na1 - NA1657013NA1",1,0,visible,,"<strong>Key Features:</strong>\n<ul class=""list"">\n<li>New breed fuel efficient design</li>\n<li>Minimized rolling resistance</li>\n<li>Economical driving</li>\n<li>Inch 15/16/19</li>\n<li>Series 55-70 series</li>\n</ul>",,,taxable,,1,,,0,0,,,,,1,,,117.67,Tyres,1657013,,https://www.tiromobiletyres.com.au/wp-content/uploads/2025/12/NANKANG-NA-1img.jpg,,,,,,,,,0,NANKANG,"Product IP",NA1657013NA1,1,1,"Tyre Type",PASSENGER,1,1,Pattern,NA1,1,1,Size,"165/70R13 83T",1,1,Width,165,1,1,Profile,70,1,1,Diameter,13,1,1,"Load Index",83,1,1,"Speed Rating",T,1,1,,,,,,,,,,,,,NA1,"165/70R13 83T",,,,,,,,,,,,,,,,,
256,simple,,,"Bridgestone  Ecopia Ep150 - 11003741",1,0,visible,,"The EP150 is a tyre that truly reflects Bridgestone's advanced technology and commitment to innovation. This low rolling resistance tyre is designed to deliver excellent fuel economy and low noise while maintaining Bridgestone's renowned safety standards.\n\n<strong>Features:</strong>\n<ul class=""list"">\n<li>Excellent braking performance</li>\n<li>Improved fuel efficiency</li>\n<li>Low noise for a quieter, more comfortable ride</li>\n<li>Superior wear resistance</li>\n<li>Exceptional handling in hazardous, wet conditions</li>\n</ul>",,,taxable,,1,,,0,0,,,,,1,,,130.01,Tyres,1657013,,https://www.tiromobiletyres.com.au/wp-content/uploads/2025/12/BRIDGESTONE-EP150.jpg,,,,,,,,,0,BRIDGESTONE,"Product IP",11003741,1,1,"Tyre Type",PCR,1,1,Pattern,"ECOPIA EP150",1,1,Size,"165/70R13 79S",1,1,Width,165,1,1,Profile,70,1,1,Diameter,13,1,1,"Load Index",79,1,1,"Speed Rating",S,1,1,,,,,,,,,,,,,"ECOPIA EP150","165/70R13 79S",,,,,,,,,,,,,,,,,
258,simple,,,"Comforser  Cf3000 Mud-terrain - 1658013CF3000",1,0,visible,,,,,taxable,,1,,,0,0,,,,,1,,,140.00,"Mud Terrain, Tyres","1658013, M/T",,https://www.tiromobiletyres.com.au/wp-content/uploads/2025/12/COMFORSER-CF3000-MUD-TERRAIN-img.jpg,,,,,,,,,0,COMFORSER,"Product IP",1658013CF3000,1,1,"Tyre Type",4X4,1,1,Pattern,"CF3000 MUD-TERRAIN",1,1,Size,"165/80R13 94S",1,1,Width,165,1,1,Profile,80,1,1,Diameter,13,1,1,"Load Index",94,1,1,"Speed Rating",S,1,1,,,,,,,,,,,,,"CF3000 MUD-TERRAIN","165/80R13 94S",,,,,,,,,,,,,,,,,
262,simple,,,"Nankang  Na1 - NA1756013NA1",1,0,visible,,"<strong>Key Features:</strong>\n<ul class=""list"">\n<li>New breed fuel efficient design</li>\n<li>Minimized rolling resistance</li>\n<li>Economical driving</li>\n<li>Inch 15/16/19</li>\n<li>Series 55-70 series</li>\n</ul>",,,taxable,,1,,,0,0,,,,,1,,,124.11,Tyres,1756013,,https://www.tiromobiletyres.com.au/wp-content/uploads/2025/12/NANKANG-NA-1img.jpg,,,,,,,,,0,NANKANG,"Product IP",NA1756013NA1,1,1,"Tyre Type",PASSENGER,1,1,Pattern,NA1,1,1,Size,"175/60R13 77H",1,1,Width,175,1,1,Profile,60,1,1,Diameter,13,1,1,"Load Index",77,1,1,"Speed Rating",H,1,1,,,,,,,,,,,,,NA1,"175/60R13 77H",,,,,,,,,,,,,,,,,
263,simple,,,"Nankang  XR611 - NAMS355",1,0,visible,,"<strong>Key Features:</strong>\n<ul class=""list"">\n<li>Multipitch non-directional design</li>\n<li>Enhanced grip and stability</li>\n<li>Quiet, comfortable ride</li>\n<li>Inch 12-18</li>\n<li>Series 45-70/80</li>\n</ul>",,,taxable,,1,,,0,0,,,,,1,,,117.00,Tyres,1756013,,https://www.tiromobiletyres.com.au/wp-content/uploads/2025/12/NANKANG-XR611-img.jpg,,,,,,,,,0,NANKANG,"Product IP",NAMS355,1,1,"Tyre Type",UHP,1,1,Pattern,XR611,1,1,Size,"175/60R13 79H",1,1,Width,175,1,1,Profile,60,1,1,Diameter,13,1,1,"Load Index",79,1,1,"Speed Rating",H,1,1,,,,,,,,,,,,,XR611,"175/60R13 79H",,,,,,,,,,,,,,,,,
265,simple,,,"Nankang  NS2R - NA1756013NS2R",1,0,visible,,"<strong>Key Features:</strong>\n<ul class=""list"">\n<li>New semi-slick sport performance</li>\n<li>Racing and street compounds</li>\n<li>Treadwear: 120 (Track); 180 (Street)</li>\n<li>Inch 15-18, 20</li>\n<li>Series 35-65</li>\n</ul>",,,taxable,,1,,,0,0,,,,,1,,,198.86,Tyres,1756013,,https://www.tiromobiletyres.com.au/wp-content/uploads/2025/12/NANKANG-NS2R-img.jpg,,,,,,,,,0,NANKANG,"Product IP",NA1756013NS2R,1,1,"Tyre Type",PCR,1,1,Pattern,NS2R,1,1,Size,"175/60R13 77V",1,1,Width,175,1,1,Profile,60,1,1,Diameter,13,1,1,"Load Index",77,1,1,"Speed Rating",V,1,1,,,,,,,,,,,,,NS2R,"175/60R13 77V",,,,,,,,,,,,,,,,,
267,simple,,,"Zeta  Ztr50 - ZTAMS390",1,0,visible,,"<strong>Features:</strong>\n<ul class=""list"">\n<li>Special profile design has been adopted to increase tyre rigidity and driving comfort, high-speed stability and safety.</li>\n<li>Pitch pattern designed by computer-simulated calculation reduces the noise generation.</li>\n<li>Innovative tread compound provides better all-season grip, lower rolling resistance and improved mileage.</li>\n</ul>",,,taxable,,1,,,0,0,,,,,0,,,92.00,Tyres,1757013,,https://www.tiromobiletyres.com.au/wp-content/uploads/2025/12/ZETA-ZTR50-img.jpg,,,,,,,,,0,ZETA,"Product IP",ZTAMS390,1,1,"Tyre Type",PCR,1,1,Pattern,ZTR50,1,1,Size,"175/70R13 82H",1,1,Width,175,1,1,Profile,70,1,1,Diameter,13,1,1,"Load Index",82,1,1,"Speed Rating",H,1,1,,,,,,,,,,,,,ZTR50,"175/70R13 82H",,,,,,,,,,,,,,,,,
268,simple,,,"Maxxis  Map3 - 1370072",1,0,visible,,,,,taxable,,1,,,0,0,,,,,0,,,128.00,Tyres,1757013,,https://www.tiromobiletyres.com.au/wp-content/uploads/2025/12/MAXXIS-MAP3-img.jpg,,,,,,,,,0,MAXXIS,"Product IP",1370072,1,1,"Tyre Type","PASSENGER CAR",1,1,Pattern,MAP3,1,1,Size,"175/70R13 82H",1,1,Width,175,1,1,Profile,70,1,1,Diameter,13,1,1,"Load Index",82,1,1,"Speed Rating",H,1,1,,,,,,,,,,,,,MAP3,"175/70R13 82H",,,,,,,,,,,,,,,,,
269,simple,,,"Nexen  Np Sh9i - 13239NXC",1,0,visible,,,,,taxable,,1,,,0,0,,,,,1,,,95.18,Tyres,1757013,,https://www.tiromobiletyres.com.au/wp-content/uploads/2025/10/Nexen-Npriz-Sh9i.webp,,,,,,,,,0,NEXEN,"Product IP",13239NXC,1,1,Pattern,"NP SH9I",1,1,Size,"175/70R13 82H",1,1,Width,175,1,1,Profile,70,1,1,Diameter,13,1,1,"Load Index",82,1,1,"Speed Rating",H,1,1,,,,,,,,,,,,,,,,,"NP SH9I","175/70R13 82H",,,,,,,,,,,,,,,,,
270,simple,,,"Hankook  Kinergy Eco2 K435 - 1024878",1,0,visible,,"<strong>The smart choice for driver and environment</strong>",,,taxable,,1,,,0,0,,,,,1,,,107.97,Tyres,1757013,,https://www.tiromobiletyres.com.au/wp-content/uploads/2025/12/HANKOOK-KINERGY-ECO2-K435-img.jpg,,,,,,,,,0,HANKOOK,"Product IP",1024878,1,1,"Tyre Type",PCR,1,1,Pattern,"KINERGY ECO2 K435",1,1,Size,"175/70R13 82T",1,1,Width,175,1,1,Profile,70,1,1,Diameter,13,1,1,"Load Index",82,1,1,"Speed Rating",T,1,1,,,,,,,,,,,,,"KINERGY ECO2 K435","175/70R13 82T",,,,,,,,,,,,,,,,,
272,simple,,,"Nankang  NS2R - NA1856013STREET",1,0,visible,,"<strong>Key Features:</strong>\n<ul class=""list"">\n<li>New semi-slick sport performance</li>\n<li>Racing and street compounds</li>\n<li>Treadwear: 120 (Track); 180 (Street)</li>\n<li>Inch 15-18, 20</li>\n<li>Series 35-65</li>\n</ul>",,,taxable,,1,,,0,0,,,,,1,,,192.15,Tyres,1856013,,https://www.tiromobiletyres.com.au/wp-content/uploads/2025/12/NANKANG-NS2R-img.jpg,,,,,,,,,0,NANKANG,"Product IP",NA1856013STREET,1,1,"Tyre Type",UHP,1,1,Pattern,NS2R,1,1,Size,"185/60R13 84V",1,1,Width,185,1,1,Profile,60,1,1,Diameter,13,1,1,"Load Index",84,1,1,"Speed Rating",V,1,1,,,,,,,,,,,,,NS2R,"185/60R13 84V",,,,,,,,,,,,,,,,,
273,simple,,,"Nankang  Ar1 - NA1856013AR1",1,0,visible,,"<strong>Key Features:</strong>\n<ul class=""list"">\n<li>Brand new semi-slick comp tyre</li>\n<li>Sticky compound</li>\n<li>Treadwear: 80</li>\n<li>Inch 13-20</li>\n<li>Series 30-50/60</li>\n</ul>",,,taxable,,1,,,0,0,,,,,1,,,219.64,Tyres,1856013,,https://www.tiromobiletyres.com.au/wp-content/uploads/2025/12/NANKANG-AR1-img.jpg,,,,,,,,,0,NANKANG,"Product IP",NA1856013AR1,1,1,"Tyre Type","Semi Slick",1,1,Pattern,AR1,1,1,Size,"185/60R13 80V",1,1,Width,185,1,1,Profile,60,1,1,Diameter,13,1,1,"Load Index",80,1,1,"Speed Rating",V,1,1,,,,,,,,,,,,,AR1,"185/60R13 80V",,,,,,,,,,,,,,,,,
275,simple,,,"Nankang Na1 - NA1856013NA1",1,0,visible,,"<strong>Key Features:</strong>\n<ul class=""list"">\n<li>New breed fuel efficient design</li>\n<li>Minimized rolling resistance</li>\n<li>Economical driving</li>\n<li>Inch 15/16/19</li>\n<li>Series 55-70 series</li>\n</ul>",,,taxable,,1,,,0,0,,,,,1,,,130.54,Tyres,1856013,,https://www.tiromobiletyres.com.au/wp-content/uploads/2025/12/NANKANG-NA-1img.jpg,,,,,,,,,0,NANKANG,"Product IP",NA1856013NA1,1,1,"Tyre Type",PASSENGER,1,1,Pattern,NA1,1,1,Size,"185/60R13 80H",1,1,Width,185,1,1,Profile,60,1,1,Diameter,13,1,1,"Load Index",80,1,1,"Speed Rating",H,1,1,,,,,,,,,,,,,NA1,"185/60R13 80H",,,,,,,,,,,,,,,,,
276,simple,,,"Yokohama Advan A052 - 1856013A052",1,0,visible,,"Nothing rewards your passion for extreme grip and high speeds like the all-new ADVAN A052 from Yokohama. A statement on the street and a standout on the track, its race-inspired BluEarth engineering gives you the handling, wet traction and grip to blow past the competition.",,,taxable,,1,,,0,0,,,,,1,,,278.52,Tyres,1856013,,https://www.tiromobiletyres.com.au/wp-content/uploads/2025/12/YOKOHAMA-ADVAN-A052-img.jpg,,,,,,,,,0,YOKOHAMA,"Product IP",1856013A052,1,1,"Tyre Type",PC,1,1,Pattern,"ADVAN A052",1,1,Size,"185/60R13 80V",1,1,Width,185,1,1,Profile,60,1,1,Diameter,13,1,1,"Load Index",80,1,1,"Speed Rating",V,1,1,,,,,,,,,,,,,"ADVAN A052","185/60R13 80V",,,,,,,,,,,,,,,,,
281,simple,,,"General  Altimax Gs5 - 1554870",1,0,visible,,,,,taxable,,1,,,0,0,,,,,0,,,159.00,Tyres,2255517,,https://www.tiromobiletyres.com.au/wp-content/uploads/2025/10/General-Altimax-Gs5-img.jpg,,,,,,,,,0,GENERAL,"Product IP",1554870,1,1,"Tyre Type",PASSENGER,1,1,Pattern,"ALTIMAX GS5",1,1,Size,"225/55R17 101W",1,1,Width,225,1,1,Profile,55,1,1,Diameter,17,1,1,"Load Index",101,1,1,"Speed Rating",W,1,1,,,,,,,,,,,,,"ALTIMAX GS5","225/55R17 101W",,,,,,,,,,,,,,,,,
285,simple,,,"Zeta  Ztr20 - ZTAMS03.111.01",1,0,visible,,"<strong>Features:</strong>\n<ul class=""list"">\n<li>Solid center rib designed for high-speed stability.</li>\n<li>Unidirectional grooves ensure fast water disposal and improve the handling on wet, snow and dry conditions.</li>\n<li>Two all-round ribs, separated by a narrow groove from two rows of blocks ensure low rolling resistance, reduce fuel consumption.</li>\n</ul>",,,taxable,,1,,,0,0,,,,,0,,,94.13,Tyres,1857013,,https://www.tiromobiletyres.com.au/wp-content/uploads/2025/12/ZETA-ZTR20-img.jpg,,,,,,,,,0,ZETA,"Product IP",ZTAMS03.111.01,1,1,"Tyre Type",PCR,1,1,Pattern,ZTR20,1,1,Size,"185/70R13 86T",1,1,Width,185,1,1,Profile,70,1,1,Diameter,13,1,1,"Load Index",86,1,1,"Speed Rating",T,1,1,,,,,,,,,,,,,ZTR20,"185/70R13 86T",,,,,,,,,,,,,,,,,
287,simple,,,"Nexen  Np Sh9i - 13241NXC",1,0,visible,,,,,taxable,,1,,,0,0,,,,,1,,,106.04,Tyres,1857013,,https://www.tiromobiletyres.com.au/wp-content/uploads/2025/10/Nexen-Npriz-Sh9i.webp,,,,,,,,,0,NEXEN,"Product IP",13241NXC,1,1,Pattern,"NP SH9I",1,1,Size,"185/70R13 86T",1,1,Width,185,1,1,Profile,70,1,1,Diameter,13,1,1,"Load Index",86,1,1,"Speed Rating",T,1,1,,,,,,,,,,,,,,,,,"NP SH9I","185/70R13 86T",,,,,,,,,,,,,,,,,
288,simple,,,"Nankang Na1 - NA1857013NA1",1,0,visible,,"<strong>Key Features:</strong>\n<ul class=""list"">\n<li>New breed fuel efficient design</li>\n<li>Minimized rolling resistance</li>\n<li>Economical driving</li>\n<li>Inch 15/16/19</li>\n<li>Series 55-70 series</li>\n</ul>",,,taxable,,1,,,0,0,,,,,1,,,125.17,Tyres,1857013,,https://www.tiromobiletyres.com.au/wp-content/uploads/2025/12/NANKANG-NA-1img.jpg,,,,,,,,,0,NANKANG,"Product IP",NA1857013NA1,1,1,"Tyre Type",PASSENGER,1,1,Pattern,NA1,1,1,Size,"185/70R13 86H",1,1,Width,185,1,1,Profile,70,1,1,Diameter,13,1,1,"Load Index",86,1,1,"Speed Rating",H,1,1,,,,,,,,,,,,,NA1,"185/70R13 86H",,,,,,,,,,,,,,,,,
289,simple,,,"Nankang N729 - NA1857013N729",1,0,visible,,,,,taxable,,1,,,0,0,,,,,1,,,148.76,Tyres,1857013,,https://www.tiromobiletyres.com.au/wp-content/uploads/2025/12/NANKANG-N729-img.jpg,,,,,,,,,0,NANKANG,"Product IP",NA1857013N729,1,1,"Tyre Type",PASSENGER,1,1,Pattern,N729,1,1,Size,"185/70R13 85T",1,1,Width,185,1,1,Profile,70,1,1,Diameter,13,1,1,"Load Index",85,1,1,"Speed Rating",T,1,1,,,,,,,,,,,,,N729,"185/70R13 85T",,,,,,,,,,,,,,,,,
291,simple,,,"Maxxis  Mcv5 - 1382035",1,0,visible,,,,,taxable,,1,,,0,0,,,,,0,,,165.79,Tyres,175R13C,,https://www.tiromobiletyres.com.au/wp-content/uploads/2025/12/MAXXIS-MCV5-img.webp,,,,,,,,,0,MAXXIS,"Product IP",1382035,1,1,"Tyre Type","LIGHT TRUCK",1,1,Pattern,MCV5,1,1,Size,"175R13C 97/95N",1,1,Width,175,1,1,Profile,R,1,1,Diameter,13,1,1,"Load Index",97/95,1,1,"Speed Rating",N,1,1,,,,,,,,,,,,,MCV5,"175R13C 97/95N",,,,,,,,,,,,,,,,,
292,simple,,,"Maxxis  Ue100 - 1382050",1,0,visible,,,,,taxable,,1,,,0,0,,,,,0,,,217.89,Tyres,185R13C,,https://www.tiromobiletyres.com.au/wp-content/uploads/2025/12/image-coming-soon.jpg,,,,,,,,,0,MAXXIS,"Product IP",1382050,1,1,"Tyre Type","LIGHT TRUCK",1,1,Pattern,UE100,1,1,Size,"185R13C 98/98N",1,1,Width,185,1,1,Profile,R,1,1,Diameter,13,1,1,"Load Index",98/98,1,1,"Speed Rating",N,1,1,,,,,,,,,,,,,UE100,"185R13C 98/98N",,,,,,,,,,,,,,,,,
294,simple,,,"ZETA  ZTR50 - ZETAMS03.109.01",1,0,visible,,"<strong>Features:</strong>\n<ul class=""list"">\n<li>Special profile design has been adopted to increase tyre rigidity and driving comfort, high-speed stability and safety.</li>\n<li>Pitch pattern designed by computer-simulated calculation reduces the noise generation.</li>\n<li>Innovative tread compound provides better all-season grip, lower rolling resistance and improved mileage.</li>\n</ul>",,,taxable,,1,,,0,0,,,,,0,,,105.00,Tyres,1656514,,https://www.tiromobiletyres.com.au/wp-content/uploads/2025/12/ZETA-ZTR50-image.jpg,,,,,,,,,0,ZETA,"Product IP",ZETAMS03.109.01,1,1,"Tyre Type",PCR,1,1,Pattern,ZTR50,1,1,Size,"165/65R14 79H",1,1,Width,165,1,1,Profile,65,1,1,Diameter,14,1,1,"Load Index",79,1,1,"Speed Rating",H,1,1,,,,,,,,,,,,,ZTR50,"165/65R14 79H",1786117586,synced,1788318150,sync-and-show,approved,,,,,,,,,,,,
295,simple,,,"NEXEN  NP SH9I - 15070NXC",1,0,visible,,,,,taxable,,1,,,0,0,,,,,1,,,115.16,Tyres,1656514,,https://www.tiromobiletyres.com.au/wp-content/uploads/2025/10/Nexen-Npriz-Sh9i.webp,,,,,,,,,0,NEXEN,"Product IP",15070NXC,1,1,Pattern,"NP SH9I",1,1,Size,"165/65R14 79T",1,1,Width,165,1,1,Profile,65,1,1,Diameter,14,1,1,"Load Index",79,1,1,"Speed Rating",T,1,1,,,,,,,,,,,,,,,,,"NP SH9I","165/65R14 79T",1786117534,has-errors,,sync-and-show,,,,,,,,,,,,,
296,simple,,,"HANKOOK  KINERGY ECO2 K435 - 1024884",1,0,visible,,"<strong>The smart choice for driver and environment</strong>",,,taxable,,1,,,0,0,,,,,1,,,130.96,Tyres,1656514,,https://www.tiromobiletyres.com.au/wp-content/uploads/2025/12/HANKOOK-KINERGY-ECO2-K435-img.jpg,,,,,,,,,0,HANKOOK,"Product IP",1024884,1,1,"Tyre Type",PCR,1,1,Pattern,"KINERGY ECO2 K435",1,1,Size,"165/65R14 79T",1,1,Width,165,1,1,Profile,65,1,1,Diameter,14,1,1,"Load Index",79,1,1,"Speed Rating",T,1,1,,,,,,,,,,,,,"KINERGY ECO2 K435","165/65R14 79T",1786117475,synced,1788318150,sync-and-show,approved,,,,,,,,,,,,
297,simple,,,"NANKANG NA1 - NA1656514NA1",1,0,visible,,,,,taxable,,1,,,0,0,,,,,1,,,121.96,Tyres,1656514,,https://www.tiromobiletyres.com.au/wp-content/uploads/2025/12/NANKANG-NA-1img.jpg,,,,,,,,,0,NANKANG,"Product IP",NA1656514NA1,1,1,"Tyre Type",PASSENGER,1,1,Pattern,NA1,1,1,Size,"165/65R14 79H",1,1,Width,165,1,1,Profile,65,1,1,Diameter,14,1,1,"Load Index",79,1,1,"Speed Rating",H,1,1,,,,,,,,,,,,,NA1,"165/65R14 79H",,,,,,,,,,,,,,,,,
298,simple,,,"ZETA  ZTR50 - ZTAMS325",1,0,visible,,"<strong>FEATURES:</strong>\n<ul>\n<li>Special profile design has been adopted to increase tyre rigidity and driving comfort, high-speed stability and safety.</li>\n<li>Pitch pattern designed by computer-simulated calculation reduces the noise generation.</li>\n<li>Innovative tread compound provides better all-season grip, lower rolling resistance and improved mileage.</li>\n</ul>\n\n\n",,,taxable,,1,,,0,0,,,,,1,,,97.01,Tyres,1657014,,https://www.tiromobiletyres.com.au/wp-content/uploads/2025/12/ZETA-ZTR50-image.jpg,,,,,,,,,0,ZETA,"Product IP",ZTAMS325,1,1,"Tyre Type",PCR,1,1,Pattern,ZTR50,1,1,Size,"165/70R14 81T",1,1,Width,165,1,1,Profile,70,1,1,Diameter,14,1,1,"Load Index",81,1,1,"Speed Rating",T,1,1,,,,,,,,,,,,,ZTR50,"165/70R14 81T",1786118188,synced,1788318150,sync-and-show,approved,,,,,,,,,,,,
299,simple,,,"HANKOOK  KINERGY ECO2 K435 - 1024829",1,0,visible,,"<strong>The smart choice for driver and environment</strong>",,,taxable,,1,,,0,0,,,,,1,,,144.31,Tyres,1657014,,https://www.tiromobiletyres.com.au/wp-content/uploads/2025/12/HANKOOK-KINERGY-ECO2-K435-img.jpg,,,,,,,,,0,HANKOOK,"Product IP",1024829,1,1,"Tyre Type",PASSENGER,1,1,Pattern,"KINERGY ECO2 K435",1,1,Size,"165/70R14 81H",1,1,Width,165,1,1,Profile,70,1,1,Diameter,14,1,1,"Load Index",81,1,1,"Speed Rating",H,1,1,,,,,,,,,,,,,"KINERGY ECO2 K435","165/70R14 81H",1786118136,synced,1788318150,sync-and-show,approved,,,,,,,,,,,,
300,simple,,,"NEXEN  NP SH9I - 13825NXC",1,0,visible,,,,,taxable,,1,,,0,0,,,,,1,,,123.55,Tyres,1657014,,https://www.tiromobiletyres.com.au/wp-content/uploads/2025/10/Nexen-Npriz-Sh9i.webp,,,,,,,,,0,NEXEN,"Product IP",13825NXC,1,1,Pattern,"NP SH9I",1,1,Size,"165/70R14 85T",1,1,Width,165,1,1,Profile,70,1,1,Diameter,14,1,1,"Load Index",85,1,1,"Speed Rating",T,1,1,,,,,,,,,,,,,,,,,"NP SH9I","165/70R14 85T",1786118091,has-errors,,sync-and-show,,,,,,,,,,,,,
302,simple,,,"ZETA  ZTR50 - ZTAMS393",1,0,visible,,"<strong>FEATURES:</strong>\n<ul>\n<li>Special profile design has been adopted to increase tyre rigidity and driving comfort, high-speed stability and safety.</li>\n<li>Pitch pattern designed by computer-simulated calculation reduces the noise generation.</li>\n<li>Innovative tread compound provides better all-season grip, lower rolling resistance and improved mileage.</li>\n</ul>\n\n\n",,,taxable,,1,,,0,0,,,,,1,,,105.00,Tyres,1756514,,https://www.tiromobiletyres.com.au/wp-content/uploads/2025/12/ZETA-ZTR50-image.jpg,,,,,,,,,0,ZETA,"Product IP",ZTAMS393,1,1,"Tyre Type",PCR,1,1,Pattern,ZTR50,1,1,Size,"175/65R14 86H",1,1,Width,175,1,1,Profile,65,1,1,Diameter,14,1,1,"Load Index",86,1,1,"Speed Rating",H,1,1,,,,,,,,,,,,,ZTR50,"175/65R14 86H",1786119454,synced,1788318150,sync-and-show,approved,,,,,,,,,,,,
304,simple,,,"NEXEN  NP SH9I - 13234NXC",1,0,visible,,,,,taxable,,1,,,0,0,,,,,1,,,96.38,Tyres,1756514,,https://www.tiromobiletyres.com.au/wp-content/uploads/2025/10/Nexen-Npriz-Sh9i.webp,,,,,,,,,0,NEXEN,"Product IP",13234NXC,1,1,Pattern,"NP SH9I",1,1,Size,"175/65R14 82H",1,1,Width,175,1,1,Profile,65,1,1,Diameter,14,1,1,"Load Index",82,1,1,"Speed Rating",H,1,1,,,,,,,,,,,,,,,,,"NP SH9I","175/65R14 82H",,,,,,,,,,,,,,,,,
305,simple,,,"HANKOOK  KINERGY ECO2 K435 - 1024674",1,0,visible,,"<strong>The smart choice for driver and environment</strong>",,,taxable,,1,,,0,0,,,,,1,,,127.35,Tyres,1756514,,https://www.tiromobiletyres.com.au/wp-content/uploads/2025/12/HANKOOK-KINERGY-ECO2-K435-img.jpg,,,,,,,,,0,HANKOOK,"Product IP",1024674,1,1,"Tyre Type",PCR,1,1,Pattern,"KINERGY ECO2 K435",1,1,Size,"175/65R14 82H",1,1,Width,175,1,1,Profile,65,1,1,Diameter,14,1,1,"Load Index",82,1,1,"Speed Rating",H,1,1,,,,,,,,,,,,,"KINERGY ECO2 K435","175/65R14 82H",1786118513,synced,1788318150,sync-and-show,approved,,,,,,,,,,,,
306,simple,,,"CONTINENTAL  CONTICOMFORTCONTACT CC6 - 357735",1,0,visible,,"'\nThe comfort choice with lowest noise level and smooth comfortable ride.\n\n<strong>Less noise and comfortable frequencies.</strong>\nHarmonic Comfort Chambers are based on the ""Helmoholtz resonator"" principle. These specially designed noise cancelling chambers are positioned on the inner shoulder of the tyre pattern. Unpleasant noise generated between the road and tyre is effectively cancelled out as air waves migrate in and out of the chambers. This prevents noise emission towards passengers, resulting in a quieter ride.\n\n<strong>Reduced noise level</strong>\n""0"" dB-Eaters are uniquely shaped in-groove elements designed to split and diffuse noise waves for lower road noise. To ensure a quieter ride, they break up noise waves travelling in the tread grooves to reduce the sound-level measured in decibels (dB).\n\n<strong>Comfortable relaxed ride</strong>\nThe CC6 Whisper Compound is a smoother rolling tread compound that adapts better to the roughness of the road surface for superior comfort. The compound absorbs tyre vibrations to diffuse road noise. It dampens micro bumps on the road so the tyre rolls smoothly.",,,taxable,,1,,,0,0,,,,,1,,,122.50,Tyres,1756514,,https://www.tiromobiletyres.com.au/wp-content/uploads/2025/12/CONTINENTAL-CC6-image.jpg,,,,,,,,,0,CONTINENTAL,"Product IP",357735,1,1,"Tyre Type",PCR,1,1,Pattern,"CONTICOMFORTCONTACT CC6",1,1,Size,"175/65R14 82H",1,1,Width,175,1,1,Profile,65,1,1,Diameter,14,1,1,"Load Index",82,1,1,"Speed Rating",H,1,1,,,,,,,,,,,,,"CONTICOMFORTCONTACT CC6","175/65R14 82H",1786118463,synced,1788318150,sync-and-show,approved,,,,,,,,,,,,
308,simple,,,"ZETA  ZTR50 - ZTAMS326",1,0,visible,,"<strong>FEATURES:</strong>\n<ul>\n<li>Special profile design has been adopted to increase tyre rigidity and driving comfort, high-speed stability and safety.</li>\n<li>Pitch pattern designed by computer-simulated calculation reduces the noise generation.</li>\n<li>Innovative tread compound provides better all-season grip, lower rolling resistance and improved mileage.</li>\n</ul>\n\n\n",,,taxable,,1,,,0,0,,,,,1,,,99.01,Tyres,1757014,,https://www.tiromobiletyres.com.au/wp-content/uploads/2025/12/ZETA-ZTR50-image.jpg,,,,,,,,,0,ZETA,"Product IP",ZTAMS326,1,1,"Tyre Type",PCR,1,1,Pattern,ZTR50,1,1,Size,"175/70R14 88T",1,1,Width,175,1,1,Profile,70,1,1,Diameter,14,1,1,"Load Index",88,1,1,"Speed Rating",T,1,1,,,,,,,,,,,,,ZTR50,"175/70R14 88T",1786120230,synced,1788318150,sync-and-show,approved,,,,,,,,,,,,
309,simple,,,"ZETA ZTR18 - ZTAMS03.202.01",1,0,visible,,"<strong>FEATURES:</strong>\n<ul>\n<li>Non-directional twists and turn groove new design provides outstanding grip when driving on all season application, even in stony, muddy and off-road condition surfaces.</li>\n<li>Continuous channels ensure faster and more effective water explosion from the contact patch.</li>\n<li>Special tread compound reduces fuel consumption and increases higher mileage to reach the economic and valuable tyre.</li>\n</ul>\n\n\n",,,taxable,,1,,,0,0,,,,,1,,,109.00,Tyres,1757014,,https://www.tiromobiletyres.com.au/wp-content/uploads/2025/12/ZETA-ZTR18-image.jpg,,,,,,,,,0,ZETA,"Product IP",ZTAMS03.202.01,1,1,"Tyre Type","LIGHT TRUCK",1,1,Pattern,ZTR18,1,1,Size,"175/70R14 95/93S",1,1,Width,175,1,1,Profile,70,1,1,Diameter,14,1,1,"Load Index",95/93,1,1,"Speed Rating",S,1,1,,,,,,,,,,,,,ZTR18,"175/70R14 95/93S",1786120437,synced,1788318150,sync-and-show,approved,,,,,,,,,,,,
313,simple,,,"Nankang Na1 - NA1757014NA1",1,0,visible,,"<strong>Key Features:</strong>\n<ul class=""list"">\n<li>New breed fuel efficient design</li>\n<li>Minimized rolling resistance</li>\n<li>Economical driving</li>\n<li>Inch 15/16/19</li>\n<li>Series 55-70 series</li>\n</ul>",,,taxable,,1,,,0,0,,,,,1,,,134.11,Tyres,1757014,,https://www.tiromobiletyres.com.au/wp-content/uploads/2025/12/NANKANG-NA-1img.jpg,,,,,,,,,0,NANKANG,"Product IP",NA1757014NA1,1,1,"Tyre Type",PASSENGER,1,1,Pattern,NA1,1,1,Size,"175/70R14 88H",1,1,Width,175,1,1,Profile,70,1,1,Diameter,14,1,1,"Load Index",88,1,1,"Speed Rating",H,1,1,,,,,,,,,,,,,NA1,"175/70R14 88H",1786119663,synced,1788318150,sync-and-show,approved,,,,,,,,,,,,
314,simple,,,"ZETA ZTR50 - ZETAMS03.010.02",1,0,visible,,"<strong>FEATURES:</strong>\n<ul>\n<li>Special profile design has been adopted to increase tyre rigidity and driving comfort, high-speed stability and safety.</li>\n<li>Pitch pattern designed by computer-simulated calculation reduces the noise generation.</li>\n<li>Innovative tread compound provides better all-season grip, lower rolling resistance and improved mileage.</li>\n</ul>\n\n\n",,,taxable,,1,,,0,0,,,,,1,,,102.00,Tyres,1856014,,https://www.tiromobiletyres.com.au/wp-content/uploads/2025/12/ZETA-ZTR50-image.jpg,,,,,,,,,0,ZETA,"Product IP",ZETAMS03.010.02,1,1,"Tyre Type",PCR,1,1,Pattern,ZTR50,1,1,Size,"185/60R14 82H",1,1,Width,185,1,1,Profile,60,1,1,Diameter,14,1,1,"Load Index",82,1,1,"Speed Rating",H,1,1,,,,,,,,,,,,,ZTR50,"185/60R14 82H",1786120989,synced,1788318150,sync-and-show,approved,,,,,,,,,,,,
315,simple,,,"VIKING CITYTECH CT6 - 15622860000",1,0,visible,,,,,taxable,,1,,,0,0,,,,,1,,,123.00,Tyres,1856014,,https://www.tiromobiletyres.com.au/wp-content/uploads/2025/12/VIKING-CITYTECH-CT6-image.jpg,,,,,,,,,0,VIKING,"Product IP",15622860000,1,1,"Tyre Type",PASSENGER,1,1,Pattern,"CITYTECH CT6",1,1,Size,"185/60R14 82H",1,1,Width,185,1,1,Profile,60,1,1,Diameter,14,1,1,"Load Index",82,1,1,"Speed Rating",H,1,1,,,,,,,,,,,,,"CITYTECH CT6","185/60R14 82H",1786120686,has-errors,,sync-and-show,,,,,,,,,,,,,
316,simple,,,"General Altimax GC5 - 1549879",1,0,visible,,,,,taxable,,1,,,0,0,,,,,0,,,128.96,Tyres,1856014,,https://www.tiromobiletyres.com.au/wp-content/uploads/2025/12/GENERAL-ALTIMAX-GC5-image.jpg,,,,,,,,,0,GENERAL,"Product IP",1549879,1,1,"Tyre Type",PCR,1,1,Pattern,"ALTIMAX GC5",1,1,Size,"185/60R14 82H",1,1,Width,185,1,1,Profile,60,1,1,Diameter,14,1,1,"Load Index",82,1,1,"Speed Rating",H,1,1,,,,,,,,,,,,,"ALTIMAX GC5","185/60R14 82H",1786120737,has-errors,,sync-and-show,,,,,,,,,,,,,
318,simple,,,"HANKOOK KINERGY ECO2 K435 - 1022745",1,0,visible,,"<strong>The smart choice for driver and environment</strong>",,,taxable,,1,,,0,0,,,,,1,,,134.93,Tyres,1856014,,https://www.tiromobiletyres.com.au/wp-content/uploads/2025/12/HANKOOK-KINERGY-ECO2-K435-img.jpg,,,,,,,,,0,HANKOOK,"Product IP",1022745,1,1,"Tyre Type","PASS (PER)",1,1,Pattern,"KINERGY ECO2 K435",1,1,Size,"185/60R14 82H",1,1,Width,185,1,1,Profile,60,1,1,Diameter,14,1,1,"Load Index",82,1,1,"Speed Rating",H,1,1,,,,,,,,,,,,,"KINERGY ECO2 K435","185/60R14 82H",1786120774,synced,1788318150,sync-and-show,approved,,,,,,,,,,,,
319,simple,,,"ZETA ZTR50 - ZTAMS03.006.02",1,0,visible,,"<strong>FEATURES:</strong>\n<ul>\n<li>Special profile design has been adopted to increase tyre rigidity and driving comfort, high-speed stability and safety.</li>\n<li>Pitch pattern designed by computer-simulated calculation reduces the noise generation.</li>\n<li>Innovative tread compound provides better all-season grip, lower rolling resistance and improved mileage.</li>\n</ul>\n\n\n",,,taxable,,1,,,0,0,,,,,1,,,105.00,Tyres,1856514,,https://www.tiromobiletyres.com.au/wp-content/uploads/2025/12/ZETA-ZTR50-image.jpg,,,,,,,,,0,ZETA,"Product IP",ZTAMS03.006.02,1,1,"Tyre Type",PCR,1,1,Pattern,ZTR50,1,1,Size,"185/65R14 86H",1,1,Width,185,1,1,Profile,65,1,1,Diameter,14,1,1,"Load Index",86,1,1,"Speed Rating",H,1,1,,,,,,,,,,,,,ZTR50,"185/65R14 86H",1786121323,synced,1788318150,sync-and-show,approved,,,,,,,,,,,,
320,simple,,,"VIKING CITYTECH CT6 - 15622830000",1,0,visible,,,,,taxable,,1,,,0,0,,,,,1,,,120.87,Tyres,1856514,,https://www.tiromobiletyres.com.au/wp-content/uploads/2025/12/VIKING-CITYTECH-CT6-image.jpg,,,,,,,,,0,VIKING,"Product IP",15622830000,1,1,"Tyre Type",PASSENGER,1,1,Pattern,"CITYTECH CT6",1,1,Size,"185/65R14 86H",1,1,Width,185,1,1,Profile,65,1,1,Diameter,14,1,1,"Load Index",86,1,1,"Speed Rating",H,1,1,,,,,,,,,,,,,"CITYTECH CT6","185/65R14 86H",1786121291,has-errors,,sync-and-show,,,,,,,,,,,,,
322,simple,,,"CONTINENTAL  CONTICOMFORTCONTACT CC6 - 03577700000",1,0,visible,,"The comfort choice with lowest noise level and smooth comfortable ride.\n\n<strong>Less noise and comfortable frequencies.</strong>\nHarmonic Comfort Chambers are based on the ""Helmoholtz resonator"" principle. These specially designed noise cancelling chambers are positioned on the inner shoulder of the tyre pattern. Unpleasant noise generated between the road and tyre is effectively cancelled out as air waves migrate in and out of the chambers. This prevents noise emission towards passengers, resulting in a quieter ride.\n\n<strong>Reduced noise level</strong>\n""0"" dB-Eaters are uniquely shaped in-groove elements designed to split and diffuse noise waves for lower road noise. To ensure a quieter ride, they break up noise waves travelling in the tread grooves to reduce the sound-level measured in decibels (dB).\n\n<strong>Comfortable relaxed ride</strong>\nThe CC6 Whisper Compound is a smoother rolling tread compound that adapts better to the roughness of the road surface for superior comfort. The compound absorbs tyre vibrations to diffuse road noise. It dampens micro bumps on the road so the tyre rolls smoothly.",,,taxable,,1,,,0,0,,,,,1,,,172.39,Tyres,1856514,,https://www.tiromobiletyres.com.au/wp-content/uploads/2025/12/CONTINENTAL-CC6-image.jpg,,,,,,,,,0,CONTINENTAL,"Product IP",03577700000,1,1,"Tyre Type",PASSENGER,1,1,Pattern,"CONTICOMFORTCONTACT CC6",1,1,Size,"185/65R14 86H",1,1,Width,185,1,1,Profile,65,1,1,Diameter,14,1,1,"Load Index",86,1,1,"Speed Rating",H,1,1,,,,,,,,,,,,,"CONTICOMFORTCONTACT CC6","185/65R14 86H",1786121192,synced,1788318150,sync-and-show,approved,,,,,,,,,,,,
323,simple,,,"Bridgestone Ecopia Ep150 - 11003020",1,0,visible,,"The EP150 is a tyre that truly reflects Bridgestone's advanced technology and commitment to innovation. This low rolling resistance tyre is designed to deliver excellent fuel economy and low noise while maintaining Bridgestone's renowned safety standards.\n\n<strong>Features:</strong>\n<ul class=""list"">\n<li>Excellent braking performance</li>\n<li>Improved fuel efficiency</li>\n<li>Low noise for a quieter, more comfortable ride</li>\n<li>Superior wear resistance</li>\n<li>Exceptional handling in hazardous, wet conditions</li>\n</ul>",,,taxable,,1,,,0,0,,,,,1,,,185.14,Tyres,1856514,,https://www.tiromobiletyres.com.au/wp-content/uploads/2025/12/BRIDGESTONE-EP150.jpg,,,,,,,,,0,BRIDGESTONE,"Product IP",11003020,1,1,"Tyre Type",PCR,1,1,Pattern,"ECOPIA EP150",1,1,Size,"185/65R14 86H",1,1,Width,185,1,1,Profile,65,1,1,Diameter,14,1,1,"Load Index",86,1,1,"Speed Rating",H,1,1,,,,,,,,,,,,,"ECOPIA EP150","185/65R14 86H",1786121240,synced,1788318150,sync-and-show,approved,,,,,,,,,,,,
324,simple,,,"ZETA ZTR50 - ZTAMS327",1,0,visible,,"<strong>FEATURES:</strong>\n<ul>\n<li>Special profile design has been adopted to increase tyre rigidity and driving comfort, high-speed stability and safety.</li>\n<li>Pitch pattern designed by computer-simulated calculation reduces the noise generation.</li>\n<li>Innovative tread compound provides better all-season grip, lower rolling resistance and improved mileage.</li>\n</ul>\n\n\n",,,taxable,,1,,,0,0,,,,,1,,,104.01,Tyres,1857014,,https://www.tiromobiletyres.com.au/wp-content/uploads/2025/12/ZETA-ZTR50-image.jpg,,,,,,,,,0,ZETA,"Product IP",ZTAMS327,1,1,"Tyre Type",PCR,1,1,Pattern,ZTR50,1,1,Size,"185/70R14 88H",1,1,Width,185,1,1,Profile,70,1,1,Diameter,14,1,1,"Load Index",88,1,1,"Speed Rating",H,1,1,,,,,,,,,,,,,ZTR50,"185/70R14 88H",1786122033,synced,1788318150,sync-and-show,approved,,,,,,,,,,,,
330,simple,,,"Zeta Ztr20 - ZTAMS171",1,0,visible,,"<strong>Features:</strong>\n<ul class=""list"">\n<li>Solid center rib designed for high-speed stability.</li>\n<li>Unidirectional grooves ensure fast water disposal and improve the handling on wet, snow and dry conditions.</li>\n<li>Two all-round ribs, separated by a narrow groove from two rows of blocks ensure low rolling resistance, reduce fuel consumption.</li>\n</ul>",,,taxable,,1,,,0,0,,,,,0,,,103.64,Tyres,1956014,,https://www.tiromobiletyres.com.au/wp-content/uploads/2025/12/ZETA-ZTR20-img.jpg,,,,,,,,,0,ZETA,"Product IP",ZTAMS171,1,1,"Tyre Type",PCR,1,1,Pattern,ZTR20,1,1,Size,"195/60R14 86H",1,1,Width,195,1,1,Profile,60,1,1,Diameter,14,1,1,"Load Index",86,1,1,"Speed Rating",H,1,1,,,,,,,,,,,,,ZTR20,"195/60R14 86H",1786122397,synced,1788318150,sync-and-show,approved,,,,,,,,,,,,
331,simple,,,"HANKOOK  H728 SMART PT MIELAGE  -   1956014H728",1,0,visible,,,,,taxable,,1,,,0,0,,,,,1,,,165.01,Tyres,1956014,,https://www.tiromobiletyres.com.au/wp-content/uploads/2025/12/image-coming-soon.jpg,,,,,,,,,0,HANKOOK,"Product IP",1956014H728,1,1,"Tyre Type",PCR,1,1,Pattern,"H728 SMART PT MIELAGE",1,1,Size,"195/60R14 86H",1,1,Width,195,1,1,Profile,60,1,1,Diameter,14,1,1,"Load Index",86,1,1,"Speed Rating",H,1,1,,,,,,,,,,,,,"H728 SMART PT MIELAGE","195/60R14 86H",1786122300,has-errors,,sync-and-show,,,,,,,,,,,,,
332,simple,,,"BRIDGESTONE  ECOPIA EP150 -  11003338",1,0,visible,,"The EP150 is a tyre that truly reflects Bridgestone's advanced technology and commitment to innovation. This low rolling resistance tyre is designed to deliver excellent fuel economy and low noise while maintaining Bridgestone's renowned safety standards.\n\n<strong>Features:</strong>\n<ul class=""list"">\n<li>Excellent braking performance</li>\n<li>Improved fuel efficiency</li>\n<li>Low noise for a quieter, more comfortable ride</li>\n<li>Superior wear resistance</li>\n<li>Exceptional handling in hazardous, wet conditions</li>\n</ul>",,,taxable,,1,,,0,0,,,,,1,,,177.48,Tyres,1856514,,https://www.tiromobiletyres.com.au/wp-content/uploads/2025/12/BRIDGESTONE-EP150.jpg,,,,,,,,,0,BRIDGESTONE,"Product IP",11003338,1,1,"Tyre Type",PCR,1,1,Pattern,"ECOPIA EP150",1,1,Size,"195/60R14 86H",1,1,Width,195,1,1,Profile,60,1,1,Diameter,14,1,1,"Load Index",86,1,1,"Speed Rating",H,1,1,,,,,,,,,,,,,"ECOPIA EP150","195/60R14 86H",1786122253,synced,1788318150,sync-and-show,approved,,,,,,,,,,,,
333,simple,,,"NEXEN  N'BLUE HD PLUS - 13858NXK",1,0,visible,,,,,taxable,,1,,,0,0,,,,,1,,,123.77,Tyres,1557013,,https://www.tiromobiletyres.com.au/wp-content/uploads/2025/12/NEXEN-NBLUE-HD-PLUS-img.jpg,,,,,,,,,0,NEXEN,"Product IP",13858NXK,1,1,Pattern,"N'BLUE HD PLUS",1,1,Size,"195/60R14 86H",1,1,Width,195,1,1,Profile,60,1,1,Diameter,14,1,1,"Load Index",86,1,1,"Speed Rating",H,1,1,,,,,,,,,,,,,,,,,"N'BLUE HD PLUS","195/60R14 86H",1786122346,has-errors,,sync-and-show,,,,,,,,,,,,,
334,simple,,,"NEXEN  RODIAN CT8 - 13780NXC",1,0,visible,,,,,taxable,,1,,,0,0,,,,,1,,,146.08,Tyres,205R14C,,https://www.tiromobiletyres.com.au/wp-content/uploads/2025/12/NEXEN-RODIAN-CT8-img.webp,,,,,,,,,0,NEXEN,"Product IP",13807NXC,1,1,Pattern,"RODIAN CT8",1,1,Size,"205R14 109/107T",1,1,Width,205,1,1,Profile,R,1,1,Diameter,14,1,1,"Load Index",109/107,1,1,"Speed Rating",T,1,1,,,,,,,,,,,,,,,,,"RODIAN CT8","205R14 109/107T",,,,,,,,,,,,,,,,,
335,simple,,,"NANKANG  NA1  - NA1956514NA1",1,0,visible,,"<strong>Key Features:</strong>\n<ul class=""list"">\n<li>New breed fuel efficient design</li>\n<li>Minimized rolling resistance</li>\n<li>Economical driving</li>\n<li>Inch 15/16/19</li>\n<li>Series 55-70 series</li>\n</ul>",,,taxable,,1,,,0,0,,,,,1,,,131.61,Tyres,1857014,,https://www.tiromobiletyres.com.au/wp-content/uploads/2025/12/NANKANG-NA-1img.jpg,,,,,,,,,0,NANKANG,"Product IP",NA1956514NA1,1,1,"Tyre Type",PASSENGER,1,1,Pattern,NA1,1,1,Size,"195/65R14 89H",1,1,Width,195,1,1,Profile,65,1,1,Diameter,14,1,1,"Load Index",89,1,1,"Speed Rating",H,1,1,,,,,,,,,,,,,NA1,"195/65R14 89H",,,,,,,,,,,,,,,,,
336,simple,,,"COMFORSER  CF510 - COMS161",1,0,visible,,,,,taxable,,1,,,0,0,,,,,1,,,118.03,"Mud Terrain, Tyres","1956514, M/T",,https://www.tiromobiletyres.com.au/wp-content/uploads/2025/12/image-coming-soon.jpg,,,,,,,,,0,COMFORSER,"Product IP",COMS161,1,1,"Tyre Type",PCR,1,1,Pattern,CF510,1,1,Size,"195/65R14 89H",1,1,Width,195,1,1,Profile,65,1,1,Diameter,14,1,1,"Load Index",89,1,1,"Speed Rating",H,1,1,,,,,,,,,,,,,CF510,"195/65R14 89H",,,,,,,,,,,,,,,,,
337,simple,,,"HANKOOK  KINERGY ECO2 K435  - 1024896",1,0,visible,,"<strong>The smart choice for driver and environment</strong>",,,taxable,,1,,,0,0,,,,,1,,,130.88,Tyres,1956514,,https://www.tiromobiletyres.com.au/wp-content/uploads/2025/12/HANKOOK-KINERGY-ECO2-K435-img.jpg,,,,,,,,,0,HANKOOK,"Product IP",1024896,1,1,"Tyre Type",PCR,1,1,Pattern,"KINERGY ECO2 K435",1,1,Size,"195/65R14 89H",1,1,Width,195,1,1,Profile,65,1,1,Diameter,14,1,1,"Load Index",89,1,1,"Speed Rating",H,1,1,,,,,,,,,,,,,"KINERGY ECO2 K435","195/65R14 89H",,,,,,,,,,,,,,,,,
340,simple,,,"YOKOHAMA DELIVERY STAR RY818 - 17514RY818",1,0,visible,,"A hard working tyre for vans, utes and trailers\n\nA heavy duty, good handling commercial tyre for couriers, tradesmen and travellers who carry heavy loads and do lots of kilometers. They want a puncture resistant tyre which handles well especially in the wet.\n\nThe European Van tyre design has a wide, flat contact patch for better handling. The tyre casing promotes uniform pressure across the tyre for even wear and long mileage. \n\n<strong>Features:</strong>\n<ul>\n<li>Fit and Forget</li>\n<li>Tough and Dependable</li>\n<li>Long Mileage</li>\n<li>12-17 inch sizes</li>\n</ul>",,,taxable,,1,,,0,0,,,,,1,,,170.36,Tyres,175R14C,,https://www.tiromobiletyres.com.au/wp-content/uploads/2025/12/YOKOHAMA-DELIVERY-STAR-img.jpg,,,,,,,,,0,YOKOHAMA,"Product IP",17514RY818,1,1,"Tyre Type",VAN,1,1,Pattern,"DELIVERY STAR RY818",1,1,Size,"175R14C 99/98R",1,1,Width,175,1,1,Profile,R,1,1,Diameter,14,1,1,"Load Index",99/98,1,1,"Speed Rating",R,1,1,,,,,,,,,,,,,"DELIVERY STAR RY818","175R14C 99/98R",,,,,,,,,,,,,,,,,
342,simple,,,"MAXXIS MCV3+ - 1482035",1,0,visible,,,,,taxable,,1,,,0,0,,,,,0,,,168.45,Tyres,175R14C,,https://www.tiromobiletyres.com.au/wp-content/uploads/2025/12/MAXXIS-MCV3-img.jpg,,,,,,,,,0,MAXXIS,"Product IP",1482035,1,1,"Tyre Type","LIGHT TRUCK",1,1,Pattern,MCV3+,1,1,Size,"175R14C 99/98Q",1,1,Width,175,1,1,Profile,R,1,1,Diameter,14,1,1,"Load Index",99/98,1,1,"Speed Rating",Q,1,1,,,,,,,,,,,,,MCV3+,"175R14C 99/98Q",,,,,,,,,,,,,,,,,
344,simple,,,"MAXXIS MCV3+ - 1482055",1,0,visible,,,,,taxable,,1,,,0,0,,,,,0,,,155.53,Tyres,185R14C,,https://www.tiromobiletyres.com.au/wp-content/uploads/2025/12/MAXXIS-MCV3-img.jpg,,,,,,,,,0,MAXXIS,"Product IP",1482055,1,1,"Tyre Type","LIGHT TRUCK",1,1,Pattern,MCV3+,1,1,Size,"185R14C 102/100R",1,1,Width,185,1,1,Profile,R,1,1,Diameter,14,1,1,"Load Index",102/100,1,1,"Speed Rating",R,1,1,,,,,,,,,,,,,MCV3+,"185R14C 102/100R",,,,,,,,,,,,,,,,,
347,simple,,,"ZETA  ZTR50 -  ZETAMS03.071.02",1,0,visible,,"<strong>FEATURES:</strong>\n<ul>\n<li>Special profile design has been adopted to increase tyre rigidity and driving comfort, high-speed stability and safety.</li>\n<li>Pitch pattern designed by computer-simulated calculation reduces the noise generation.</li>\n<li>Innovative tread compound provides better all-season grip, lower rolling resistance and improved mileage.</li>\n</ul>\n\n\n",,,taxable,,1,,,0,0,,,,,1,,,95.00,Tyres,1756515,,https://www.tiromobiletyres.com.au/wp-content/uploads/2025/12/ZETA-ZTR50-image.jpg,,,,,,,,,0,ZETA,"Product IP",ZETAMS03.071.02,1,1,"Tyre Type",PCR,1,1,Pattern,ZTR50,1,1,Size,"175/65R15 88H",1,1,Width,175,1,1,Profile,65,1,1,Diameter,15,1,1,"Load Index",88,1,1,"Speed Rating",H,1,1,,,,,,,,,,,,,ZTR50,"175/65R15 88H",,,,,approved,,,,,,,,,,,,
348,simple,,,"HANKOOK  KINERGY ECO2 K435 - 1020974",1,0,visible,,"<strong>The smart choice for driver and environment</strong>",,,taxable,,1,,,0,0,,,,,1,,,140.09,Tyres,1756515,,https://www.tiromobiletyres.com.au/wp-content/uploads/2025/12/HANKOOK-KINERGY-ECO2-K435-img.jpg,,,,,,,,,0,HANKOOK,"Product IP",1020974,1,1,"Tyre Type",PASSENGER,1,1,Pattern,"KINERGY ECO2 K435",1,1,Size,"175/65R15 84T",1,1,Width,175,1,1,Profile,65,1,1,Diameter,15,1,1,"Load Index",84,1,1,"Speed Rating",T,1,1,,,,,,,,,,,,,"KINERGY ECO2 K435","175/65R15 84T",,,,,approved,,,,,,,,,,,,
349,simple,,,"FALKEN  ZE310R - AU10352177",1,0,visible,,,,,taxable,,1,,,0,0,,,,,1,,,143.39,Tyres,1756515,,https://www.tiromobiletyres.com.au/wp-content/uploads/2025/12/FALKEN-ZE310R-img.webp,,,,,,,,,0,FALKEN,"Product IP",AU10352177,1,1,Pattern,ZE310R,1,1,Size,"175/65R15 84H",1,1,Width,175,1,1,Profile,65,1,1,Diameter,15,1,1,"Load Index",84,1,1,"Speed Rating",H,1,1,,,,,,,,,,,,,,,,,ZE310R,"175/65R15 84H",,,,,approved,,,,,,,,,,,,
351,simple,,,"DUNLOP  SP TOURING R1",1,0,visible,,,,,taxable,,1,,,0,0,,,,,0,,,145.00,Tyres,1756515,,https://www.tiromobiletyres.com.au/wp-content/uploads/2025/12/image-coming-soon.jpg,,,,,,,,,0,DUNLOP,"Product IP",1756515R1,1,1,Diameter,15,1,1,"Load Index",84,1,1,Pattern,"SP TOURING R1",1,1,Profile,65,1,1,Size,"175/65/15 84S",1,1,Width,175,1,1,"Speed Rating",S,1,1,"Tyre Type",PCR,1,1,,,,,,,,,,,,,"SP TOURING R1","175/65/15 84S",,,,,approved,,,,,,,,,,,,
352,simple,,,"ZETA  ZTR20  -  ZTAMS999",1,0,visible,,"<strong>Features:</strong>\n<ul class=""list"">\n<li>Solid center rib designed for high-speed stability.</li>\n<li>Unidirectional grooves ensure fast water disposal and improve the handling on wet, snow and dry conditions.</li>\n<li>Two all-round ribs, separated by a narrow groove from two rows of blocks ensure low rolling resistance, reduce fuel consumption.</li>\n</ul>",,,taxable,,1,,,0,0,,,,,0,,,97.00,Tyres,1855515,,https://www.tiromobiletyres.com.au/wp-content/uploads/2025/12/ZETA-ZTR20-img.jpg,,,,,,,,,0,ZETA,"Product IP",ZTAMS999,1,1,"Tyre Type",PCR,1,1,Pattern,ZTR20,1,1,Size,"185/55R15 82V",1,1,Width,185,1,1,Profile,55,1,1,Diameter,15,1,1,"Load Index",82,1,1,"Speed Rating",V,1,1,,,,,,,,,,,,,ZTR20,"185/55R15 82V",,,,,approved,,,,,,,,,,,,
353,simple,,,"NEXEN  N'BLUE HD PLUS - 14991NXK",1,0,visible,,,,,taxable,,1,,,0,0,,,,,1,,,125.89,Tyres,"185/55R15 86H",,https://www.tiromobiletyres.com.au/wp-content/uploads/2026/07/NEXEN.png,,,,,,,,,0,NEXEN,"Product IP",14991NXK,1,1,Pattern,"N'BLUE HD PLUS",1,1,Size,"185/55R15 86H",1,1,Width,185,1,1,Profile,55,1,1,Diameter,15,1,1,"Load Index",86,1,1,"Speed Rating",H,1,1,,,,,,,,,,,,,,,90,1,"N'BLUE HD PLUS","185/55R15 86H",1785222780,,,sync-and-show,approved,yes,yes,,,product,,,,,,,
363,simple,,,"YOKOHAMA BLUEARTH-VAN RY55 - E4759",1,0,visible,,,,,taxable,,1,,,0,0,,,,,1,,,182.29,Tyres,195R14C,,https://www.tiromobiletyres.com.au/wp-content/uploads/2025/12/YOKOHAMA-BLUEARTH-VAN-RY55-img.jpg,,,,,,,,,0,YOKOHAMA,"Product IP",E4759,1,1,"Tyre Type",4X4,1,1,Pattern,"BLUEARTH-VAN RY55",1,1,Size,"195R14 106/104S",1,1,Width,195,1,1,Profile,R,1,1,Diameter,14,1,1,"Load Index",106/104,1,1,"Speed Rating",S,1,1,,,,,,,,,,,,,"BLUEARTH-VAN RY55","195R14 106/104S",,,,,,,,,,,,,,,,,,
365,simple,,,"GOODYEAR OPTILIFE LT - 573301",1,0,visible,,,,,taxable,,1,,,0,0,,,,,1,,,160.82,Tyres,195R14C,,https://www.tiromobiletyres.com.au/wp-content/uploads/2025/12/GOODYEAR-OPTILIFE-LT-img.jpg,,,,,,,,,0,GOODYEAR,"Product IP",573301,1,1,"Tyre Type","LIGHT TRUCK",1,1,Pattern,"OPTILIFE LT",1,1,Size,"195R14 106/104S",1,1,Width,195,1,1,Profile,R,1,1,Diameter,14,1,1,"Load Index",106/104,1,1,"Speed Rating",S,1,1,,,,,,,,,,,,,"OPTILIFE LT","195R14 106/104S",,,,,approved,,,,,,,,,,,,,
367,simple,,,"MAXXIS MCV3+ - 1482085",1,0,visible,,,,,taxable,,1,,,0,0,,,,,0,,,177.08,Tyres,195R14C,,https://www.tiromobiletyres.com.au/wp-content/uploads/2025/12/MAXXIS-MCV3-img.jpg,,,,,,,,,0,MAXXIS,"Product IP",1482085,1,1,"Tyre Type","LIGHT TRUCK",1,1,Pattern,MCV3+,1,1,Size,"195R14C 106/104R",1,1,Width,195,1,1,Profile,R,1,1,Diameter,14,1,1,"Load Index",106/104,1,1,"Speed Rating",R,1,1,,,,,,,,,,,,,MCV3+,"195R14C 106/104R",,,,,approved,,,,,,,,,,,,,
370,simple,,,"ZETA  ZTR50 - ZETAMS03.011.02",1,0,visible,,"<strong>FEATURES:</strong>\n<ul>\n<li>Special profile design has been adopted to increase tyre rigidity and driving comfort, high-speed stability and safety.</li>\n<li>Pitch pattern designed by computer-simulated calculation reduces the noise generation.</li>\n<li>Innovative tread compound provides better all-season grip, lower rolling resistance and improved mileage.</li>\n</ul>\n\n\n",,,taxable,,1,,,0,0,,,,,1,,,99.00,Tyres,1856015,,https://www.tiromobiletyres.com.au/wp-content/uploads/2025/12/ZETA-ZTR50-image.jpg,,,,,,,,,0,ZETA,"Product IP",ZETAMS03.011.02,1,1,"Tyre Type",PCR,1,1,Pattern,ZTR50,1,1,Size,"185/60R15 88H",1,1,Width,185,1,1,Profile,60,1,1,Diameter,15,1,1,"Load Index",88,1,1,"Speed Rating",H,1,1,,,,,,,,,,,,,ZTR50,"185/60R15 88H",,,,,,,,,,,,,,,,,,
371,simple,,,"VIKING CITYTECH CT6 - 15622890000",1,0,visible,,,,,taxable,,1,,,0,0,,,,,1,,,114.00,Tyres,1856015,,https://www.tiromobiletyres.com.au/wp-content/uploads/2025/12/VIKING-CITYTECH-CT6-image.jpg,,,,,,,,,0,VIKING,"Product IP",15622890000,1,1,"Tyre Type",PASSENGER,1,1,Pattern,"CITYTECH CT6",1,1,Size,"185/60R15 84H",1,1,Width,185,1,1,Profile,60,1,1,Diameter,15,1,1,"Load Index",84,1,1,"Speed Rating",H,1,1,,,,,,,,,,,,,"CITYTECH CT6","185/60R15 84H",1785223069,,,,approved,,,,,,,,,,,,,
372,simple,,,"CONTINENTAL  CONTICOMFORTCONTACT CC6 - 03577900007",1,0,visible,,"The comfort choice with lowest noise level and smooth comfortable ride.\n\n<strong>Less noise and comfortable frequencies.</strong>\nHarmonic Comfort Chambers are based on the ""Helmoholtz resonator"" principle. These specially designed noise cancelling chambers are positioned on the inner shoulder of the tyre pattern. Unpleasant noise generated between the road and tyre is effectively cancelled out as air waves migrate in and out of the chambers. This prevents noise emission towards passengers, resulting in a quieter ride.\n\n<strong>Reduced noise level</strong>\n""0"" dB-Eaters are uniquely shaped in-groove elements designed to split and diffuse noise waves for lower road noise. To ensure a quieter ride, they break up noise waves travelling in the tread grooves to reduce the sound-level measured in decibels (dB).\n\n<strong>Comfortable relaxed ride</strong>\nThe CC6 Whisper Compound is a smoother rolling tread compound that adapts better to the roughness of the road surface for superior comfort. The compound absorbs tyre vibrations to diffuse road noise. It dampens micro bumps on the road so the tyre rolls smoothly.",,,taxable,,1,,,0,0,,,,,1,,,139.00,Tyres,1855515,,https://www.tiromobiletyres.com.au/wp-content/uploads/2025/12/CONTINENTAL-CC6-image.jpg,,,,,,,,,0,CONTINENTAL,"Product IP",03577900007,1,1,"Tyre Type",PASSENGER,1,1,Pattern,"CONTICOMFORTCONTACT CC6",1,1,Size,"185/55R15 82V",1,1,Width,185,1,1,Profile,55,1,1,Diameter,15,1,1,"Load Index",82,1,1,"Speed Rating",V,1,1,,,,,,,,,,,,,"CONTICOMFORTCONTACT CC6","185/55R15 82V",,,,,approved,,,,,,,,,,,,,
373,simple,,,"HANKOOK  KINERGY ECO2 K435 -1024906",1,0,visible,,"<strong>The smart choice for driver and environment</strong>",,,taxable,,1,,,0,0,,,,,1,,,142.97,Tyres,1855515,,https://www.tiromobiletyres.com.au/wp-content/uploads/2025/12/HANKOOK-KINERGY-ECO2-K435-img.jpg,,,,,,,,,0,HANKOOK,"Product IP",1024906,1,1,"Tyre Type",PCR,1,1,Pattern,"KINERGY ECO2 K435",1,1,Size,"185/55R15 82H",1,1,Width,185,1,1,Profile,55,1,1,Diameter,15,1,1,"Load Index",82,1,1,"Speed Rating",H,1,1,,,,,,,,,,,,,"KINERGY ECO2 K435","185/55R15 82H",,,,,,,,,,,,,,,,,,
374,simple,,,"General Altimax GC5 - 15498810000",1,0,visible,,,,,taxable,,1,,,0,0,,,,,0,,,129.00,Tyres,1856015,,https://www.tiromobiletyres.com.au/wp-content/uploads/2025/12/GENERAL-ALTIMAX-GC5-image.jpg,,,,,,,,,0,GENERAL,"Product IP",15498810000,1,1,"Tyre Type",PASSENGER,1,1,Pattern,"ALTIMAX GC5",1,1,Size,"185/60R15 84H",1,1,Width,185,1,1,Profile,60,1,1,Diameter,15,1,1,"Load Index",84,1,1,"Speed Rating",H,1,1,,,,,,,,,,,,,"ALTIMAX GC5","185/60R15 84H",,,,,,,,,,,,,,,,,,
375,simple,,,"FALKEN  ZE310R - AU10352178",1,0,visible,,,,,taxable,,1,,,0,0,,,,,1,,,143.33,Tyres,1856015,,https://www.tiromobiletyres.com.au/wp-content/uploads/2025/12/FALKEN-ZE310R-img.webp,,,,,,,,,0,FALKEN,"Product IP",AU10352178,1,1,Pattern,ZE310R,1,1,Size,"185/60R15 84H",1,1,Width,185,1,1,Profile,60,1,1,Diameter,15,1,1,"Load Index",84,1,1,"Speed Rating",H,1,1,,,,,,,,,,,,,,,,,ZE310R,"185/60R15 84H",,,,,approved,,,,,,,,,,,,,
376,simple,,,"ZETA  ZTR50 - ZTAMS03.007.02",1,0,visible,,"<strong>FEATURES:</strong>\n<ul>\n<li>Special profile design has been adopted to increase tyre rigidity and driving comfort, high-speed stability and safety.</li>\n<li>Pitch pattern designed by computer-simulated calculation reduces the noise generation.</li>\n<li>Innovative tread compound provides better all-season grip, lower rolling resistance and improved mileage.</li>\n</ul>\n\n\n",,,taxable,,1,,,0,0,,,,,1,,,99.00,Tyres,1856515,,https://www.tiromobiletyres.com.au/wp-content/uploads/2025/12/ZETA-ZTR50-image.jpg,,,,,,,,,0,ZETA,"Product IP",ZTAMS03.007.02,1,1,"Tyre Type",PCR,1,1,Pattern,ZTR50,1,1,Size,"185/65R15 88H",1,1,Width,185,1,1,Profile,65,1,1,Diameter,15,1,1,"Load Index",88,1,1,"Speed Rating",H,1,1,,,,,,,,,,,,,ZTR50,"185/65R15 88H",,,,,approved,,,,,,,,,,,,,
377,simple,,,"CONTINENTAL  CONTIPREMIUMCONTACT 6 - 358500",1,0,visible,,"The comfort choice with lowest noise level and smooth comfortable ride.\n\n<strong>Less noise and comfortable frequencies.</strong>\nHarmonic Comfort Chambers are based on the ""Helmoholtz resonator"" principle. These specially designed noise cancelling chambers are positioned on the inner shoulder of the tyre pattern. Unpleasant noise generated between the road and tyre is effectively cancelled out as air waves migrate in and out of the chambers. This prevents noise emission towards passengers, resulting in a quieter ride.\n\n<strong>Reduced noise level</strong>\n""0"" dB-Eaters are uniquely shaped in-groove elements designed to split and diffuse noise waves for lower road noise. To ensure a quieter ride, they break up noise waves travelling in the tread grooves to reduce the sound-level measured in decibels (dB).\n\n<strong>Comfortable relaxed ride</strong>\nThe CC6 Whisper Compound is a smoother rolling tread compound that adapts better to the roughness of the road surface for superior comfort. The compound absorbs tyre vibrations to diffuse road noise. It dampens micro bumps on the road so the tyre rolls smoothly.",,,taxable,,1,,,0,0,,,,,1,,,129.00,Tyres,1856515,,https://www.tiromobiletyres.com.au/wp-content/uploads/2025/12/CONTINENTAL-CONTIPREMIUMCONTACT-6-img.png,,,,,,,,,0,CONTINENTAL,"Product IP",358500,1,1,"Tyre Type",PASSENGER,1,1,Pattern,"CONTIPREMIUMCONTACT 6",1,1,Size,"185/65R15 88H",1,1,Width,185,1,1,Profile,65,1,1,Diameter,15,1,1,"Load Index",88,1,1,"Speed Rating",H,1,1,,,,,,,,,,,,,"CONTIPREMIUMCONTACT 6","185/65R15 88H",,,,,approved,,,,,,,,,,,,,
379,simple,,,"CONTINENTAL ECOCONTACT 6 - 358406",1,0,visible,,"<strong>EcoContact™ 6</strong>\n\n<ul>\n<li>The next standard enhanced by German technology.</li>\n<li>We bring high-tech to your car.</li>\n<li>Maximum fuel efficiency thanks to improved component geometry and efficient silica distribution</li>\n<li>Enhanced mileage due to new Green Chili™ 2.0 compound</li>\n<li>Optimised grip and handling experience</li>\n</ul>",,,taxable,,1,,,0,0,,,,,1,,,129.00,Tyres,1856515,,https://www.tiromobiletyres.com.au/wp-content/uploads/2025/10/continental-21545R17.jpg,,,,,,,,,0,CONTINENTAL,"Product IP",358406,1,1,"Tyre Type",PASSENGER,1,1,Pattern,"ECOCONTACT 6",1,1,Size,"185/65R15 88H",1,1,Width,185,1,1,Profile,65,1,1,Diameter,15,1,1,"Load Index",88,1,1,"Speed Rating",H,1,1,,,,,,,"CONTINENTAL ECOCONTACT 6","EcoContact 6 Tyres Melbourne | Fuel Efficient & Safe","Explore Continental EcoContact 6 tyres in Melbourne for fuel efficiency, strong wet grip and long tread life. Ideal for smooth, safe everyday driving.",53,90,1,"ECOCONTACT 6","185/65R15 88H",,,,,approved,,,,,,,,,,,,,
380,simple,,,"HANKOOK  KINERGY ECO2 K435 -1033125",1,0,visible,,"<strong>The smart choice for driver and environment</strong>",,,taxable,,1,,,0,0,,,,,1,,,132.86,Tyres,1856515,,https://www.tiromobiletyres.com.au/wp-content/uploads/2025/12/HANKOOK-KINERGY-ECO2-K435-img.jpg,,,,,,,,,0,HANKOOK,"Product IP",1033125,1,1,"Tyre Type","PASS (PER)",1,1,Pattern,"KINERGY ECO2 K435",1,1,Size,"185/65R15 88T",1,1,Width,185,1,1,Profile,65,1,1,Diameter,15,1,1,"Load Index",88,1,1,"Speed Rating",T,1,1,,,,,,,,,,,,,"KINERGY ECO2 K435","185/65R15 88T",,,,,,,,,,,,,,,,,,
381,simple,,,"Zeta  Alventi - ZETAMS03.016.02",1,0,visible,,"New designed Asymmetric tread pattern , enhanced UHP tyre block stiffness for heavy loads, and ensure vehicle has been controlled perfect under any road conditions.\n\n<strong>KEY FEATURES:</strong>\n<ul>\n<li>Optimized pitch variance design & tread formula with high silica rubber reduces noise, innovative grip, improved mileage as well.</li>\n<li>4 straight grooves provide excellent smooth water dispersion and high levels of wet handling.</li>\n<li>Three solid longitudinal ribs improved braking and linear stability during high speed.</li>\n</ul>\n",,,taxable,,1,,,0,0,,,,,0,,,95.01,Tyres,1955515,,https://www.tiromobiletyres.com.au/wp-content/uploads/2025/10/Zeta-Alventi-img.jpg,,,,,,,,,0,ZETA,"Product IP",ZETAMS03.016.02,1,1,"Tyre Type",PCR,1,1,Pattern,ALVENTI,1,1,Size,"195/55R15 85V",1,1,Width,195,1,1,Profile,55,1,1,Diameter,15,1,1,"Load Index",85,1,1,"Speed Rating",V,1,1,,,,,,,,,,,,,ALVENTI,"195/55R15 85V",,,,,approved,,,,,,,,,,,,,
382,simple,,,"TOYO DRB - TOMS7895",1,0,visible,"'\n","DRB is a new range for the 'Balanced Performance' segment in the Ultra High Performance tyre market. TOYO DRB fits between the new Proxes T1 Sport and the new Proxes C1S, offering a balance between comfort and sports performance. The size range complements Proxes T1 Sport, allowing drivers of smaller, less focused vehicles to experience TOYO Ultra High Performance tyres.\n\n<strong>FEATURES:</strong>\n<ul>\n<li>Designed to offer 'Total Balance', TOYO DRB gives drivers outstanding handling and ride comfort.</li>\n<li>Quick response to steering inputs</li>\n<li>Excellent wet and dry handling and braking</li>\n<li>Quiet, comfortable ride</li>\n<li>Directional pattern with stylish sidewall design.</li>\n</ul>\n",,,taxable,,1,,,0,0,,,,,0,,,99.00,Tyres,1955515,,https://www.tiromobiletyres.com.au/wp-content/uploads/2025/12/TOYO-DRB-img.jpg,,,,,,,,,0,TOYO,"Product IP",TOMS7895,1,1,"Tyre Type",SUV,1,1,Pattern,DRB,1,1,Size,"195/55R15 85V",1,1,Width,195,1,1,Profile,55,1,1,Diameter,15,1,1,"Load Index",85,1,1,"Speed Rating",V,1,1,,,,,,,,,,,,,DRB,"195/55R15 85V",,,,,approved,,,,,,,,,,,,,
384,simple,,,"VIKING PROTECH PT6 - 15623560000",1,0,visible,,,,,taxable,,1,,,0,0,,,,,1,,,109.00,Tyres,1955515,,https://www.tiromobiletyres.com.au/wp-content/uploads/2025/12/VIKING-PROTECH-PT6-img.jpg,,,,,,,,,0,VIKING,"Product IP",15623560000,1,1,"Tyre Type",PASSENGER,1,1,Pattern,"PROTECH PT6",1,1,Size,"195/55R15 85V",1,1,Width,195,1,1,Profile,55,1,1,Diameter,15,1,1,"Load Index",85,1,1,"Speed Rating",V,1,1,,,,,,,,,,,,,"PROTECH PT6","195/55R15 85V",,,,,,,,,,,,,,,,,,
389,simple,,,"ZETA  ZTR50 - ZTAMS03.012.02",1,0,visible,,"<strong>FEATURES:</strong>\n<ul>\n<li>Special profile design has been adopted to increase tyre rigidity and driving comfort, high-speed stability and safety.</li>\n<li>Pitch pattern designed by computer-simulated calculation reduces the noise generation.</li>\n<li>Innovative tread compound provides better all-season grip, lower rolling resistance and improved mileage.</li>\n</ul>\n\n\n",,,taxable,,1,,,0,0,,,,,1,,,95.99,Tyres,1956015,,https://www.tiromobiletyres.com.au/wp-content/uploads/2025/12/ZETA-ZTR50-image.jpg,,,,,,,,,0,ZETA,"Product IP",ZTAMS03.012.02,1,1,"Tyre Type",PCR,1,1,Pattern,ZTR50,1,1,Size,"195/60R15 88V",1,1,Width,195,1,1,Profile,60,1,1,Diameter,15,1,1,"Load Index",88,1,1,"Speed Rating",V,1,1,,,,,,,,,,,,,ZTR50,"195/60R15 88V",,,,,,,,,,,,,,,,,,
390,simple,,,"VIKING CITYTECH CT6 - 15622900000",1,0,visible,,,,,taxable,,1,,,0,0,,,,,1,,,116.00,Tyres,1956015,,https://www.tiromobiletyres.com.au/wp-content/uploads/2025/12/VIKING-CITYTECH-CT6-image.jpg,,,,,,,,,0,VIKING,"Product IP",15622900000,1,1,"Tyre Type",PASSENGER,1,1,Pattern,"CITYTECH CT6",1,1,Size,"195/60R15 88H",1,1,Width,195,1,1,Profile,60,1,1,Diameter,15,1,1,"Load Index",88,1,1,"Speed Rating",H,1,1,,,,,,,,,,,,,"CITYTECH CT6","195/60R15 88H",1785921859,has-errors,1785921910,sync-and-show,approved,,,,,,,,,,,,,95f5cd459e4999a072ffb7f41340af67
391,simple,,,"Pirelli Powergy - 4005100",1,0,visible,"<strong>PIRELLI POWERGY</strong>\n- Car\n- Summer\n\nThe smart & safe choice\n \nPowergy is the new Pirelli Summer line for cars and SUVs. It’s the smart choice for drivers looking for safety and green performance with a low environmental impact.\n\nWith high levels of wet grip (EU Label Wet Grip A Rating on full range) and braking, Powergy helps to provides precise handling in all road conditions and reduces the risk of aquaplaning.\n\nThe low rolling resistance ensures low fuel consumption and high levels of comfort.",,,,taxable,,1,,,0,0,,,,,1,,,170.33,Tyres,1956015,,https://www.tiromobiletyres.com.au/wp-content/uploads/2025/10/pirelli-powergy.jpg,,,,,,,,,0,PIRELLI,"Product IP",4005100,1,1,"Tyre Type",CAR,1,1,Pattern,POWERGY,1,1,Size,"195/60R15 88V",1,1,Width,195,1,1,Profile,60,1,1,Diameter,15,1,1,"Load Index",88,1,1,"Speed Rating",V,1,1,,,,,,,,,,,,,POWERGY,"195/60R15 88V",1785921935,synced,1788145493,sync-and-show,approved,,,,,,,,,,,,,
392,simple,,,"CONTINENTAL  COMFORTCONTACT CC7 - 0312821",1,0,visible,,,,,taxable,,1,,,0,0,,,,,1,,,173.26,Tyres,"195/60R15 88V",,https://www.tiromobiletyres.com.au/wp-content/uploads/2025/10/continental-21545R17.jpg,,,,,,,,,0,CONTINENTAL,"Product IP",0312821,1,1,"Tyre Type",PASSENGER,1,1,Pattern,"COMFORTCONTACT CC7",1,1,Size,"195/60R15 88V",1,1,Width,195,1,1,Profile,60,1,1,Diameter,15,1,1,"Load Index",88,1,1,"Speed Rating",V,1,1,,,,,,,,,,,90,1,"COMFORTCONTACT CC7","195/60R15 88V",1785922175,has-errors,1785922187,sync-and-show,approved,yes,yes,,,product,,,,,,,,2de40cd7b47123fb48f22c0f91533827
396,simple,,,"NANKANG NA1 - NA2055515NA1",1,0,visible,,,,,taxable,,1,,,0,0,,,,,1,,,144.47,Tyres,2055515,,https://www.tiromobiletyres.com.au/wp-content/uploads/2025/12/NANKANG-NA-1img.jpg,,,,,,,,,0,NANKANG,"Product IP",NA2055515NA1,1,1,"Tyre Type",PASSENGER,1,1,Pattern,NA1,1,1,Size,"205/55R15 88V",1,1,Width,205,1,1,Profile,55,1,1,Diameter,15,1,1,"Load Index",88,1,1,"Speed Rating",V,1,1,,,,,,,,,,,,,NA1,"205/55R15 88V",,,,,approved,,,,,,,,,,,,,
397,simple,,,"HANKOOK VENTUS V8 RS H424 - HAMS0900",1,0,visible,,,,,taxable,,1,,,0,0,,,,,1,,,151.28,Tyres,2055515,,https://www.tiromobiletyres.com.au/wp-content/uploads/2025/12/HANKOOK-VENTUS-V8-RS-H424-img.jpg,,,,,,,,,0,HANKOOK,"Product IP",HAMS0900,1,1,"Tyre Type",SUV,1,1,Pattern,"VENTUS V8 RS H424",1,1,Size,"205/55R15 102V",1,1,Width,205,1,1,Profile,55,1,1,Diameter,15,1,1,"Load Index",102,1,1,"Speed Rating",V,1,1,,,,,,,,,,,,,"VENTUS V8 RS H424","205/55R15 102V",,,,,approved,,,,,,,,,,,,,
399,simple,,,"KUMHO ECSTA HS51 - 2165693",1,0,visible,,,,,taxable,,1,,,0,0,,,,,1,,,156.30,Tyres,2055515,,https://www.tiromobiletyres.com.au/wp-content/uploads/2025/12/image-coming-soon.jpg,,,,,,,,,0,KUMHO,"Product IP",2165693,1,1,"Tyre Type",PCR,1,1,Pattern,"ECSTA HS51",1,1,Size,"205/55R15 88V",1,1,Width,205,1,1,Profile,55,1,1,Diameter,15,1,1,"Load Index",88,1,1,"Speed Rating",V,1,1,,,,,,,,,,,,,"ECSTA HS51","205/55R15 88V",,,,,approved,,,,,,,,,,,,,
400,simple,,,"FALKEN ZIEX ZE914 ECORUN - AU10322047",1,0,visible,,,,,taxable,,1,,,0,0,,,,,1,,,169.18,Tyres,2055515,,https://www.tiromobiletyres.com.au/wp-content/uploads/2025/12/FALKEN-ZIEX-ZE914-ECORUN-img.jpg,,,,,,,,,0,FALKEN,"Product IP",AU10322047,1,1,Pattern,"ZIEX ZE914 ECORUN",1,1,Size,"205/55R15 88V",1,1,Width,205,1,1,Profile,55,1,1,Diameter,15,1,1,"Load Index",88,1,1,"Speed Rating",V,1,1,,,,,,,,,,,,,,,,,"ZIEX ZE914 ECORUN","205/55R15 88V",,,,,approved,,,,,,,,,,,,,
402,simple,,,"Zeta Ztr20 - ZTAMS150",1,0,visible,,"<strong>Features:</strong>\n<ul class=""list"">\n<li>Solid center rib designed for high-speed stability.</li>\n<li>Unidirectional grooves ensure fast water disposal and improve the handling on wet, snow and dry conditions.</li>\n<li>Two all-round ribs, separated by a narrow groove from two rows of blocks ensure low rolling resistance, reduce fuel consumption.</li>\n</ul>",,,taxable,,1,,,0,0,,,,,0,,,119.00,Tyres,2056015,,https://www.tiromobiletyres.com.au/wp-content/uploads/2025/12/ZETA-ZTR20-img.jpg,,,,,,,,,0,ZETA,"Product IP",ZTAMS150,1,1,"Tyre Type",PCR,1,1,Pattern,ZTR20,1,1,Size,"205/60R15 91V",1,1,Width,205,1,1,Profile,60,1,1,Diameter,15,1,1,"Load Index",91,1,1,"Speed Rating",V,1,1,,,,,,,,,,,90,1,ZTR20,"205/60R15 91V",1782903113,,,sync-and-show,approved,yes,yes,,,product,,,,,,,,
403,simple,,,"KUMHO ECSTA HS52 - 2304683",1,0,visible,,,,,taxable,,1,,,0,0,,,,,1,,,135.25,Tyres,2056015,,https://www.tiromobiletyres.com.au/wp-content/uploads/2025/12/image-coming-soon.jpg,,,,,,,,,0,KUMHO,"Product IP",2304683,1,1,"Tyre Type",PCR,1,1,Pattern,"ECSTA HS52",1,1,Size,"205/60R15 91V",1,1,Width,205,1,1,Profile,60,1,1,Diameter,15,1,1,"Load Index",91,1,1,"Speed Rating",V,1,1,,,,,,,,,,,,,"ECSTA HS52","205/60R15 91V",,,,,approved,,,,,,,,,,,,,
404,simple,,,"FALKEN ZE310R - AU10352167",1,0,visible,,,,,taxable,,1,,,0,0,,,,,1,,,152.02,Tyres,2056015,,https://www.tiromobiletyres.com.au/wp-content/uploads/2025/12/FALKEN-ZE310R-img.webp,,,,,,,,,0,FALKEN,"Product IP",AU10352167,1,1,Pattern,ZE310R,1,1,Size,"205/60R15 91H",1,1,Width,205,1,1,Profile,60,1,1,Diameter,15,1,1,"Load Index",91,1,1,"Speed Rating",H,1,1,,,,,,,,,,,,,,,,,ZE310R,"205/60R15 91H",,,,,approved,,,,,,,,,,,,,
405,simple,,,"BRIDGESTONE ECOPIA EP300 - 11004363",1,0,visible,,"The Ecopia EP300 is engineered for superior performance, giving you better safety and increased savings. Using low rolling resistance technology to consume less fuel to power the tyre forward, the EP300 is a saving for your back pocket and the environment.\n\n<strong>Features:</strong>\n<ul>\n<li>Low rolling resistance for better fuel efficiency</li>\n<li>Enhanced wet grip performance for safety</li>\n<li>Improved design for longer lasting life</li>\n</ul>\n\n<strong>Benefits:</strong>\n<strong>Optimised crown shape</strong>: This ensures more even contact pressure between the tyre and road surface, which contributes to better rolling resistance, wet grip and wear life.\n\n<strong>Chamfering</strong>: Rounding the block edges of the tyres prevents deformation, boosting braking performance in both wet and dry conditions.\n\n<strong>Nano Pro-Tech™ rubber</strong>: The cutting-edge compound contributes to improved wet grip and reduced rolling resistance. The EP300 has improved rolling resistance compared to its predecessor. This is due to its high‑dispersing silica that not only increases the contact area, but reduces energy loss.\n\n<strong>Superior wet braking</strong>: The Ecopia EP300’s improved grip levels mean a shorter braking distance on wet road surfaces. In a wet braking test a vehicle’s stopping distance is measured from a speed of 80km/h in 2mm depth of standing water*.",,,taxable,,1,,,0,0,,,,,1,,,188.27,Tyres,2056015,,https://www.tiromobiletyres.com.au/wp-content/uploads/2025/12/BRIDGESTONE-ECOPIA-EP300-img.jpg,,,,,,,,,0,BRIDGESTONE,"Product IP",11004363,1,1,"Tyre Type",PCR,1,1,Pattern,"ECOPIA EP300",1,1,Size,"205/60R15 91V",1,1,Width,205,1,1,Profile,60,1,1,Diameter,15,1,1,"Load Index",91,1,1,"Speed Rating",V,1,1,,,,,,,,,,,,,"ECOPIA EP300","205/60R15 91V",,,,,approved,,,,,,,,,,,,,
407,simple,,,"ZETA ZTR50 - ZETAMS03.009.02",1,0,visible,,"New designed Asymmetric tread pattern , enhanced UHP tyre block stiffness for heavy loads, and ensure vehicle has been controlled perfect under any road conditions.\n\n<strong>FEATURES:</strong>\n<ul>\n<li>Optimized pitch variance design & tread formula with high silica rubber reduces noise, innovative grip, improved mileage as well.</li>\n<li>4 straight grooves provide excellent smooth water dispersion and high levels of wet handling.</li>\n<li>Three solid longitudinal ribs improved braking and linear stability during high speed.</li>\n</ul>\n\n\n",,,taxable,,1,,,0,0,,,,,1,,,117.09,Tyres,2056515,,https://www.tiromobiletyres.com.au/wp-content/uploads/2025/10/Zeta-Alventi-img.jpg,,,,,,,,,0,ZETA,"Product IP",ZETAMS03.009.02,1,1,"Tyre Type",PCR,1,1,Pattern,ALVENTI,1,1,Size,"205/65R15 94H",1,1,Width,205,1,1,Profile,65,1,1,Diameter,15,1,1,"Load Index",94,1,1,"Speed Rating",H,1,1,,,,,,,,,,,,,ALVENTI,"205/65R15 94H",1786107483,synced,1788318150,sync-and-show,approved,,,,,,,,,,,,,
408,simple,,,"NANKANG NA1 - NA2056515NA1",1,0,visible,,"<strong>Key Features:</strong>\n<ul>\n<li>New breed fuel efficient design</li>\n<li>Minimized rolling resistance</li>\n<li>Economical driving</li>\n<li>Inch 15/16/19</li>\n<li>Series 55-70 series</li>\n</ul>",,,taxable,,1,,,0,0,,,,,1,,,141.61,Tyres,2056515,,https://www.tiromobiletyres.com.au/wp-content/uploads/2025/12/NANKANG-NA-1img.jpg,,,,,,,,,0,NANKANG,"Product IP",NA2056515NA1,1,1,"Tyre Type",PASSENGER,1,1,Pattern,NA1,1,1,Size,"205/65R15 99H",1,1,Width,205,1,1,Profile,65,1,1,Diameter,15,1,1,"Load Index",99,1,1,"Speed Rating",H,1,1,,,,,,,,,,,,,NA1,"205/65R15 99H",1786107378,synced,1788318150,sync-and-show,approved,,,,,,,,,,,,,
409,simple,,,"COMFORSER CF350 - 2056515CF350",1,0,visible,,,,,taxable,,1,,,0,0,,,,,1,,,140.00,Tyres,2056515,,https://www.tiromobiletyres.com.au/wp-content/uploads/2025/12/image-coming-soon.jpg,,,,,,,,,0,COMFORSER,"Product IP",2056515CF350,1,1,"Tyre Type",TRUCK,1,1,Pattern,CF350,1,1,Size,"205/65R15 102/100T",1,1,Width,205,1,1,Profile,65,1,1,Diameter,15,1,1,"Load Index",102/100,1,1,"Speed Rating",T,1,1,,,,,,,,,,,,,CF350,"205/65R15 102/100T",,,,,approved,,,,,,,,,,,,,
410,simple,,,"BFGOODRICH ADVANTAGE CONTROL - 49034",1,0,visible,,,,,taxable,,1,,,0,0,,,,,1,,,201.66,Tyres,2056515,,https://www.tiromobiletyres.com.au/wp-content/uploads/2025/12/BFGOODRICH-ADVANTAGE-CONTROL-img.jpg,,,,,,,,,0,BFGOODRICH,"Product IP",49034,1,1,Pattern,"ADVANTAGE CONTROL",1,1,Size,"205/65R15 99H",1,1,Width,205,1,1,Profile,65,1,1,Diameter,15,1,1,"Load Index",99,1,1,"Speed Rating",H,1,1,,,,,,,,,,,,,,,,,"ADVANTAGE CONTROL","205/65R15 99H",1786107281,has-errors,,sync-and-show,approved,,,,,,,,,,,,,
412,simple,,,"RAPID P309 - A120B008",1,0,visible,,"High performance tyre. \n\nRapid P309 is designed as a all-season tyre which guarantees good performance in dry and wet conditions. Tread pattern was prepared to produce low levels of noise. Suitable for all types of roads (town and outside).\n",,,taxable,,1,,,0,0,,,,,1,,,125.00,Tyres,2157015,,https://www.tiromobiletyres.com.au/wp-content/uploads/2025/12/RAPID-P309-img.jpg,,,,,,,,,0,RAPID,"Product IP",A120B008,1,1,"Tyre Type",SUV,1,1,Pattern,P309,1,1,Size,"215/70R15 98H",1,1,Width,215,1,1,Profile,70,1,1,Diameter,15,1,1,"Load Index",98,1,1,"Speed Rating",H,1,1,,,,,,,,,,,,,P309,"215/70R15 98H",,,,,approved,,,,,,,,,,,,,
415,simple,,,"ZETA ZTR18 -  ZTAMS159",1,0,visible,,"<strong>Features:</strong>\n<ul>\n<li>Non-directional twists and turn groove new design provides outstanding grip when driving on all season application, even in stony, muddy and off-road condition surfaces.</li>\n<li>Continuous channels ensure faster and more effective water explosion from the contact patch.</li>\n<li>Special tread compound reduces fuel consumption and increases higher mileage to reach the economic and valuable tyre.</li>\n</ul>",,,taxable,,1,,,0,0,,,,,0,,,135.00,Tyres,2157015,,https://www.tiromobiletyres.com.au/wp-content/uploads/2025/12/ZETA-ZTR18-image.jpg,,,,,,,,,0,ZETA,"Product IP",ZTAMS159,1,1,"Tyre Type","LIGHT TRUCK",1,1,Pattern,ZTR18,1,1,Size,"215/70R15 109/107S",1,1,Width,215,1,1,Profile,70,1,1,Diameter,15,1,1,"Load Index",109/107,1,1,"Speed Rating",S,1,1,,,,,,,,,,,,,ZTR18,"215/70R15 109/107S",,,,,approved,,,,,,,,,,,,,
416,simple,,,"HANKOOK VANTRA LT RA18 - 2020152",1,0,visible,,"Improved durability and internal anti abrasion qualities: A summer radial tyre for commercial vans and transport vehicles, the Vantra LT provides excellent durability, increased mileage as well as excellent wet performance and a balanced footprint. Even under heavy loads, stability is maintained, increasing driver safety.\n\n<strong>Features:</strong>\n\n<strong>Application of 3-channel wide grooves</strong>\nReduces hydroplaning and increases performance and safety at high speed.\n\n<strong>Optimum groove location width with durable contact patch technology</strong>\nOptimised groove position ensures stability in the outer grounding footprint area.\n\n<strong>Apply new 3D lateral groove</strong>\nEnhances performance in snow and wet conditions without sacrificing block strength.\n\n<strong>Optimised pattern noise</strong>\nApply centre rib in centre area.\n\n<strong>Apply optimised block stiffness</strong>\nReduces wear and increases dry braking performance.\n\n<strong>Apply sidewall protect shield</strong>\nPrevents sidewall damage from the curb stone using low pressure conditions.\n\n<strong>Tyre Structure</strong>\n\n<strong>Reinforced belt</strong>\nEnsures durable performance through reinforcement belt layer.\n\n<strong>Double steel belt</strong>\nEnsures durability for the tyre.\n\n<strong>Inner liner</strong>\nPrevents air leakage and maintains the internal pressure.\n\n<strong>Carcass</strong>\nMaintains tyre shape.\n\n<strong>Bead filler</strong>\nEnhanced rim joint stiffness for handling performance.\n\nBead wire",,,taxable,,1,,,0,0,,,,,1,,,190.61,Tyres,2157015,,https://www.tiromobiletyres.com.au/wp-content/uploads/2025/12/HANKOOK-VANTRA-LT-RA18-img.jpg,,,,,,,,,0,HANKOOK,"Product IP",2020152,1,1,"Tyre Type","LIGHT TRUCK",1,1,Pattern,"VANTRA LT RA18",1,1,Size,"215/70R15 109S",1,1,Width,215,1,1,Profile,70,1,1,Diameter,15,1,1,"Load Index",109,1,1,"Speed Rating",S,1,1,,,,,,,,,,,,,"VANTRA LT RA18","215/70R15 109S",,,,,,,,,,,,,,,,,,
418,simple,,,"KUMHO PORTRAN KC53 - 2210793",1,0,visible,,"The PorTran KC53 van tyre is a powerful tyre designed for heavy commercial usage, and is ideal for vans, people movers and mobile homes. The new generation for light commercial vehicle tyre with high mileage and good handling properties.\n\n\n<strong>Features:</strong>\n\n<strong>Handling performance</strong>\n<ul>\n<li>Wider tread width & solid centre rib for dry handling</li>\n<li>Increased cavity volume wide straight circumferential for wet handling /aquaplaning</li>\n<li>Low RR and high mileage</li>\n</ul>\n\n<strong>Rib style tread pattern</strong>\n<ul>\n<li>Optimised pitch sequence with multi-pitch</li>\n<li>Optimised void design to maintain rib stiffness</li>\n</ul>\n",,,taxable,,1,,,0,0,,,,,1,,,221.08,Tyres,2157015,,https://www.tiromobiletyres.com.au/wp-content/uploads/2025/12/KUMHO-PORTRAN-KC53-img.jpg,,,,,,,,,0,KUMHO,"Product IP",2210793,1,1,"Tyre Type",LT,1,1,Pattern,"PORTRAN KC53",1,1,Size,"215/70R15 109/107T",1,1,Width,215,1,1,Profile,70,1,1,Diameter,15,1,1,"Load Index",109/107,1,1,"Speed Rating",T,1,1,,,,,,,,,,,,,"PORTRAN KC53","215/70R15 109/107T",,,,,approved,,,,,,,,,,,,,
420,simple,,,"ZETA ZIVARO A/T - ZTAMS03.131.01",1,0,visible,,"The Zeta ZIVARO is high-performance tyre designed for the most demanding applications. The tread pattern is designed for fast and safe operation in the A/T segment.",,,taxable,,1,,,0,0,,,,,0,,,145.00,"All Terrian, Tyres","2157515, A/T",,https://www.tiromobiletyres.com.au/wp-content/uploads/2025/12/ZETA-ZIVARO-AT-img.jpg,,,,,,,,,0,ZETA,"Product IP",ZTAMS03.131.01,1,1,"Tyre Type","LIGHT TRUCK",1,1,Pattern,"ZIVARO A/T",1,1,Size,"215/75R15 100/97S",1,1,Width,215,1,1,Profile,75,1,1,Diameter,15,1,1,"Load Index",100/97,1,1,"Speed Rating",S,1,1,,,,,,,,,,,,,"ZIVARO A/T","215/75R15 100/97S",,,,,approved,,,,,,,,,,,,,
422,simple,,,"HANKOOK DYNAPRO AT2 XTR RF12 - 2021652",1,0,visible,,,,,taxable,,1,,,0,0,,,,,1,,,208.65,"All Terrian, Tyres","2157515, A/T",,https://www.tiromobiletyres.com.au/wp-content/uploads/2025/12/HANKOOK-DYNAPRO-AT2-XTR-img.jpg,,,,,,,,,0,HANKOOK,"Product IP",2021652,1,1,"Tyre Type","4X4 / SUV (A-T)",1,1,Pattern,"DYNAPRO AT2 XTR RF12",1,1,Size,"215/75R15 100S",1,1,Width,215,1,1,Profile,75,1,1,Diameter,15,1,1,"Load Index",100,1,1,"Speed Rating",S,1,1,,,,,,,,,,,,,"DYNAPRO AT2 XTR RF12","215/75R15 100S",,,,,approved,,,,,,,,,,,,,
424,simple,,,"NANKANG N605 TOURSPORT - NA2157515",1,0,visible,,"<strong>Key Features:</strong>\n<ul>\n<li>All season non-directional</li>\n<li>Surefooted all round performance</li>\n<li>Quiet, comfortable ride</li>\n<li>Inch 13-17</li>\n<li>Series 50-75</li>\n</ul>",,,taxable,,1,,,0,0,,,,,1,,,162.69,Tyres,2157515,,https://www.tiromobiletyres.com.au/wp-content/uploads/2025/12/NANKANG-N605-TOURSPORT-img.jpg,,,,,,,,,0,NANKANG,"Product IP",NA2157515,1,1,"Tyre Type",PASSENGER,1,1,Pattern,"N605 TOURSPORT",1,1,Size,"215/75R15 100H",1,1,Width,215,1,1,Profile,75,1,1,Diameter,15,1,1,"Load Index",100,1,1,"Speed Rating",H,1,1,,,,,,,,,,,,,"N605 TOURSPORT","215/75R15 100H",,,,,approved,,,,,,,,,,,,,
426,simple,,,"NANKANG AT-5 - NAL2157515AT5",1,0,visible,,"Built to handle a variety of conditions, the NANKANG CONQUEROR AT-5 is a great choice for drivers that want a versatile tire capable of driving on difficult terrain. The alpine marking on the AT-5’s sidewall signifies its proven ability to perform reliably on snow or icy roads. It is also pinned for studs to allow additional winter traction. 50,000 mile warranty and severe service emblem.\n\n<strong>Key Features:</strong>\n<ul>\n<li>Large voids and circumferential grooves facilitate water and dirt evacuation to enhance all-terrain performance and improve wet traction and handling</li>\n<li>Special high-tech silica compound has been integrated into ALL LT sizes, which provides superior grip, durability, traction and stopping performance in wet and winter conditions</li>\n<li>Rugged shoulders and serrated sidewall design provides additional off-road grip</li>\n<li>All E/10 Light Truck sizes have reinforced 3 ply sidewall to provide additional impact protection and increased abrasion resistance</li>\n</ul>",,,taxable,,1,,,0,0,,,,,1,,,193.23,"All Terrian, Tyres","2157515, A/T",,https://www.tiromobiletyres.com.au/wp-content/uploads/2025/12/NANKANG-AT-5-img.jpg,,,,,,,,,0,NANKANG,"Product IP",NAL2157515AT5,1,1,"Tyre Type","RV 4WD & SUV",1,1,Pattern,AT5,1,1,Size,"215/75R15 100/97S",1,1,Width,215,1,1,Profile,75,1,1,Diameter,15,1,1,"Load Index",100/97,1,1,"Speed Rating",S,1,1,,,,,,,,,,,,,AT5,"215/75R15 100/97S",,,,,approved,,,,,,,,,,,,,
428,simple,,,"ZETA ZTR18 - ZTAMS023",1,0,visible,,"<strong>Features:</strong>\n<ul>\n<li>Non-directional twists and turn groove new design provides outstanding grip when driving on all season application, even in stony, muddy and off-road condition surfaces.</li>\n<li>Continuous channels ensure faster and more effective water explosion from the contact patch.</li>\n<li>Special tread compound reduces fuel consumption and increases higher mileage to reach the economic and valuable tyre.</li>\n</ul>",,,taxable,,1,,,0,0,,,,,0,,,140.00,Tyres,2257015,,https://www.tiromobiletyres.com.au/wp-content/uploads/2025/12/ZETA-ZTR18-image.jpg,,,,,,,,,0,ZETA,"Product IP",ZTAMS023,1,1,"Tyre Type","LIGHT TRUCK",1,1,Pattern,ZTR18,1,1,Size,"225/70R15 112/112S",1,1,Width,225,1,1,Profile,70,1,1,Diameter,15,1,1,"Load Index",112/112,1,1,"Speed Rating",S,1,1,,,,,,,,,,,,,ZTR18,"225/70R15 112/112S",,,,,approved,,,,,,,,,,,,,
429,simple,,,"MICHELIN AGILIS 3 - 743532",1,0,visible,,,,,taxable,,1,,,0,0,,,,,0,,,328.42,Tyres,2257015,,https://www.tiromobiletyres.com.au/wp-content/uploads/2025/12/MICHELIN-AGILIS-3-img.jpg,,,,,,,,,0,MICHELIN,"Product IP",743532,1,1,"Tyre Type","LIGHT TRUCK",1,1,Pattern,"AGILIS 3",1,1,Size,"225/70R15 112/110S",1,1,Width,225,1,1,Profile,70,1,1,Diameter,15,1,1,"Load Index",112/110,1,1,"Speed Rating",S,1,1,,,,,,,,,,,,,"AGILIS 3","225/70R15 112/110S",,,,,approved,,,,,,,,,,,,,
431,simple,,,"NANKANG N605 TOURSPORT - NA2257015",1,0,visible,,"<strong>Key Features:</strong>\n<ul>\n<li>All season non-directional</li>\n<li>Surefooted all round performance</li>\n<li>Quiet, comfortable ride</li>\n<li>Inch 13-17</li>\n<li>Series 50-75</li>\n</ul>",,,taxable,,1,,,0,0,,,,,1,,,163.76,Tyres,2257015,,https://www.tiromobiletyres.com.au/wp-content/uploads/2025/12/NANKANG-N605-TOURSPORT-img.jpg,,,,,,,,,0,NANKANG,"Product IP",NA2257015,1,1,"Tyre Type",PASSENGER,1,1,Pattern,"N605 TOURSPORT",1,1,Size,"225/70R15 100H",1,1,Width,225,1,1,Profile,70,1,1,Diameter,15,1,1,"Load Index",100,1,1,"Speed Rating",H,1,1,,,,,,,,,,,,,"N605 TOURSPORT","225/70R15 100H",,,,,,,,,,,,,,,,,,
432,simple,,,"NEXEN RODIAN CT8 - 17275NXC",1,0,visible,,,,,taxable,,1,,,0,0,,,,,1,,,165.60,Tyres,2257015,,https://www.tiromobiletyres.com.au/wp-content/uploads/2025/12/NEXEN-RODIAN-CT8-img.jpg,,,,,,,,,0,NEXEN,"Product IP",17275NXC,1,1,Pattern,"RODIAN CT8",1,1,Size,"225/70R15 112/110T",1,1,Width,225,1,1,Profile,70,1,1,Diameter,15,1,1,"Load Index",112/110,1,1,"Speed Rating",T,1,1,,,,,,,,,,,,,,,,,"RODIAN CT8","225/70R15 112/110T",,,,,,,,,,,,,,,,,,
434,simple,,,"NANKANG N605 TOURSPORT - NA2257515",1,0,visible,,"<strong>Key Features:</strong>\n<ul>\n<li>All season non-directional</li>\n<li>Surefooted all round performance</li>\n<li>Quiet, comfortable ride</li>\n<li>Inch 13-17</li>\n<li>Series 50-75</li>\n</ul>",,,taxable,,1,,,0,0,,,,,1,,,168.05,Tyres,2257515,,https://www.tiromobiletyres.com.au/wp-content/uploads/2025/12/NANKANG-N605-TOURSPORT-img.jpg,,,,,,,,,0,NANKANG,"Product IP",NA2257515,1,1,"Tyre Type",PASSENGER,1,1,Pattern,"N605 TOURSPORT",1,1,Size,"225/75R15 102H",1,1,Width,225,1,1,Profile,75,1,1,Diameter,15,1,1,"Load Index",102,1,1,"Speed Rating",H,1,1,,,,,,,,,,,,,"N605 TOURSPORT","225/75R15 102H",,,,,,,,,,,,,,,,,,
435,simple,,,"NANKANG N605 TOURSPORT - NA2257515W",1,0,visible,,"<strong>Key Features:</strong>\n<ul>\n<li>All season non-directional</li>\n<li>Surefooted all round performance</li>\n<li>Quiet, comfortable ride</li>\n<li>Inch 13-17</li>\n<li>Series 50-75</li>\n</ul>",,,taxable,,1,,,0,0,,,,,1,,,188.94,Tyres,2257515,,https://www.tiromobiletyres.com.au/wp-content/uploads/2025/12/NANKANG-N605-TOURSPORT-img.jpg,,,,,,,,,0,NANKANG,"Product IP",NA2257515W,1,1,"Tyre Type",PASSENGER,1,1,Pattern,"N605 TOURSPORT",1,1,Size,"225/75R15 105H",1,1,Width,225,1,1,Profile,75,1,1,Diameter,15,1,1,"Load Index",105,1,1,"Speed Rating",H,1,1,,,,,,,,,,,,,"N605 TOURSPORT","225/75R15 105H",,,,,approved,,,,,,,,,,,,,
436,simple,,,"BRIDGESTONE DUELER A/T D697 - 11000897",1,0,visible,,"The ultimate 4WD all terrain tyre, designed and tested to withstand Australia’s harshest outback conditions.Its proven superior wear life and better resistance to cutting and chipping make it the number one choice for all terrain adventuring. Dueler is tough enough to bring you back.\n\n<strong>Features:</strong>\n<ul>\n<li>Longer wear life on and off road</li>\n<li>Tougher construction for superior puncture resistance</li>\n<li>Quiet, comfortable ride on any terrain</li>\n</ul>",,,taxable,,1,,,0,0,,,,,1,,,290.42,"All Terrian, Tyres","2257515, A/T",,https://www.tiromobiletyres.com.au/wp-content/uploads/2025/12/BRIDGESTONE-DUELER-AT-img.jpg,,,,,,,,,0,BRIDGESTONE,"Product IP",11000897,1,1,"Tyre Type",4X4,1,1,Pattern,"DUELER A/T D697",1,1,Size,"225/75R15 110S",1,1,Width,225,1,1,Profile,75,1,1,Diameter,15,1,1,"Load Index",110,1,1,"Speed Rating",S,1,1,,,,,,,,,,,,,"DUELER A/T D697","225/75R15 110S",,,,,approved,,,,,,,,,,,,,
438,simple,,,"WESTLAKE SU307 - TRZMS035",1,0,visible,,"All-Season High Performance Passenger SUV tyre\n\n<strong>Features:</strong>\n<ul>\n<li>All season silica-based compound</li>\n<li>Two wide circumferential grooves</li>\n<li>Reinforced tread blocks</li>\n<li>M+S Rated</li>\n</ul>\n\n<strong>Benefits:</strong>\n<ul>\n<li>For improved wet and dry traction without sacrificing tread wear</li>\n<li>Ensure quick and efficient water evacuation</li>\n<li>Enable maximum rubber-to-road contact for better handling</li>\n</ul>",,,taxable,,1,,,0,0,,,,,1,,,140.00,Tyres,2257515,,https://www.tiromobiletyres.com.au/wp-content/uploads/2025/12/WESTLAKE-SU307-img.jpg,,,,,,,,,0,WESTLAKE,"Product IP",TRZMS035,1,1,"Tyre Type",SUV,1,1,Pattern,SU307,1,1,Size,"225/75R15 102H",1,1,Width,225,1,1,Profile,75,1,1,Diameter,15,1,1,"Load Index",102,1,1,"Speed Rating",H,1,1,,,,,,,,,,,,,SU307,"225/75R15 102H",,,,,approved,,,,,,,,,,,,,
440,simple,,,"ZETA TOLEDO - ZTAMS027",1,0,visible,,"TOLEDO is 4x4 tyre especially developed for multi-purpose and 4FWD vehicles. Tread pattern designed to provide exceptional all-terrain traction and control for both on/off road, and in an all weather conditions.\n\n<strong>Features:</strong>\n<ul>\n<li>5-row aggressive tread pattern designed for supreme grip, helped by having self-cleaning tread lugs.</li>\n<li>The blocks are set in offset arrangement, thereby generating extremely low noise levels.</li>\n<li>Tractive zigzag grooves to give added traction, giving prompt steering response and mobility and grip on any loose or muddy surface.</li>\n</ul>",,,taxable,,1,,,0,0,,,,,0,,,168.03,Tyres,2357515,,https://www.tiromobiletyres.com.au/wp-content/uploads/2025/12/ZETA-TOLEDO-img.jpg,,,,,,,,,0,ZETA,"Product IP",ZTAMS027,1,1,"Tyre Type","LIGHT TRUCK",1,1,Pattern,TOLEDO,1,1,Size,"235/75R15 110/110S",1,1,Width,235,1,1,Profile,75,1,1,Diameter,15,1,1,"Load Index",110/110,1,1,"Speed Rating",S,1,1,,,,,,,,,,,,,TOLEDO,"235/75R15 110/110S",1786111979,synced,1788318150,sync-and-show,approved,,,,,,,,,,,,,
442,simple,,,"SUMAXX MAX TERRA M/T - SNMAXX-045",1,0,visible,,,,,taxable,,1,,,0,0,,,,,0,,,169.00,"Mud Terrain, Tyres","2357515, M/T",,https://www.tiromobiletyres.com.au/wp-content/uploads/2025/12/SUMAXX-MAX-TERRA-MT-img.jpg,,,,,,,,,0,SUMAXX,"Product IP",SNMAXX-045,1,1,"Tyre Type",4X4,1,1,Pattern,"MAX TERRA M/T",1,1,Size,"235/75R15 104/101Q",1,1,Width,235,1,1,Profile,75,1,1,Diameter,15,1,1,"Load Index",104/101,1,1,"Speed Rating",Q,1,1,,,,,,,,,,,,,"MAX TERRA M/T","235/75R15 104/101Q",1786112029,has-errors,,sync-and-show,approved,,,,,,,,,,,,,
444,simple,,,"ZETA ZIVARO A/T - ZTAMS1652",1,0,visible,,"The Zeta ZIVARO is high-performance tyre designed for the most demanding applications. The tread pattern is designed for fast and safe operation in the A/T segment.",,,taxable,,1,,,0,0,,,,,0,,,179.00,"All Terrian, Tyres","2357515, A/T",,https://www.tiromobiletyres.com.au/wp-content/uploads/2025/12/ZETA-ZIVARO-AT-img-1.jpg,,,,,,,,,0,ZETA,"Product IP",ZTAMS1652,1,1,"Tyre Type","LIGHT TRUCK",1,1,Pattern,"ZIVARO A/T",1,1,Size,"235/75R15 110/110S",1,1,Width,235,1,1,Profile,75,1,1,Diameter,15,1,1,"Load Index",110/110,1,1,"Speed Rating",S,1,1,,,,,,,,,,,,,"ZIVARO A/T","235/75R15 110/110S",1786111903,synced,1788318150,sync-and-show,approved,,,,,,,,,,,,,
446,simple,,,"FALKEN WILDPEAK A/T AT3W - 2357515AT3",1,0,visible,,"The WILDPEAK AT3W is engineered for adventure, any time and in any weather. The tyre combines aggressive off-road ability and rugged terrain driving without compromise on the pavement. An optimised tread design combined with a silica tread compound enables the tyre to excel in three areas: wear, winter, and wet performance. The tyre is packed with technology, from Falken’s patented 3D Canyon Sipes to an all-new proprietary lower sidewall. Full-depth sipes and grooves maintain consistent performance and appearance throughout the life of the tyre.",,,taxable,,1,,,0,0,,,,,0,,,246.99,"All Terrian, Tyres","2357515, A/T",,https://www.tiromobiletyres.com.au/wp-content/uploads/2025/12/FALKEN-WILDPEAK-AT-AT3W-img.jpg,,,,,,,,,0,FALKEN,"Product IP",2357515AT3,1,1,"Tyre Type",4X4,1,1,Pattern,"WILDPEAK A/T AT3W",1,1,Size,"235/75R15 109T",1,1,Width,235,1,1,Profile,75,1,1,Diameter,15,1,1,"Load Index",109,1,1,"Speed Rating",T,1,1,,,,,,,,,,,,,"WILDPEAK A/T AT3W","235/75R15 109T",1786112098,synced,1788318150,sync-and-show,approved,,,,,,,,,,,,,
449,simple,,,"YOKOHAMA BLUEARTH-VAN RY55 - E4754",1,0,visible,,,,,taxable,,1,,,0,0,,,,,1,,,189.30,Tyres,195R15C,,https://www.tiromobiletyres.com.au/wp-content/uploads/2025/12/YOKOHAMA-BLUEARTH-VAN-RY55-img.jpg,,,,,,,,,0,YOKOHAMA,"Product IP",E4754,1,1,"Tyre Type",4X4,1,1,Pattern,"BLUEARTH-VAN RY55",1,1,Size,"195R15C 106/104S",1,1,Width,195,1,1,Profile,R,1,1,Diameter,15,1,1,"Load Index",106/104,1,1,"Speed Rating",S,1,1,,,,,,,,,,,,,"BLUEARTH-VAN RY55","195R15C 106/104S",,,,,approved,,,,,,,,,,,,,
451,simple,,,"BRIDGESTONE DURAVIS R623 - 11006117",1,0,visible,,,,,taxable,,1,,,0,0,,,,,1,,,229.19,Tyres,195R15C,,https://www.tiromobiletyres.com.au/wp-content/uploads/2025/12/BRIDGESTONE-DURAVIS-R623-img.jpg,,,,,,,,,0,BRIDGESTONE,"Product IP",11006117,1,1,"Tyre Type","LIGHT TRUCK",1,1,Pattern,"DURAVIS R623",1,1,Size,"195R15C 106/104S",1,1,Width,195,1,1,Profile,R,1,1,Diameter,15,1,1,"Load Index",106/104,1,1,"Speed Rating",S,1,1,,,,,,,,,,,,,"DURAVIS R623","195R15C 106/104S",,,,,approved,,,,,,,,,,,,,
452,simple,,,"ZETA  ZTR10 -  ZTAMS03.114.01",1,0,visible,"<strong>Features:</strong>\n<ul class=""list"">\n<li>Elegant directional pattern, with ultra low profile design for cars with top speeds exceeding rate, and produced in technical series 55-35 and above 16"".</li>\n<li>Optimum balance between extreme performance, comfort, low noise, and outstanding wet grip.</li>\n<li>Superb road holding and maximum speed of response in any condition of high speed driving, and full range rim protector available</li>\n</ul>","<strong>Features</strong>:\n<ul>\n<li>Elegant directional pattern, with ultra low profile design for cars with top speeds exceeding rate, and produced in technical series 55-35 and above 16"".</li>\n\n<li>Optimum balance between extreme performance, comfort, low noise, and outstanding wet grip.</li>\n\n<li>Superb road holding and maximum speed of response in any condition of high speed driving, and full range rim protector available</li>\n</ul>",,,taxable,,1,,,0,0,,,,,0,,,112.78,Tyres,1955016,,https://www.tiromobiletyres.com.au/wp-content/uploads/2025/10/ZETA_ZTR10.jpg,,,,,,,,,0,ZETA,"Product IP",ZTAMS03.114.01,1,1,"Tyre Type",UHP,1,1,Pattern,ZTR10,1,1,Size,"195/50R16 84V",1,1,Width,195,1,1,Profile,50,1,1,Diameter,16,1,1,"Load Index",84,1,1,"Speed Rating",V,1,1,,,,,,,,,,,90,1,ZTR10,"195/50R16 84V",1782899922,,,sync-and-show,approved,yes,yes,,,product,,,,,,,,
455,simple,,,"ROYAL BLACK ROYALCOMMERCIAL - 2R026H1",1,0,visible,,,,,taxable,,1,,,0,0,,,,,1,,,117.00,Tyres,195R15C,,https://www.tiromobiletyres.com.au/wp-content/uploads/2025/12/ROYAL-BLACK-COMMERCIAL-img.jpg,,,,,,,,,0,"ROYAL BLACK","Product IP",2R026H1,1,1,"Tyre Type","LIGHT TRUCK",1,1,Pattern,ROYALCOMMERCIAL,1,1,Size,"195R15C 106/104R",1,1,Width,195,1,1,Profile,R,1,1,Diameter,15,1,1,"Load Index",106/104,1,1,"Speed Rating",R,1,1,,,,,,,,,,,,,ROYALCOMMERCIAL,"195R15C 106/104R",,,,,approved,,,,,,,,,,,,,
457,simple,,,"ROYAL BLACK ROYAL VAN - RK062W1",1,0,visible,,,,,taxable,,1,,,0,0,,,,,1,,,117.00,Tyres,195R15C,,https://www.tiromobiletyres.com.au/wp-content/uploads/2025/12/ROYAL-BLACK-ROYAL-VAN-img.jpg,,,,,,,,,0,"ROYAL BLACK","Product IP",RK062W1,1,1,"Tyre Type","LIGHT TRUCK",1,1,Pattern,"ROYAL VAN",1,1,Size,"195R15C 106/104R",1,1,Width,195,1,1,Profile,R,1,1,Diameter,15,1,1,"Load Index",106/104,1,1,"Speed Rating",R,1,1,,,,,,,,,,,,,"ROYAL VAN","195R15C 106/104R",,,,,,,,,,,,,,,,,,
465,simple,,,"FALKEN ZE310R - AU10352180",1,0,visible,,,,,taxable,,1,,,0,0,,,,,1,,,152.10,Tyres,1955016,,https://www.tiromobiletyres.com.au/wp-content/uploads/2025/12/FALKEN-ZE310R-img.webp,,,,,,,,,0,FALKEN,"Product IP",AU10352180,1,1,Pattern,ZE310R,1,1,Size,"195/50R16 88V",1,1,Width,195,1,1,Profile,50,1,1,Diameter,16,1,1,"Load Index",88,1,1,"Speed Rating",V,1,1,,,,,,,,,,,,,,,,,ZE310R,"195/50R16 88V",,,,,,,,,,,,,,,,,,
466,simple,,,"CONTINENTAL ULTRACONTACT UC7 - 0312020",1,0,visible,,,,,taxable,,1,,,0,0,,,,,1,,,183.26,Tyres,1955016,,https://www.tiromobiletyres.com.au/wp-content/uploads/2025/12/CONTINENTAL-ULTRACONTACT-UC7-img.jpg,,,,,,,,,0,CONTINENTAL,"Product IP",0312020,1,1,"Tyre Type",PASSENGER,1,1,Pattern,"ULTRACONTACT UC7",1,1,Size,"195/50R16 88V",1,1,Width,195,1,1,Profile,50,1,1,Diameter,16,1,1,"Load Index",88,1,1,"Speed Rating",V,1,1,,,,,,,,,,,,,"ULTRACONTACT UC7","195/50R16 88V",1783760413,,,,approved,,,,,,,,,,,,,
468,simple,,,"BRIDGESTONE POTENZA ADRENALIN RE003 - 11004509",1,0,visible,,"The Potenza Adrenalin RE003 has raised the bar even higher for sports performance tyres. Cutting-edge technology in the unique tread pattern and tyre’s composition has created a performance tyre that delivers an incredible driving experience for sports car drivers and enthusiasts.\n\n<strong>Features:</strong>\n<ul>\n<li>Precise handling and cornering performance</li>\n<li>Increased handling stability provides powerful traction in dry conditions</li>\n<li>Better groove drainage and anti-hydroplaning performance</li>\n<li>Enhanced wet braking capabilities and reduced irregular wear</li>\n</ul>",,,taxable,,1,,,0,0,,,,,1,,,242.71,Tyres,1955016,,https://www.tiromobiletyres.com.au/wp-content/uploads/2025/12/BRIDGESTONE-POTENZA-ADRENALIN-RE003-img.jpg,,,,,,,,,0,BRIDGESTONE,"Product IP",11004509,1,1,"Tyre Type",UHP,1,1,Pattern,"POTENZA ADRENALIN RE003",1,1,Size,"195/50R16 84V",1,1,Width,195,1,1,Profile,50,1,1,Diameter,16,1,1,"Load Index",84,1,1,"Speed Rating",V,1,1,,,,,,,,,,,,,"POTENZA ADRENALIN RE003","195/50R16 84V",1783760114,,,,approved,,,,,,,,,,,,,
470,simple,,,"Zeta Alventi - ZETAMS03.074.03",1,0,visible,,"New designed Asymmetric tread pattern , enhanced UHP tyre block stiffness for heavy loads, and ensure vehicle has been controlled perfect under any road conditions.\n\n<strong>KEY FEATURES:</strong>\n<ul>\n<li>Optimized pitch variance design & tread formula with high silica rubber reduces noise, innovative grip, improved mileage as well.</li>\n<li>4 straight grooves provide excellent smooth water dispersion and high levels of wet handling.</li>\n<li>Three solid longitudinal ribs improved braking and linear stability during high speed.</li>\n</ul>\n",,,taxable,,1,,,0,0,,,,,0,,,113.00,Tyres,1955516,,https://www.tiromobiletyres.com.au/wp-content/uploads/2025/10/Zeta-Alventi-img.jpg,,,,,,,,,0,ZETA,"Product IP",ZETAMS03.074.03,1,1,"Tyre Type",PCR,1,1,Pattern,ALVENTI,1,1,Size,"195/55R16 91W",1,1,Width,195,1,1,Profile,55,1,1,Diameter,16,1,1,"Load Index",91,1,1,"Speed Rating",W,1,1,,,,,,,,,,,90,1,ALVENTI,"195/55R16 91W",1782903513,,,sync-and-show,approved,yes,yes,,,product,,,,,,,,
471,simple,,,"GENERAL ALTIMAX GS5 - 1550205",1,0,visible,,,,,taxable,,1,,,0,0,,,,,0,,,139.00,Tyres,1955516,,https://www.tiromobiletyres.com.au/wp-content/uploads/2025/10/General-Altimax-Gs5-img.jpg,,,,,,,,,0,GENERAL,"Product IP",1550205,1,1,"Tyre Type",PCR,1,1,Pattern,"ALTIMAX GS5",1,1,Size,"195/55R16 91V",1,1,Width,195,1,1,Profile,55,1,1,Diameter,16,1,1,"Load Index",91,1,1,"Speed Rating",V,1,1,,,,,,,,,,,,,"ALTIMAX GS5","195/55R16 91V",1783761469,,,,approved,,,,,,,,,,,,,
472,simple,,,"Zeta Alventi - ZETAMS03.074.04",1,0,visible,,"New designed Asymmetric tread pattern , enhanced UHP tyre block stiffness for heavy loads, and ensure vehicle has been controlled perfect under any road conditions.\n\n<strong>KEY FEATURES:</strong>\n<ul>\n<li>Optimized pitch variance design & tread formula with high silica rubber reduces noise, innovative grip, improved mileage as well.</li>\n<li>4 straight grooves provide excellent smooth water dispersion and high levels of wet handling.</li>\n<li>Three solid longitudinal ribs improved braking and linear stability during high speed.</li>\n</ul>\n",,,taxable,,1,,,0,0,,,,,0,,,135.47,Tyres,"1955516, Runflat",,https://www.tiromobiletyres.com.au/wp-content/uploads/2025/10/Zeta-Alventi-img.jpg,,,,,,,,,0,ZETA,"Product IP",ZETAMS03.074.04,1,1,"Tyre Type",RUNFLAT,1,1,Pattern,ALVENTI,1,1,Size,"195/55ZR16 87V",1,1,Width,195,1,1,Profile,55,1,1,Diameter,16,1,1,"Load Index",87,1,1,"Speed Rating",V,1,1,,,,,,,,,,,,,ALVENTI,"195/55ZR16 87V",,,,,,,,,,,,,,,,,,
473,simple,,,"KUMHO ECOWING ES01 KH27 - 1235090",1,0,visible,,"Fuel-saving tyres of the new generation. The ecowing has all the economy and eco-friendly characteristics of the KH30 with greatly improved handling.\n\n<strong>Features:</strong>\n<ul>\n<li>The ecowing ES01 (KH27) contains fuel economy and eco-friendly characteristics with great handling performance</li>\n<li>The ecowing KH27 recorded greater levels of rolling resistance and 5.1% better fuel economy than the equivalent conventional tyres</li>\n<li>OE for BMW 2, Volkswagen Polo and Hyundai Elantra</li>\n</ul>\n\n<strong>Better wet grip & traction performance</strong>\nBy strengthened rib and improved centre block pattern\n\n<strong>Handling & cornering</strong>\nClosed & notch shoulder gives better handling, better wet grip\n\n<strong>LRR(Low Rolling Resistance)</strong>\nSpecial high dispersion silica new sidewall material minimises sidewall deformation and lowers energy loss\n\n<strong>Improved handling</strong>\nLongitudinal 3 channel & wide lateral groove improves water clearance for high levels of wet performance",,,taxable,,1,,,0,0,,,,,1,,,166.85,Tyres,1955516,,https://www.tiromobiletyres.com.au/wp-content/uploads/2025/12/KUMHO-ECOWING-ES01-img.jpg,,,,,,,,,0,KUMHO,"Product IP",1235090,1,1,"Tyre Type",UHP,1,1,Pattern,"ECOWING ES01 KH27",1,1,Size,"195/55R16 87H",1,1,Width,195,1,1,Profile,55,1,1,Diameter,16,1,1,"Load Index",87,1,1,"Speed Rating",H,1,1,,,,,,,,,,,,,"ECOWING ES01 KH27","195/55R16 87H",1783761284,,,,approved,,,,,,,,,,,,,
475,simple,,,"ZETA ZTR10 - ZTAMS092",1,0,visible,,"<strong>Features</strong>:\n<ul>\n<li>Elegant directional pattern, with ultra low profile design for cars with top speeds exceeding rate, and produced in technical series 55-35 and above 16"".</li>\n\n<li>Optimum balance between extreme performance, comfort, low noise, and outstanding wet grip.</li>\n\n<li>Superb road holding and maximum speed of response in any condition of high speed driving, and full range rim protector available</li>\n</ul>",,,taxable,,1,,,0,0,,,,,0,,,118.65,Tyres,2055016,,https://www.tiromobiletyres.com.au/wp-content/uploads/2025/10/ZETA_ZTR10.jpg,,,,,,,,,0,ZETA,"Product IP",ZTAMS092,1,1,"Tyre Type",UHP,1,1,Pattern,ZTR10,1,1,Size,"205/50R16 87W",1,1,Width,205,1,1,Profile,50,1,1,Diameter,16,1,1,"Load Index",87,1,1,"Speed Rating",W,1,1,,,,,,,,,,,90,1,ZTR10,"205/50R16 87W",1782903300,,,sync-and-show,expiring,yes,yes,,,product,,,,,,,,
476,simple,,,"BRIDGESTONE POTENZA ADRENALIN RE003 - 11002928",1,0,visible,,"The Potenza Adrenalin RE003 has raised the bar even higher for sports performance tyres. Cutting-edge technology in the unique tread pattern and tyre’s composition has created a performance tyre that delivers an incredible driving experience for sports car drivers and enthusiasts.\n\n<strong>Features</strong>:\n<ul>\n<li>Precise handling and cornering performance</li>\n<li>Increased handling stability provides powerful traction in dry conditions</li>\n<li>Better groove drainage and anti-hydroplaning performance</li>\n<li>Enhanced wet braking capabilities and reduced irregular wear</li>\n</ul>",,,taxable,,1,,,0,0,,,,,0,,,242.03,Tyres,2055016,,https://www.tiromobiletyres.com.au/wp-content/uploads/2025/12/BRIDGESTONE-POTENZA-ADRENALIN-RE003-img.jpg,,,,,,,,,0,BRIDGESTONE,"Product IP",11002928,1,1,"Tyre Type",UHP,1,1,Pattern,"POTENZA ADRENALIN RE003",1,1,Size,"205/50R16 87W",1,1,Width,205,1,1,Profile,50,1,1,Diameter,16,1,1,"Load Index",87,1,1,"Speed Rating",W,1,1,,,,,,,,,,,,,"POTENZA ADRENALIN RE003","205/50R16 87W",1783761750,,,,approved,,,,,,,,,,,,,
477,simple,,,"MICHELIN PILOT SPORT 4 - 673997",1,0,visible,,,,,taxable,,1,,,0,0,,,,,0,,,277.64,Tyres,2055016,,https://www.tiromobiletyres.com.au/wp-content/uploads/2025/12/MICHELIN-PILOT-SPORT-4-img.jpg,,,,,,,,,0,MICHELIN,"Product IP",673997,1,1,"Tyre Type",UHP,1,1,Pattern,"PILOT SPORT 4",1,1,Size,"205/50R16 91W",1,1,Width,205,1,1,Profile,50,1,1,Diameter,16,1,1,"Load Index",91,1,1,"Speed Rating",W,1,1,,,,,,,,,,,,,"PILOT SPORT 4","205/50R16 91W",,,,,approved,,,,,,,,,,,,,
479,simple,,,"NEXEN NFERA SU4 - 12430NXC",1,0,visible,,,,,taxable,,1,,,0,0,,,,,0,,,164.14,Tyres,2055016,,https://www.tiromobiletyres.com.au/wp-content/uploads/2025/12/NEXEN-NFERA-SU4-img.jpg,,,,,,,,,0,NEXEN,"Product IP",12430NXC,1,1,"Tyre Type",UHP,1,1,Pattern,"NFERA SU4",1,1,Size,"205/50R16 87W",1,1,Width,205,1,1,Profile,50,1,1,Diameter,16,1,1,"Load Index",87,1,1,"Speed Rating",W,1,1,,,,,,,,,,,,,"NFERA SU4","205/50R16 87W",1783761937,,,,approved,,,,,,,,,,,,,
482,simple,,,"Forceland Vitality F22 - FC03216",1,0,visible,,,,,taxable,,1,,,0,0,,,,,1,,,110.00,Tyres,2056016,,https://www.tiromobiletyres.com.au/wp-content/uploads/2025/10/VITALITY-F22.jpg,,,,,,,,,0,Forceland,"Product IP",FC03216,1,1,Pattern,"Vitality F22",1,1,Size,"205/60R16 92H",1,1,Width,205,1,1,Profile,60,1,1,Diameter,16,1,1,"Load Index",92,1,1,"Speed Rating",H,1,1,,,,,,,,,,,,,,,,,"Vitality F22","205/60R16 92H",1783764209,,,,approved,,,,,,,,,,,,,
484,simple,,,"Zeta Alventi - ZETAMS03.072.02",1,0,visible,,"New designed Asymmetric tread pattern , enhanced UHP tyre block stiffness for heavy loads, and ensure vehicle has been controlled perfect under any road conditions.\n\n<strong>KEY FEATURES:</strong>\n<ul>\n<li>Optimized pitch variance design & tread formula with high silica rubber reduces noise, innovative grip, improved mileage as well.</li>\n<li>4 straight grooves provide excellent smooth water dispersion and high levels of wet handling.</li>\n<li>Three solid longitudinal ribs improved braking and linear stability during high speed.</li>\n</ul>\n",,,taxable,,1,,,0,0,,,,,0,,,113.00,Tyres,2056016,,https://www.tiromobiletyres.com.au/wp-content/uploads/2025/10/Zeta-Alventi-img.jpg,,,,,,,,,0,ZETA,"Product IP",ZETAMS03.072.02,1,1,"Tyre Type",PCR,1,1,Pattern,ALVENTI,1,1,Size,"205/60R16 96V",1,1,Width,205,1,1,Profile,60,1,1,Diameter,16,1,1,"Load Index",96,1,1,"Speed Rating",V,1,1,,,,,,,,,,,,,ALVENTI,"205/60R16 96V",1783764166,,,,,,,,,,,,,,,,,
485,simple,,,"KUMHO  SOLUS TA21 - 2375153",1,0,visible,,,,,taxable,,1,,,0,0,,,,,0,,,150.07,Tyres,"205/60R16 92H",,https://www.tiromobiletyres.com.au/wp-content/uploads/2026/03/KUMHO-ECSTA-PS71-SUV-img1.jpg,,,,,,,,,0,KUMHO,"Product IP",2375153,1,1,"Tyre Type",PCR,1,1,Pattern,"SOLUS TA21",1,1,Size,"205/60R16 92H",1,1,Width,205,1,1,Profile,60,1,1,Diameter,16,1,1,"Load Index",92,1,1,"Speed Rating",H,1,1,,,,,,,,,,,90,1,"SOLUS TA21","205/60R16 92H",1783764042,,,sync-and-show,approved,yes,yes,,,product,,,,,,,,
486,simple,,,"HANKOOK  KINERGY ECO2 K435 - 1019653",1,0,visible,,"<strong>The smart choice for driver and environment</strong>",,,taxable,,1,,,0,0,,,,,1,,,145.03,Tyres,2056016,,https://www.tiromobiletyres.com.au/wp-content/uploads/2025/12/HANKOOK-KINERGY-ECO2-K435-img.jpg,,,,,,,,,0,HANKOOK,"Product IP",1019653,1,1,"Tyre Type",PCR,1,1,Pattern,"KINERGY ECO2 K435",1,1,Size,"205/60R16 92H",1,1,Width,205,1,1,Profile,60,1,1,Diameter,16,1,1,"Load Index",92,1,1,"Speed Rating",H,1,1,,,,,,,,,,,,,"KINERGY ECO2 K435","205/60R16 92H",1783763671,,,,approved,,,,,,,,,,,,,
487,simple,,,"Zeta Alventi - ZETAMS03.019.02",1,0,visible,,"New designed Asymmetric tread pattern , enhanced UHP tyre block stiffness for heavy loads, and ensure vehicle has been controlled perfect under any road conditions.\n\n<strong>KEY FEATURES:</strong>\n<ul>\n<li>Optimized pitch variance design & tread formula with high silica rubber reduces noise, innovative grip, improved mileage as well.</li>\n<li>4 straight grooves provide excellent smooth water dispersion and high levels of wet handling.</li>\n<li>Three solid longitudinal ribs improved braking and linear stability during high speed.</li>\n</ul>\n",,,taxable,,1,,,0,0,,,,,0,,,112.41,Tyres,2155516,,https://www.tiromobiletyres.com.au/wp-content/uploads/2025/10/Zeta-Alventi-img.jpg,,,,,,,,,0,ZETA,"Product IP",ZETAMS03.019.02,1,1,"Tyre Type",PCR,1,1,Pattern,ALVENTI,1,1,Size,"215/55R16 97W",1,1,Width,215,1,1,Profile,55,1,1,Diameter,16,1,1,"Load Index",97,1,1,"Speed Rating",W,1,1,,,,,,,,,,,,,ALVENTI,"215/55R16 97W",,,,,approved,,,,,,,,,,,,,
488,simple,,,"VIKING PROTECH PT6 - 15623170000",1,0,visible,,,,,taxable,,1,,,0,0,,,,,1,,,150.00,Tyres,2155516,,https://www.tiromobiletyres.com.au/wp-content/uploads/2025/12/VIKING-PROTECH-PT6-img.jpg,,,,,,,,,0,VIKING,"Product IP",15623170000,1,1,"Tyre Type",PASSENGER,1,1,Pattern,"PROTECH PT6",1,1,Size,"215/55R16 93V",1,1,Width,215,1,1,Profile,55,1,1,Diameter,16,1,1,"Load Index",93,1,1,"Speed Rating",V,1,1,,,,,,,,,,,,,"PROTECH PT6","215/55R16 93V",1784014591,,,,approved,,,,,,,,,,,,,
489,simple,,,"GENERAL ALTIMAX GS5 - 15499460000",1,0,visible,,,,,taxable,,1,,,0,0,,,,,0,,,139.00,Tyres,2155516,,https://www.tiromobiletyres.com.au/wp-content/uploads/2025/10/General-Altimax-Gs5-img.jpg,,,,,,,,,0,GENERAL,"Product IP",15499460000,1,1,"Tyre Type",PASSENGER,1,1,Pattern,"ALTIMAX GS5",1,1,Size,"XL 215/55R16 97W",1,1,Width,215,1,1,Profile,55,1,1,Diameter,16,1,1,"Load Index",97,1,1,"Speed Rating",W,1,1,,,,,,,,,,,,,"ALTIMAX GS5","XL 215/55R16 97W",,,,,approved,,,,,,,,,,,,,
490,simple,,,"KUMHO HS61 - 2170623",1,0,visible,,"<strong>KUMHO HS61 TYRE</strong>\n\nHarmony Tyre designed to balance performance and comfort\n\n<strong>Features:</strong>\nPrecision handling and Braking\ncombined with smoothness and quietness\n",,,taxable,,1,,,0,0,,,,,0,,,180.00,Tyres,2155516,,https://www.tiromobiletyres.com.au/wp-content/uploads/2025/12/KUMHO-HS61-img.jpg,,,,,,,,,0,KUMHO,"Product IP",2170623,1,1,"Tyre Type",PCR,1,1,Pattern,HS61,1,1,Size,"215/55R16 93V",1,1,Width,215,1,1,Profile,55,1,1,Diameter,16,1,1,"Load Index",93,1,1,"Speed Rating",V,1,1,,,,,,,,,,,,,HS61,"215/55R16 93V",,,,,approved,,,,,,,,,,,,,
492,simple,,,"NEXEN N'BLUE HD PLUS - 13886NXK",1,0,visible,,,,,taxable,,1,,,0,0,,,,,1,,,138.81,Tyres,2255016,,https://www.tiromobiletyres.com.au/wp-content/uploads/2025/12/NEXEN-NBLUE-HD-PLUS-img.jpg,,,,,,,,,0,NEXEN,"Product IP",13886NXK,1,1,Pattern,"N'BLUE HD PLUS",1,1,Size,"225/50R16 92V",1,1,Width,225,1,1,Profile,50,1,1,Diameter,16,1,1,"Load Index",92,1,1,"Speed Rating",V,1,1,,,,,,,,,,,,,,,90,1,"N'BLUE HD PLUS","225/50R16 92V",1782996270,,,sync-and-show,approved,yes,yes,,,product,,,,,,,,
493,simple,,,"NEXEN CP661 - NEXMS261",1,0,visible,,"<strong>FEATURES:</strong>\n<li>4 straight centre ribs ensures excellent handling & cornering along with outstanding drainage performance.</li>\n<li>4 wide longitudinal grooves – Improved drainage performance.\nStraight centre rib – Driving stability for an easily managed drive.\nWave type lateral grooves – Enhanced wet traction for maximum handling and safety in wet conditions.</li>\n<li>5 random pitch variations – Reduces noise generation for a comfortable drive with little noise disturbance by tyres.</li>\n</ul>\n\n",,,taxable,,1,,,0,0,,,,,1,,,145.00,Tyres,2255016,,https://www.tiromobiletyres.com.au/wp-content/uploads/2025/12/NEXEN-CP661-img.jpg,,,,,,,,,0,NEXEN,"Product IP",NEXMS261,1,1,"Tyre Type",UHP,1,1,Pattern,CP661,1,1,Size,"225/50R16 92V",1,1,Width,225,1,1,Profile,50,1,1,Diameter,16,1,1,"Load Index",92,1,1,"Speed Rating",V,1,1,,,,,,,,,,,90,1,CP661,"225/50R16 92V",1782996549,,,sync-and-show,approved,yes,yes,,,product,,,,,,,,
497,simple,,,"Zeta Alventi - ZTAMS101",1,0,visible,,"New designed Asymmetric tread pattern , enhanced UHP tyre block stiffness for heavy loads, and ensure vehicle has been controlled perfect under any road conditions.\n\n<strong>KEY FEATURES:</strong>\n<ul>\n<li>Optimized pitch variance design & tread formula with high silica rubber reduces noise, innovative grip, improved mileage as well.</li>\n<li>4 straight grooves provide excellent smooth water dispersion and high levels of wet handling.</li>\n<li>Three solid longitudinal ribs improved braking and linear stability during high speed.</li>\n</ul>\n",,,taxable,,1,,,0,0,,,,,0,,,119.00,Tyres,2255516,,https://www.tiromobiletyres.com.au/wp-content/uploads/2025/10/Zeta-Alventi-img.jpg,,,,,,,,,0,ZETA,"Product IP",ZTAMS101,1,1,"Tyre Type",PCR,1,1,Pattern,ALVENTI,1,1,Size,"225/55R16 99W",1,1,Width,225,1,1,Profile,55,1,1,Diameter,16,1,1,"Load Index",99,1,1,"Speed Rating",W,1,1,,,,,,,,,,,,,ALVENTI,"225/55R16 99W",,,,,approved,,,,,,,,,,,,,
498,simple,,,"Zeta Alventi - ZETAMS03.075.02",1,0,visible,,"New designed Asymmetric tread pattern , enhanced UHP tyre block stiffness for heavy loads, and ensure vehicle has been controlled perfect under any road conditions.\n\n<strong>KEY FEATURES:</strong>\n<ul>\n<li>Optimized pitch variance design & tread formula with high silica rubber reduces noise, innovative grip, improved mileage as well.</li>\n<li>4 straight grooves provide excellent smooth water dispersion and high levels of wet handling.</li>\n<li>Three solid longitudinal ribs improved braking and linear stability during high speed.</li>\n</ul>\n",,,taxable,,1,,,0,0,,,,,0,,,159.02,Tyres,"2255516, Runflat",,https://www.tiromobiletyres.com.au/wp-content/uploads/2025/10/Zeta-Alventi-img.jpg,,,,,,,,,0,ZETA,"Product IP",ZETAMS03.075.02,1,1,"Tyre Type",RUNFLAT,1,1,Pattern,ALVENTI,1,1,Size,"225/55R16 95W",1,1,Width,225,1,1,Profile,55,1,1,Diameter,16,1,1,"Load Index",95,1,1,"Speed Rating",W,1,1,,,,,,,,,,,,,ALVENTI,"225/55R16 95W",,,,,approved,,,,,,,,,,,,,
499,simple,,,"DUNLOP DIREZZA DZ102+ - 585116",1,0,visible,,,,,taxable,,1,,,0,0,,,,,0,,,175.00,Tyres,2255516,,https://www.tiromobiletyres.com.au/wp-content/uploads/2025/12/DUNLOP-DIREZZA-DZ-img.jpg,,,,,,,,,0,DUNLOP,"Product IP",585116,1,1,"Tyre Type",PASSENGER,1,1,Pattern,"DIREZZA DZ102+",1,1,Size,"225/55R16 95V",1,1,Width,225,1,1,Profile,55,1,1,Diameter,16,1,1,"Load Index",95,1,1,"Speed Rating",V,1,1,,,,,,,,,,,,,"DIREZZA DZ102+","225/55R16 95V",1784026059,,,,approved,,,,,,,,,,,,,
501,simple,,,"HANKOOK VENTUS PRIME4 K135 - 1031790",1,0,visible,,,,,taxable,,1,,,0,0,,,,,0,,,175.35,Tyres,2255516,,https://www.tiromobiletyres.com.au/wp-content/uploads/2025/12/HANKOOK-VENTUS-PRIME4-img.jpg,,,,,,,,,0,HANKOOK,"Product IP",1031790,1,1,"Tyre Type","PASS (UHP)",1,1,Pattern,"VENTUS PRIME4 K135",1,1,Size,"225/55R16 99W",1,1,Width,225,1,1,Profile,55,1,1,Diameter,16,1,1,"Load Index",99,1,1,"Speed Rating",W,1,1,,,,,,,,,,,,,"VENTUS PRIME4 K135","225/55R16 99W",1784026009,,,,approved,,,,,,,,,,,,,
503,simple,,,"VIKING TERATECH HT - 15617250000",1,0,visible,,,,,taxable,,1,,,0,0,,,,,1,,,145.00,"Highway Terrain, Tyres","2257016, H/T",,https://www.tiromobiletyres.com.au/wp-content/uploads/2025/12/VIKING-TERATECH-HT-img.jpg,,,,,,,,,0,VIKING,"Product IP",15617250000,1,1,"Tyre Type",PASSENGER,1,1,Pattern,"TERATECH HT",1,1,Size,"225/70R16 103H",1,1,Width,225,1,1,Profile,70,1,1,Diameter,16,1,1,"Load Index",103,1,1,"Speed Rating",H,1,1,,,,,,,,,,,,,"TERATECH HT","225/70R16 103H",,,,,approved,,,,,,,,,,,,,
510,simple,,,"ZETA ZIVARO A/T - ZETAMS03.121.02",1,0,visible,,"The Zeta ZIVARO is high-performance tyre designed for the most demanding applications. The tread pattern is designed for fast and safe operation in the A/T segment.",,,taxable,,1,,,0,0,,,,,0,,,147.66,"All Terrian, Tyres","2257016, A/T",,https://www.tiromobiletyres.com.au/wp-content/uploads/2025/12/ZETA-ZIVARO-AT-img-1.jpg,,,,,,,,,0,ZETA,"Product IP",ZETAMS03.121.02,1,1,Pattern,"ZIVARO A/T",1,1,Size,"225/70R16 103T",1,1,Width,225,1,1,Profile,70,1,1,Diameter,16,1,1,"Load Index",103,1,1,"Speed Rating",T,1,1,,,,,,,,,,,,,,,,,"ZIVARO A/T","225/70R16 103T",,,,,approved,,,,,,,,,,,,,
511,simple,,,"NANKANG SP9 - NAL2257016SP9",1,0,visible,,"<strong>Key Features:</strong>\n<ul>\n<li>New arrival</li>\n<li>Non-directional performance</li>\n<li>Quiet comfortable ride</li>\n<li>Inch 16-22</li>\n<li>Series 35 -70</li>\n</ul>",,,taxable,,1,,,0,0,,,,,1,,,192.15,Tyres,2257016,,https://www.tiromobiletyres.com.au/wp-content/uploads/2026/01/NANKANG-SP9-img.jpg,,,,,,,,,0,NANKANG,"Product IP",NAL2257016SP9,1,1,"Tyre Type","RV 4WD & SUV",1,1,Pattern,SP9,1,1,Size,"225/70R16 16H",1,1,Width,225,1,1,Profile,70,1,1,Diameter,16,1,1,"Load Index",16,1,1,"Speed Rating",H,1,1,,,,,,,,,,,,,SP9,"225/70R16 16H",,,,,approved,,,,,,,,,,,,,
513,simple,,,"HANKOOK DYNAPRO AT2 XTR RF12 - 1029806",1,0,visible,,,,,taxable,,1,,,0,0,,,,,0,,,199.27,"All Terrian, Tyres","2257016, A/T",,https://www.tiromobiletyres.com.au/wp-content/uploads/2025/12/HANKOOK-DYNAPRO-AT2-XTR-img.jpg,,,,,,,,,0,HANKOOK,"Product IP",1029806,1,1,"Tyre Type","4X4 / SUV (A-T)",1,1,Pattern,"DYNAPRO AT2 XTR RF12",1,1,Size,"225/70R16 103T",1,1,Width,225,1,1,Profile,70,1,1,Diameter,16,1,1,"Load Index",103,1,1,"Speed Rating",T,1,1,,,,,,,,,,,,,"DYNAPRO AT2 XTR RF12","225/70R16 103T",,,,,approved,,,,,,,,,,,,,
514,simple,,,"ZETA IMPERO - ZETAMS03.045.02",1,0,visible,,"<div><b>Features:</b></div>\n<ul>\n<li>The right tire for large size Sport Utility Vehicles and large diameter wheel applications.</li>\n<li><div>4 wide longitudinal grooves improve drainage and wet weather performance.</div></li>\n<li><div>Anti-Hydroplaning lateral grooves offer excellent wet performance.</div></li>\n<li><div>3 center block provide straight driving stability.</div></li>\n<li><div>Optimized shoulder blocks maximize grip during cornering, and provide a smooth quiet ride.</div></li>\n</ul>",,,taxable,,1,,,0,0,,,,,0,,,135.00,Tyres,2356016,,https://www.tiromobiletyres.com.au/wp-content/uploads/2026/01/ZETA-IMPERO-img.jpg,,,,,,,,,0,ZETA,"Product IP",ZETAMS03.045.02,1,1,"Tyre Type",PCR,1,1,Pattern,IMPERO,1,1,Size,"235/60R16 100V",1,1,Width,235,1,1,Profile,60,1,1,Diameter,16,1,1,"Load Index",100,1,1,"Speed Rating",V,1,1,,,,,,,,,,,,,IMPERO,"235/60R16 100V",,,,,approved,,,,,,,,,,,,,
516,simple,,,"HANKOOK DYNAPRO HP2 RA33  - 1014142",1,0,visible,,"<strong>Features</strong>\n<ul>\n  <li><strong>High-performance tyre for luxury SUVs:</strong> A high-performance tyre for premium SUVs. The Dynapro HP2 meets all the conditions required for premium SUVs including excellent wet performance, low noise, rolling resistance, and excellent mileage.</li>\n  <li><strong>Straight 4-channel waterway:</strong> Resists hydroplaning & improves aquaplaning performance.</li>\n  <li><strong>High stiffness centre rib:</strong> Stiff centre tread blocks provide precise steering.</li>\n  <li><strong>Silencer sipes:</strong> Prevents harmonic tread pattern sound.</li>\n  <li><strong>Aqua slant sipes & groove:</strong> Radial direction sipes provide improved handling in wet and dry conditions by locking together for greater rigidity. Lateral grooves provide resistance to hydroplaning.</li>\n  <li><strong>Tyre Structure:</strong>\n    <ul>\n      <li><strong>High loading silica compound:</strong> Dry/wet traction is improved and rolling resistance is lowered.</li>\n      <li><strong>Jointless full cover reinforced belt:</strong> Ideal tread strength.</li>\n      <li><strong>Wide 2 steel belt layer:</strong> Better dry/wet handling.</li>\n      <li><strong>High density polyester carcass:</strong> Better steering & handling response.</li>\n      <li><strong>Strong single strand bead wire:</strong> Better steering and handling response.</li>\n    </ul>\n  </li>\n</ul>\n",,,taxable,,1,,,0,0,,,,,0,,,174.01,Tyres,2356016,,https://www.tiromobiletyres.com.au/wp-content/uploads/2026/01/HANKOOK-DYNAPRO-HP2-img.jpg,,,,,,,,,0,HANKOOK,"Product IP",1014142,1,1,"Tyre Type",PCR,1,1,Pattern,"DYNAPRO HP2 RA33",1,1,Size,"235/60R16 100H",1,1,Width,235,1,1,Profile,60,1,1,Diameter,16,1,1,"Load Index",100,1,1,"Speed Rating",H,1,1,,,,,,,,,,,,,"DYNAPRO HP2 RA33","235/60R16 100H",,,,,approved,,,,,,,,,,,,,
518,simple,,,"HANKOOK KINERGY ECO2 K435 - 1024933",1,0,visible,,"The smart choice for driver and environment",,,taxable,,1,,,0,0,,,,,0,,,210.17,Tyres,2356016,,https://www.tiromobiletyres.com.au/wp-content/uploads/2025/12/HANKOOK-KINERGY-ECO2-K435-img.jpg,,,,,,,,,0,HANKOOK,"Product IP",1024933,1,1,"Tyre Type",PCR,1,1,Pattern,"KINERGY ECO2 K435",1,1,Size,"235/60R16 100W",1,1,Width,235,1,1,Profile,60,1,1,Diameter,16,1,1,"Load Index",100,1,1,"Speed Rating",W,1,1,,,,,,,,,,,,,"KINERGY ECO2 K435","235/60R16 100W",1784030007,,,,,,,,,,,,,,,,,
519,simple,,,"NANKANG AT5 - NA2356016AT5",1,0,visible,,"Built to handle a variety of conditions, the NANKANG CONQUEROR AT-5 is a great choice for drivers that want a versatile tire capable of driving on difficult terrain. The alpine marking on the AT-5’s sidewall signifies its proven ability to perform reliably on snow or icy roads. It is also pinned for studs to allow additional winter traction. 50,000 mile warranty and severe service emblem.\n\n\n<strong>Key Features:</strong>\n<ul>\n<li>Large voids and circumferential grooves facilitate water and dirt evacuation to enhance all-terrain performance and improve wet traction and handling</li>\n<li>Special high-tech silica compound has been integrated into ALL LT sizes, which provides superior grip, durability, traction and stopping performance in wet and winter conditions</li>\n<li>Rugged shoulders and serrated sidewall design provides additional off-road grip</li>\n<li>All E/10 Light Truck sizes have reinforced 3 ply sidewall to provide additional impact protection and increased abrasion resistance</li>\n</ul>",,,taxable,,1,,,0,0,,,,,0,,,200.73,Tyres,2356016,,https://www.tiromobiletyres.com.au/wp-content/uploads/2025/12/NANKANG-AT-5-img.jpg,,,,,,,,,0,NANKANG,"Product IP",NA2356016AT5,1,1,"Tyre Type",PASSENGER,1,1,Pattern,AT5,1,1,Size,"235/60R16 104H",1,1,Width,235,1,1,Profile,60,1,1,Diameter,16,1,1,"Load Index",104,1,1,"Speed Rating",H,1,1,,,,,,,,,,,,,AT5,"235/60R16 104H",,,,,approved,,,,,,,,,,,,,
520,simple,,,"ZETA ZTR18 - ZTAMS026",1,0,visible,,"<strong>Features:</strong>\n<ul>\n<li>Non-directional twists and turn groove new design provides outstanding grip when driving on all season application, even in stony, muddy and off-road condition surfaces.</li>\n<li>Continuous channels ensure faster and more effective water explosion from the contact patch.</li>\n<li>Special tread compound reduces fuel consumption and increases higher mileage to reach the economic and valuable tyre.</li>\n</ul>",,,taxable,,1,,,0,0,,,,,0,,,136.57,Tyres,2356516,,https://www.tiromobiletyres.com.au/wp-content/uploads/2025/12/ZETA-ZTR18-image.jpg,,,,,,,,,0,ZETA,"Product IP",ZTAMS026,1,1,"Tyre Type","LIGHT TRUCK",1,1,Pattern,ZTR18,1,1,Size,"235/65R16 115/113T",1,1,Width,235,1,1,Profile,65,1,1,Diameter,16,1,1,"Load Index",115/113,1,1,"Speed Rating",T,1,1,,,,,,,,,,,,,ZTR18,"235/65R16 115/113T",,,,,approved,,,,,,,,,,,,,
521,simple,,,"NANKANG CW20 - NAL2356516",1,0,visible,,"<strong>Features:</strong>\n<ul>\n<li>New generation commercial design</li>\n<li>Dependable rigid performer</li>\n<li>Reliable workhorse</li>\n<li>Inch 14-18</li>\n<li>Series 50/55/60-80</li>\n</ul>",,,taxable,,1,,,0,0,,,,,0,,,221.09,Tyres,2356516,,https://www.tiromobiletyres.com.au/wp-content/uploads/2026/01/NANKANG-CW20-img.jpg,,,,,,,,,0,NANKANG,"Product IP",NAL2356516,1,1,"Tyre Type","LIGHT TRUCK",1,1,Pattern,CW20,1,1,Size,"235/65R16 115/113R",1,1,Width,235,1,1,Profile,65,1,1,Diameter,16,1,1,"Load Index",115/113,1,1,"Speed Rating",R,1,1,,,,,,,,,,,,,CW20,"235/65R16 115/113R",,,,,approved,,,,,,,,,,,,,
523,simple,,,"MICHELIN AGILIS 3 - 966519",1,0,visible,,,,,taxable,,1,,,0,0,,,,,0,,,278.15,Tyres,2356516,,https://www.tiromobiletyres.com.au/wp-content/uploads/2025/12/MICHELIN-AGILIS-3-img.jpg,,,,,,,,,0,MICHELIN,"Product IP",966519,1,1,"Tyre Type","LIGHT TRUCK",1,1,Pattern,"AGILIS 3",1,1,Size,"235/65R16 115/113T",1,1,Width,235,1,1,Profile,65,1,1,Diameter,16,1,1,"Load Index",115/113,1,1,"Speed Rating",T,1,1,,,,,,,,,,,,,"AGILIS 3","235/65R16 115/113T",,,,,approved,,,,,,,,,,,,,
524,simple,,,"YOKOHAMA BLUEARTH-VAN RY55 - 2356516RY55",1,0,visible,,,,,taxable,,1,,,0,0,,,,,1,,,293.56,Tyres,2356516,,https://www.tiromobiletyres.com.au/wp-content/uploads/2025/12/YOKOHAMA-BLUEARTH-VAN-RY55-img.jpg,,,,,,,,,0,YOKOHAMA,"Product IP",2356516RY55,1,1,"Tyre Type",PCR,1,1,Pattern,"BLUEARTH-VAN RY55",1,1,Size,"235/65R16 121/119R",1,1,Width,235,1,1,Profile,65,1,1,Diameter,16,1,1,"Load Index",121/119,1,1,"Speed Rating",R,1,1,,,,,,,,,,,,,"BLUEARTH-VAN RY55","235/65R16 121/119R",,has-errors,1785374718,sync-and-show,,,,,,,,,,,,,,217c3827298a098c03a93af5a4df94f4
525,simple,,,"SUMAXX ALL TERRAIN - SNMAXX-008",1,0,visible,,,,,taxable,,1,,,0,0,,,,,0,,,169.00,"All Terrian, Tyres","2457016, A/T",,https://www.tiromobiletyres.com.au/wp-content/uploads/2026/01/SUMAXX-ALL-TERRAIN-img.jpg,,,,,,,,,0,SUMAXX,"Product IP",SNMAXX-008,1,1,"Tyre Type",4X4,1,1,Pattern,"ALL TERRAIN",1,1,Size,"245/70R16 111H",1,1,Width,245,1,1,Profile,70,1,1,Diameter,16,1,1,"Load Index",111,1,1,"Speed Rating",H,1,1,,,,,,,,,,,,,"ALL TERRAIN","245/70R16 111H",1784030139,has-errors,1785374718,sync-and-show,approved,,,,,,,,,,,,,0b4782438e65ac5ecd4ae270c2e5be4a
526,simple,,,"SUMAXX MAX RANGER R/T - SNMAXX-008RT",1,0,visible,,,,,taxable,,1,,,0,0,,,,,0,,,169.00,Tyres,2457016,,https://www.tiromobiletyres.com.au/wp-content/uploads/2026/01/SUMAXX-MAX-RANGER-img.jpg,,,,,,,,,0,SUMAXX,"Product IP",SNMAXX-008RT,1,1,"Tyre Type",4X4,1,1,Pattern,"MAX RANGER R/T",1,1,Size,"245/70R16 111H",1,1,Width,245,1,1,Profile,70,1,1,Diameter,16,1,1,"Load Index",111,1,1,"Speed Rating",H,1,1,,,,,,,,,,,,,"MAX RANGER R/T","245/70R16 111H",1784030130,has-errors,1785374718,sync-and-show,approved,,,,,,,,,,,,,1bda510e816c4f8655822b59e697e11d
530,simple,,,"ZETA TOLEDO - ZTAMS146",1,0,visible,,"TOLEDO is 4x4 tyre especially developed for multi-purpose and 4FWD vehicles. Tread pattern designed to provide exceptional all-terrain traction and control for both on/off road, and in an all weather conditions.\n\n<strong>Features:</strong>\n<ul>\n<li>5-row aggressive tread pattern designed for supreme grip, helped by having self-cleaning tread lugs.</li>\n<li>The blocks are set in offset arrangement, thereby generating extremely low noise levels.</li>\n<li>Tractive zigzag grooves to give added traction, giving prompt steering response and mobility and grip on any loose or muddy surface.</li>\n</ul>",,,taxable,,1,,,0,0,,,,,0,,,160.55,Tyres,2457016,,https://www.tiromobiletyres.com.au/wp-content/uploads/2026/01/ZETA-TOLEDO-img.jpg,,,,,,,,,0,ZETA,"Product IP",ZTAMS146,1,1,"Tyre Type",SUV,1,1,Pattern,TOLEDO,1,1,Size,"245/70R16 111T",1,1,Width,245,1,1,Profile,70,1,1,Diameter,16,1,1,"Load Index",111,1,1,"Speed Rating",T,1,1,,,,,,,,,,,,,TOLEDO,"245/70R16 111T",,synced,1787541029,sync-and-show,approved,,,,,,,,,,,,,
532,simple,,,"ZETA ZIVARO A/T - ZTAMS165",1,0,visible,,"The Zeta ZIVARO is high-performance tyre designed for the most demanding applications. The tread pattern is designed for fast and safe operation in the A/T segment.",,,taxable,,1,,,0,0,,,,,0,,,166.48,"All Terrian, Tyres","2457016, A/T",,https://www.tiromobiletyres.com.au/wp-content/uploads/2025/12/ZETA-ZIVARO-AT-img-1.jpg,,,,,,,,,0,ZETA,"Product IP",ZTAMS165,1,1,"Tyre Type","LIGHT TRUCK",1,1,Pattern,"ZIVARO A/T",1,1,Size,"245/70R16 118/118S",1,1,Width,245,1,1,Profile,70,1,1,Diameter,16,1,1,"Load Index",118/118,1,1,"Speed Rating",S,1,1,,,,,,,,,,,,,"ZIVARO A/T","245/70R16 118/118S",,synced,1787541029,sync-and-show,approved,,,,,,,,,,,,,
533,simple,,,"TOLEDO RAGNAR R9 - 117.007.04",1,0,visible,,,,,taxable,,1,,,0,0,,,,,0,,,195.00,Tyres,2557016,,https://www.tiromobiletyres.com.au/wp-content/uploads/2026/01/TOLEDO-RAGNAR-R9-img.jpg,,,,,,,,,0,TOLEDO,"Product IP",117.007.04,1,1,"Tyre Type",R/T,1,1,Pattern,"RAGNAR R9",1,1,Size,"255/70R16 111Q",1,1,Width,255,1,1,Profile,70,1,1,Diameter,16,1,1,"Load Index",111,1,1,"Speed Rating",Q,1,1,,,,,,,,,,,,,"RAGNAR R9","255/70R16 111Q",1784097937,has-errors,1785374718,sync-and-show,approved,,,,,,,,,,,,,3a8110a629feb3904b78c3d2a25a0923
535,simple,,,"SUMAXX ALL TERRAIN - SNMAXX-012",1,0,visible,,,,,taxable,,1,,,0,0,,,,,0,,,195.00,"All Terrian, Tyres","2557016, A/T",,https://www.tiromobiletyres.com.au/wp-content/uploads/2026/01/SUMAXX-ALL-TERRAIN-img.jpg,,,,,,,,,0,SUMAXX,"Product IP",SNMAXX-012,1,1,"Tyre Type",4X4,1,1,Pattern,"ALL TERRAIN",1,1,Size,"255/70R16 120/117S",1,1,Width,255,1,1,Profile,70,1,1,Diameter,16,1,1,"Load Index",120/117,1,1,"Speed Rating",S,1,1,,,,,,,,,,,,,"ALL TERRAIN","255/70R16 120/117S",1784097992,has-errors,1785374718,sync-and-show,approved,,,,,,,,,,,,,3b7503726a8c430f373346c8fd4c8a89
536,simple,,,"CONTINENTAL CROSSCONTACT RX  - 03592980007",1,0,visible,,,,,taxable,,1,,,0,0,,,,,0,,,205.00,Tyres,2557016,,https://www.tiromobiletyres.com.au/wp-content/uploads/2026/01/CONTINENTAL-CROSSCONTACT-RX-img.jpg,,,,,,,,,0,CONTINENTAL,"Product IP",03592980007,1,1,"Tyre Type",SUV,1,1,Pattern,"CROSSCONTACT RX",1,1,Size,"255/70R16 111T",1,1,Width,255,1,1,Profile,70,1,1,Diameter,16,1,1,"Load Index",111,1,1,"Speed Rating",T,1,1,,,,,,,,,,,,,"CROSSCONTACT RX","255/70R16 111T",1784098048,has-errors,1785374718,sync-and-show,approved,,,,,,,,,,,,,ec24744f974954c474ecf2070c409839
538,simple,,,"BRIDGESTONE DUELER H/T D685  - 2557016D685-TOFFS",1,0,visible,,,,,taxable,,1,,,0,0,,,,,0,,,185.00,"Highway Terrain, Tyres","2557016, H/T",,https://www.tiromobiletyres.com.au/wp-content/uploads/2026/01/BRIDGESTONE-DUELER-HT-img.jpg,,,,,,,,,0,BRIDGESTONE,"Product IP",2557016D685-TOFFS,1,1,"Tyre Type",SUV,1,1,Pattern,"DUELER H/T D685",1,1,Size,"TAKE OFF255/70R16 111T",1,1,Width,255,1,1,Profile,70,1,1,Diameter,16,1,1,"Load Index",111,1,1,"Speed Rating",T,1,1,,,,,,,,,,,,,"DUELER H/T D685","TAKE OFF255/70R16 111T",1784097881,has-errors,1785374718,sync-and-show,approved,,,,,,,,,,,,,3138ca0cbb7866082c775d5d88699e4a
540,simple,,,"BRIDGESTONE DURAVIS R205 - 11006134",1,0,visible,,"The Duravis R205 is a highway all position rib type tyre designed for 3 to 10 tonne trucks and commercial vehicles. With an innovative tread and carcass, it’s designed to last longer with a squarer, more robust shoulder that resists the wear commonly occurring on the steer axle of light trucks.\n\n<strong>Features:</strong>\n<ul>\n<li>Excellent steering response</li>\n<li>    Reduced irregular wear</li>\n<li>    Longer wear life</li>\n<li>    Better braking in the wet</li>\n</ul>",,,taxable,,1,,,0,0,,,,,1,,,326.54,Tyres,1957516C,,https://www.tiromobiletyres.com.au/wp-content/uploads/2026/01/DURAVIS-R205-img.jpg,,,,,,,,,0,BRIDGESTONE,"Product IP",11006134,1,1,"Tyre Type","LIGHT TRUCK",1,1,Pattern,"DURAVIS R205",1,1,Size,"195/75R16C 110N",1,1,Width,195,1,1,Profile,75,1,1,Diameter,16,1,1,"Load Index",110,1,1,"Speed Rating",N,1,1,,,,,,,,,,,,,"DURAVIS R205","195/75R16C 110N",,synced,1787541029,sync-and-show,approved,,,,,,,,,,,,,
542,simple,,,"ROYAL BLACK ROYALCOMMERCIAL - RK651H1",1,0,visible,,,,,taxable,,1,,,0,0,,,,,1,,,139.00,Tyres,1957516C,,https://www.tiromobiletyres.com.au/wp-content/uploads/2025/12/ROYAL-BLACK-COMMERCIAL-img.jpg,,,,,,,,,0,"ROYAL BLACK","Product IP",RK651H1,1,1,"Tyre Type","LIGHT TRUCK",1,1,Pattern,ROYALCOMMERCIAL,1,1,Size,"195/75R16C 107/105R",1,1,Width,195,1,1,Profile,75,1,1,Diameter,16,1,1,"Load Index",107/105,1,1,"Speed Rating",R,1,1,,,,,,,,,,,,,ROYALCOMMERCIAL,"195/75R16C 107/105R",,has-errors,1785374718,sync-and-show,approved,,,,,,,,,,,,,e6dc7874f591f1750b5a4bfbd3e49db6
543,simple,,,"BRIDGESTONE DURAVIS VAN - 11007214RDED",1,0,visible,,,,,taxable,,1,,,0,0,,,,,1,,,190.00,Tyres,1957516C,,https://www.tiromobiletyres.com.au/wp-content/uploads/2026/01/BRIDGESTONE-DURAVIS-VAN-img.jpg,,,,,,,,,0,BRIDGESTONE,"Product IP",11007214RDED,1,1,"Tyre Type","Light Van",1,1,Pattern,"DURAVIS VAN",1,1,Size,"195/75R16C 107/105T",1,1,Width,195,1,1,Profile,75,1,1,Diameter,16,1,1,"Load Index",107/105,1,1,"Speed Rating",T,1,1,,,,,,,,,,,,,"DURAVIS VAN","195/75R16C 107/105T",,has-errors,1785374718,sync-and-show,approved,,,,,,,,,,,,,e69e3bb04db985dd62b7342ea1ea5c94
545,simple,,,"MAXXIS MCV3+ - 1675026",1,0,visible,,,,,taxable,,1,,,0,0,,,,,1,,,268.59,Tyres,1957516C,,https://www.tiromobiletyres.com.au/wp-content/uploads/2025/12/MAXXIS-MCV3-img.jpg,,,,,,,,,0,MAXXIS,"Product IP",1675026,1,1,"Tyre Type","LIGHT TRUCK",1,1,Pattern,MCV3+,1,1,Size,"195/75R16C 107/105S",1,1,Width,195,1,1,Profile,75,1,1,Diameter,16,1,1,"Load Index",107/105,1,1,"Speed Rating",S,1,1,,,,,,,,,,,,,MCV3+,"195/75R16C 107/105S",,has-errors,1785374718,sync-and-show,approved,,,,,,,,,,,,,7bb75e2e2e98b8db85f92101f3940162
546,simple,,,"MAXXIS MCV3+ - 1675041",1,0,visible,,,,,taxable,,1,,,0,0,,,,,1,,,250.55,Tyres,2057516C,,https://www.tiromobiletyres.com.au/wp-content/uploads/2025/12/MAXXIS-MCV3-img.jpg,,,,,,,,,0,MAXXIS,"Product IP",1675041,1,1,"Tyre Type","LIGHT TRUCK",1,1,Pattern,MCV3+,1,1,Size,"205/75R16C 110/108R",1,1,Width,205,1,1,Profile,75,1,1,Diameter,16,1,1,"Load Index",110/108,1,1,"Speed Rating",R,1,1,,,,,,,,,,,,,MCV3+,"205/75R16C 110/108R",,has-errors,1785374718,sync-and-show,approved,,,,,,,,,,,,,e75cf3ee6a8a2b7f20c69f50f5ff4098
547,simple,,,"BRIDGESTONE DURAVIS R611 - 11006510",1,0,visible,,,,,taxable,,1,,,0,0,,,,,1,,,337.72,Tyres,2156516C,,https://www.tiromobiletyres.com.au/wp-content/uploads/2026/01/DURAVIS-R611-img.jpg,,,,,,,,,0,BRIDGESTONE,"Product IP",11006510,1,1,"Tyre Type",LVR,1,1,Pattern,"DURAVIS R611",1,1,Size,"215/65R16C 106/104S",1,1,Width,215,1,1,Profile,65,1,1,Diameter,16,1,1,"Load Index",106/104,1,1,"Speed Rating",S,1,1,,,,,,,,,,,,,"DURAVIS R611","215/65R16C 106/104S",,has-errors,1785374718,sync-and-show,approved,,,,,,,,,,,,,6553b65ef3115e1007ec2b642695a110
549,simple,,,"BRIDGESTONE ECOPIA R710 - 11003817",1,0,visible,,,,,taxable,,1,,,0,0,,,,,1,,,274.59,Tyres,2157516C,,https://www.tiromobiletyres.com.au/wp-content/uploads/2026/01/ECOPIA-R710-img.jpg,,,,,,,,,0,BRIDGESTONE,"Product IP",11003817,1,1,"Tyre Type","LIGHT TRUCK",1,1,Pattern,"ECOPIA R710",1,1,Size,"215/75R16C 116/114R",1,1,Width,215,1,1,Profile,75,1,1,Diameter,16,1,1,"Load Index",116/114,1,1,"Speed Rating",R,1,1,,,,,,,,,,,,,"ECOPIA R710","215/75R16C 116/114R",,has-errors,1785374718,sync-and-show,approved,,,,,,,,,,,,,e80b76efda7cbb4ecc555b6416302862
552,simple,,,"YOKOHAMA BLUEARTH-VAN RY55 - 2157516RY55",1,0,visible,,,,,taxable,,1,,,0,0,,,,,1,,,277.67,Tyres,2157516C,,https://www.tiromobiletyres.com.au/wp-content/uploads/2025/12/YOKOHAMA-BLUEARTH-VAN-RY55-img.jpg,,,,,,,,,0,YOKOHAMA,"Product IP",2157516RY55,1,1,"Tyre Type",VAN,1,1,Pattern,"BLUEARTH-VAN RY55",1,1,Size,"215/75R16C 116/114R",1,1,Width,215,1,1,Profile,75,1,1,Diameter,16,1,1,"Load Index",116/114,1,1,"Speed Rating",R,1,1,,,,,,,,,,,,,"BLUEARTH-VAN RY55","215/75R16C 116/114R",,has-errors,1785374718,sync-and-show,approved,,,,,,,,,,,,,555d87915e4379d70424db696a979312
553,simple,,,"BRIDGESTONE DURAVIS VAN - 11007213",1,0,visible,,,,,taxable,,1,,,0,0,,,,,1,,,295.77,Tyres,2157516C,,https://www.tiromobiletyres.com.au/wp-content/uploads/2026/01/BRIDGESTONE-DURAVIS-VAN-img.jpg,,,,,,,,,0,BRIDGESTONE,"Product IP",11007213,1,1,"Tyre Type","Light Van",1,1,Pattern,"DURAVIS VAN",1,1,Size,"215/75R16C 113/111R",1,1,Width,215,1,1,Profile,75,1,1,Diameter,16,1,1,"Load Index",113/111,1,1,"Speed Rating",R,1,1,,,,,,,,,,,,,"DURAVIS VAN","215/75R16C 113/111R",,has-errors,1785374718,sync-and-show,,,,,,,,,,,,,,e2106b17f848e4dbefc66d38bec0df75
554,simple,,,"MAXXIS MCV3+ - 1675051",1,0,visible,,,,,taxable,,1,,,0,0,,,,,1,,,255.49,Tyres,2157516C,,https://www.tiromobiletyres.com.au/wp-content/uploads/2025/12/MAXXIS-MCV3-img.jpg,,,,,,,,,0,MAXXIS,"Product IP",1675051,1,1,"Tyre Type","LIGHT TRUCK",1,1,Pattern,MCV3+,1,1,Size,"215/75R16C 113/111R",1,1,Width,215,1,1,Profile,75,1,1,Diameter,16,1,1,"Load Index",113/111,1,1,"Speed Rating",R,1,1,,,,,,,,,,,,,MCV3+,"215/75R16C 113/111R",,has-errors,1785374718,sync-and-show,,,,,,,,,,,,,,a19559d12c022d96eefdc0f6dc5b1b9f
555,simple,,,"Zeta Alventi - 	ZETAMS03.051.03",1,0,visible,,"New designed Asymmetric tread pattern , enhanced UHP tyre block stiffness for heavy loads, and ensure vehicle has been controlled perfect under any road conditions.\n\n<strong>KEY FEATURES:</strong>\n<ul>\n<li>Optimized pitch variance design & tread formula with high silica rubber reduces noise, innovative grip, improved mileage as well.</li>\n<li>4 straight grooves provide excellent smooth water dispersion and high levels of wet handling.</li>\n<li>Three solid longitudinal ribs improved braking and linear stability during high speed.</li>\n</ul>\n",,,taxable,,1,,,0,0,,,,,0,,,116.00,Tyres,2054517,,https://www.tiromobiletyres.com.au/wp-content/uploads/2025/10/Zeta-Alventi-img.jpg,,,,,,,,,0,ZETA,"Product IP",ZETAMS03.051.03,1,1,"Tyre Type",UHP,1,1,Pattern,ALVENTI,1,1,Size,"205/45R17 88Y",1,1,Width,205,1,1,Profile,45,1,1,Diameter,17,1,1,"Load Index",88,1,1,"Speed Rating",Y,1,1,,,,,,,,,,,,,ALVENTI,"205/45R17 88Y",1786287486,synced,1788490852,sync-and-show,approved,,,,,,,,,,,,,
556,simple,,,"Zeta Alventi - [RUN FLAT]",1,0,visible,,"New designed Asymmetric tread pattern , enhanced UHP tyre block stiffness for heavy loads, and ensure vehicle has been controlled perfect under any road conditions.\n\n<strong>KEY FEATURES:</strong>\n<ul>\n<li>Optimized pitch variance design & tread formula with high silica rubber reduces noise, innovative grip, improved mileage as well.</li>\n<li>4 straight grooves provide excellent smooth water dispersion and high levels of wet handling.</li>\n<li>Three solid longitudinal ribs improved braking and linear stability during high speed.</li>\n</ul>\n",,,taxable,,1,,,0,0,,,,,0,,,154.00,Tyres,"2054517, Runflat",,https://www.tiromobiletyres.com.au/wp-content/uploads/2025/10/Zeta-Alventi-img.jpg,,,,,,,,,0,ZETA,"Product IP",ZETAMS03.051.04,1,1,"Tyre Type",UHP,1,1,Pattern,ALVENTI,1,1,Size,"205/45R17 88W",1,1,Width,205,1,1,Profile,45,1,1,Diameter,17,1,1,"Load Index",88,1,1,"Speed Rating",W,1,1,,,,,,,,,,,90,1,ALVENTI,"205/45R17 88W",1786287562,synced,1788490852,sync-and-show,approved,yes,yes,,,product,,,,,,,,
558,simple,,,"HANKOOK VENTUS PRIME4 K135 - 1031773",1,0,visible,,,,,taxable,,1,,,0,0,,,,,0,,,192.67,Tyres,2054517,,https://www.tiromobiletyres.com.au/wp-content/uploads/2025/12/HANKOOK-VENTUS-PRIME4-img.jpg,,,,,,,,,0,HANKOOK,"Product IP",1031773,1,1,"Tyre Type","PASS (UHP)",1,1,Pattern,"VENTUS PRIME4 K135",1,1,Size,"205/45R17 88V",1,1,Width,205,1,1,Profile,45,1,1,Diameter,17,1,1,"Load Index",88,1,1,"Speed Rating",V,1,1,,,,,,,,,,,,,"VENTUS PRIME4 K135","205/45R17 88V",1786291673,has-errors,1785374718,sync-and-show,,,,,,,,,,,,,,d91c79dad02076d56556ea1c5ee0503b
559,simple,,,"CONTINENTAL  ULTRACONTACT UC7 - [RUN FLAT]",1,0,visible,,,,,taxable,,1,,,0,0,,,,,0,,,219.00,Tyres,"205/45R17 84V",,https://www.tiromobiletyres.com.au/wp-content/uploads/2026/01/ECOCONTACT-6-img.jpg,,,,,,,,,0,CONTINENTAL,"Product IP",03145100000,1,1,"Tyre Type",PASSENGER,1,1,Pattern,"ULTRACONTACT UC7",1,1,Size,"205/45R17 84V",1,1,Width,205,1,1,Profile,45,1,1,Diameter,17,1,1,"Load Index",84,1,1,"Speed Rating",V,1,1,,,,,,,,,,,90,1,"ULTRACONTACT UC7","205/45R17 84V",1786290130,has-errors,1786289951,sync-and-show,approved,yes,yes,,,product,,,,,,,,
561,simple,,,"Zeta Alventi - ZETAMS03.021.03",1,0,visible,,"New designed Asymmetric tread pattern , enhanced UHP tyre block stiffness for heavy loads, and ensure vehicle has been controlled perfect under any road conditions.\n\n<strong>KEY FEATURES:</strong>\n<ul>\n<li>Optimized pitch variance design & tread formula with high silica rubber reduces noise, innovative grip, improved mileage as well.</li>\n<li>4 straight grooves provide excellent smooth water dispersion and high levels of wet handling.</li>\n<li>Three solid longitudinal ribs improved braking and linear stability during high speed.</li>\n</ul>\n",,,taxable,,1,,,0,0,,,,,0,,,119.00,Tyres,2055017,,https://www.tiromobiletyres.com.au/wp-content/uploads/2025/10/Zeta-Alventi-img.jpg,,,,,,,,,0,ZETA,"Product IP",ZETAMS03.021.03,1,1,"Tyre Type",UHP,1,1,Pattern,ALVENTI,1,1,Size,"205/50R17 93Y",1,1,Width,205,1,1,Profile,50,1,1,Diameter,17,1,1,"Load Index",93,1,1,"Speed Rating",Y,1,1,,,,,,,,,,,90,1,ALVENTI,"205/50R17 93Y",1786294727,synced,1788490852,sync-and-show,approved,yes,yes,,,product,,,,,,,,
562,simple,,,"GENERAL ALTIMAX GU5 - 1550152",1,0,visible,,,,,taxable,,1,,,0,0,,,,,0,,,119.00,Tyres,2055017,,https://www.tiromobiletyres.com.au/wp-content/uploads/2026/01/ALTIMAX-GU5-img.jpg,,,,,,,,,0,GENERAL,"Product IP",1550152,1,1,"Tyre Type",PCR,1,1,Pattern,"ALTIMAX GU5",1,1,Size,"205/50R17 93V",1,1,Width,205,1,1,Profile,50,1,1,Diameter,17,1,1,"Load Index",93,1,1,"Speed Rating",V,1,1,,,,,,,,,,,,,"ALTIMAX GU5","205/50R17 93V",1786291804,has-errors,1785374718,sync-and-show,approved,,,,,,,,,,,,,a4fdab7f716bb8cb1b71356b7d65a4b7
564,simple,,,"VIKING PROTECH PT6 - 15623230000",1,0,visible,,,,,taxable,,1,,,0,0,,,,,0,,,144.00,Tyres,2055017,,https://www.tiromobiletyres.com.au/wp-content/uploads/2025/12/VIKING-PROTECH-PT6-img.jpg,,,,,,,,,0,VIKING,"Product IP",15623230000,1,1,"Tyre Type",PASSENGER,1,1,Pattern,"PROTECH PT6",1,1,Size,"205/50R17 93W",1,1,Width,205,1,1,Profile,50,1,1,Diameter,17,1,1,"Load Index",93,1,1,"Speed Rating",W,1,1,,,,,,,,,,,,,"PROTECH PT6","205/50R17 93W",1786291852,has-errors,1785374718,sync-and-show,approved,,,,,,,,,,,,,e4c027de81fd0467fd757c18611d6d87
565,simple,,,"Zeta Alventi - [RUN FLAT]",1,0,visible,,"New designed Asymmetric tread pattern , enhanced UHP tyre block stiffness for heavy loads, and ensure vehicle has been controlled perfect under any road conditions.\n\n<strong>KEY FEATURES:</strong>\n<ul>\n<li>Optimized pitch variance design & tread formula with high silica rubber reduces noise, innovative grip, improved mileage as well.</li>\n<li>4 straight grooves provide excellent smooth water dispersion and high levels of wet handling.</li>\n<li>Three solid longitudinal ribs improved braking and linear stability during high speed.</li>\n</ul>\n",,,taxable,,1,,,0,0,,,,,0,,,160.62,Tyres,"2055017, Runflat",,https://www.tiromobiletyres.com.au/wp-content/uploads/2025/10/Zeta-Alventi-img.jpg,,,,,,,,,0,ZETA,"Product IP",ZETAMS03.021.04,1,1,"Tyre Type",RUNFLAT,1,1,Pattern,ALVENTI,1,1,Size,"205/50ZR17 89W",1,1,Width,205,1,1,Profile,50,1,1,Diameter,17,1,1,"Load Index",89,1,1,"Speed Rating",W,1,1,,,,,,,,,,,,,ALVENTI,"205/50ZR17 89W",1786294934,synced,1788490852,sync-and-show,approved,,,,,,,,,,,,,
567,simple,,,"Forceland Vitality F22 - FC02817",1,0,visible,,,,,taxable,,1,,,0,0,,,,,1,,,104.12,Tyres,2155017,,https://www.tiromobiletyres.com.au/wp-content/uploads/2025/10/VITALITY-F22.jpg,,,,,,,,,0,Forceland,"Product IP",FC02817,1,1,Pattern,"Vitality F22",1,1,Size,"215/50ZR17 95W",1,1,Width,215,1,1,Profile,50,1,1,Diameter,17,1,1,"Load Index",95,1,1,"Speed Rating",W,1,1,,,,,,,,,,,,,,,,,"Vitality F22","215/50ZR17 95W",,has-errors,1785374718,sync-and-show,,,,,,,,,,,,,,ae9f6e0c9506ddf52bad40ae4b888130
568,simple,,,"ZETA ALVENTI - ZTAMS102",1,0,visible,,"New designed Asymmetric tread pattern , enhanced UHP tyre block stiffness for heavy loads, and ensure vehicle has been controlled perfect under any road conditions.\n\n\n<strong>KEY FEATURES:</strong>\n<ul>\n<li>Optimized pitch variance design & tread formula with high silica rubber reduces noise, innovative grip, improved mileage as well.</li>\n<li>4 straight grooves provide excellent smooth water dispersion and high levels of wet handling.</li>\n<li>Three solid longitudinal ribs improved braking and linear stability during high speed.</li>\n</ul>",,,taxable,,1,,,0,0,,,,,1,,,119.00,Tyres,2155017,,https://www.tiromobiletyres.com.au/wp-content/uploads/2025/10/Zeta-Alventi-img.jpg,,,,,,,,,0,ZETA,"Product IP",ZTAMS102,1,1,"Tyre Type",UHP,1,1,Pattern,ALVENTI,1,1,Size,"215/50R17 95Y",1,1,Width,215,1,1,Profile,50,1,1,Diameter,17,1,1,"Load Index",95,1,1,"Speed Rating",Y,1,1,,,,,,,,,,,,,ALVENTI,"215/50R17 95Y",1787491343,synced,1787541029,sync-and-show,approved,,,,,,,,,,,,,
569,simple,,,"VIKING PROTECH PT6 - 15625750000",1,0,visible,,,,,taxable,,1,,,0,0,,,,,1,,,119.90,Tyres,2155017,,https://www.tiromobiletyres.com.au/wp-content/uploads/2025/12/VIKING-PROTECH-PT6-img.jpg,,,,,,,,,0,VIKING,"Product IP",15625750000,1,1,"Tyre Type",PASSENGER,1,1,Pattern,"PROTECH PT6",1,1,Size,"215/50R17 91V",1,1,Width,215,1,1,Profile,50,1,1,Diameter,17,1,1,"Load Index",91,1,1,"Speed Rating",V,1,1,,,,,,,,,,,,,"PROTECH PT6","215/50R17 91V",,has-errors,1785374718,sync-and-show,approved,,,,,,,,,,,,,2029bef5cdb79dd37a030da6134b6de9
570,simple,,,"GENERAL ALTIMAX GU5 - 1550144",1,0,visible,,,,,taxable,,1,,,0,0,,,,,1,,,165.01,Tyres,2155017,,https://www.tiromobiletyres.com.au/wp-content/uploads/2026/01/ALTIMAX-GU5-img.jpg,,,,,,,,,0,GENERAL,"Product IP",1550144,1,1,"Tyre Type",PCR,1,1,Pattern,"ALTIMAX GU5",1,1,Size,"215/50R17 95W",1,1,Width,215,1,1,Profile,50,1,1,Diameter,17,1,1,"Load Index",95,1,1,"Speed Rating",W,1,1,,,,,,,,,,,,,"ALTIMAX GU5","215/50R17 95W",1787491449,has-errors,1785374718,sync-and-show,approved,,,,,,,,,,,,,32dcdc7c5c06144c2f229874f44f6cd7
572,simple,,,"Forceland Vitality F22 - FC02417",1,0,visible,,,,,taxable,,1,,,0,0,,,,,1,,,106.33,Tyres,2354517,,https://www.tiromobiletyres.com.au/wp-content/uploads/2025/10/VITALITY-F22.jpg,,,,,,,,,0,Forceland,"Product IP",FC02417,1,1,Pattern,"Vitality F22",1,1,Size,"235/45ZR17 97W",1,1,Width,235,1,1,Profile,45,1,1,Diameter,17,1,1,"Load Index",97,1,1,"Speed Rating",W,1,1,,,,,,,,,,,,,,,,,"Vitality F22","235/45ZR17 97W",,has-errors,1785374718,sync-and-show,,,,,,,,,,,,,,7d16efec5533e81121a1e882a22ff255
573,simple,,,"Zeta Alventi - ZETAMS03.024.02",1,0,visible,,"New designed Asymmetric tread pattern , enhanced UHP tyre block stiffness for heavy loads, and ensure vehicle has been controlled perfect under any road conditions.\n\n<strong>KEY FEATURES:</strong>\n<ul>\n<li>Optimized pitch variance design & tread formula with high silica rubber reduces noise, innovative grip, improved mileage as well.</li>\n<li>4 straight grooves provide excellent smooth water dispersion and high levels of wet handling.</li>\n<li>Three solid longitudinal ribs improved braking and linear stability during high speed.</li>\n</ul>\n",,,taxable,,1,,,0,0,,,,,0,,,113.90,Tyres,2354517,,https://www.tiromobiletyres.com.au/wp-content/uploads/2025/10/Zeta-Alventi-img.jpg,,,,,,,,,0,ZETA,"Product IP",ZETAMS03.024.02,1,1,"Tyre Type",UHP,1,1,Pattern,ALVENTI,1,1,Size,"235/45R17 97Y",1,1,Width,235,1,1,Profile,45,1,1,Diameter,17,1,1,"Load Index",97,1,1,"Speed Rating",Y,1,1,,,,,,,,,,,,,ALVENTI,"235/45R17 97Y",,synced,1787541029,sync-and-show,approved,,,,,,,,,,,,,
574,simple,,,"VIKING PROTECH PT6 - 15623290000",1,0,visible,,,,,taxable,,1,,,0,0,,,,,1,,,119.90,Tyres,2354517,,https://www.tiromobiletyres.com.au/wp-content/uploads/2025/12/VIKING-PROTECH-PT6-img.jpg,,,,,,,,,0,VIKING,"Product IP",15623290000,1,1,"Tyre Type",PASSENGER,1,1,Pattern,"PROTECH PT6",1,1,Size,"235/45R17 97W",1,1,Width,235,1,1,Profile,45,1,1,Diameter,17,1,1,"Load Index",97,1,1,"Speed Rating",W,1,1,,,,,,,,,,,,,"PROTECH PT6","235/45R17 97W",,has-errors,1785374718,sync-and-show,,,,,,,,,,,,,,5dd790d58ab68e2109c6584baaf9c1dd
575,simple,,,"COMFORSER CF710 - 2354517CF710",1,0,visible,,,,,taxable,,1,,,0,0,,,,,1,,,135.00,Tyres,2354517,,https://www.tiromobiletyres.com.au/wp-content/uploads/2025/12/image-coming-soon.jpg,,,,,,,,,0,COMFORSER,"Product IP",2354517CF710,1,1,Pattern,CF710,1,1,Size,"235/45R17 97W",1,1,Width,235,1,1,Profile,45,1,1,Diameter,17,1,1,"Load Index",97,1,1,"Speed Rating",W,1,1,,,,,,,,,,,,,,,,,CF710,"235/45R17 97W",,has-errors,1785374718,sync-and-show,approved,,,,,,,,,,,,,339ea8422faf9c112b4ae873fd384d51
576,simple,,,"ZETA IMPERO - ZTAMST03.059.02",1,0,visible,,"<div><b>Features:</b></div>\n<ul>\n<li>The right tire for large size Sport Utility Vehicles and large diameter wheel applications.</li>\n<li><div>4 wide longitudinal grooves improve drainage and wet weather performance.</div></li>\n<li><div>Anti-Hydroplaning lateral grooves offer excellent wet performance.</div></li>\n<li><div>3 center block provide straight driving stability.</div></li>\n<li><div>Optimized shoulder blocks maximize grip during cornering, and provide a smooth quiet ride.</div></li>\n</ul>",,,taxable,,1,,,0,0,,,,,0,,,120.91,Tyres,2256017,,https://www.tiromobiletyres.com.au/wp-content/uploads/2026/01/ZETA-IMPERO-img.jpg,,,,,,,,,0,ZETA,"Product IP",ZTAMST03.059.02,1,1,"Tyre Type",UHP,1,1,Pattern,IMPERO,1,1,Size,"225/60R17 99V",1,1,Width,225,1,1,Profile,60,1,1,Diameter,17,1,1,"Load Index",99,1,1,"Speed Rating",V,1,1,,,,,,,,,,,,,IMPERO,"225/60R17 99V",,synced,1787541029,sync-and-show,approved,,,,,,,,,,,,,
577,simple,,,"ZETA ANTARCTICA SPORT - ZTAMS7008",1,0,visible,,"Light Truck and SUVs /Winter/High Performance\n\n<div><b>Features:</b></div>\n<ul>\n<li>V-shaped directional adjustable tread design integrating comfort and safety on ice and snow surface.</li>\n<li>Advanced tread compound formulation fitted especially for very low temperature conditions.</li>\n<li>Enhances pulling capacity and traction performance on heavy ice due to optimised stud pin position combined with multi-sipe groove arrangement.</li>\n<li>New generation studdable winter tyre.</li>\n<li>Specially developped soft compound with silica tread; good combination of winter properties with optimal wet and dry performance.</li>\n<li>Utilized #8-11, double-flangestuds enables safer driving behavior.</li>\n<li>Certified snowflake symbol.</li>\n</ul>",,,taxable,,1,,,0,0,,,,,0,,,125.00,Tyres,2256017,,https://www.tiromobiletyres.com.au/wp-content/uploads/2026/01/ZETA-ANTARCTICA-SPORT-img.jpg,,,,,,,,,0,ZETA,"Product IP",ZTAMS7008,1,1,"Tyre Type",UHP,1,1,Pattern,"ANTARCTICA SPORT",1,1,Size,"225/60R17 103T",1,1,Width,225,1,1,Profile,60,1,1,Diameter,17,1,1,"Load Index",103,1,1,"Speed Rating",T,1,1,,,,,,,,,,,,,"ANTARCTICA SPORT","225/60R17 103T",,synced,1787541029,sync-and-show,approved,,,,,,,,,,,,,
579,simple,,,"VIKING TERATECH HT - 15617380000",1,0,visible,,,,,taxable,,1,,,0,0,,,,,0,,,129.00,"Highway Terrain, Tyres","2256017, H/T",,https://www.tiromobiletyres.com.au/wp-content/uploads/2025/12/VIKING-TERATECH-HT-img.jpg,,,,,,,,,0,VIKING,"Product IP",15617380000,1,1,"Tyre Type",PASSENGER,1,1,Pattern,"TERATECH HT",1,1,Size,"225/60R17 99H",1,1,Width,225,1,1,Profile,60,1,1,Diameter,17,1,1,"Load Index",99,1,1,"Speed Rating",H,1,1,,,,,,,,,,,,,"TERATECH HT","225/60R17 99H",,has-errors,1785374718,sync-and-show,approved,,,,,,,,,,,,,68db7617523c848567b55ef47eec84b9
580,simple,,,"CONTINENTAL PROCONTACT TX - 1557713",1,0,visible,,,,,taxable,,1,,,0,0,,,,,0,,,159.00,Tyres,2256017,,https://www.tiromobiletyres.com.au/wp-content/uploads/2026/01/CONTINENTAL-PROCONTACT-TX-img.jpg,,,,,,,,,0,CONTINENTAL,"Product IP",1557713,1,1,"Tyre Type",SUV,1,1,Pattern,"PROCONTACT TX",1,1,Size,"225/60R17 99H",1,1,Width,225,1,1,Profile,60,1,1,Diameter,17,1,1,"Load Index",99,1,1,"Speed Rating",H,1,1,,,,,,,,,,,,,"PROCONTACT TX","225/60R17 99H",,has-errors,1785374718,sync-and-show,approved,,,,,,,,,,,,,8190cdfb6a17c96f4a7627429e3ff8e2
582,simple,,,"Forceland Vitality H/T - FC03917",1,0,visible,,,,,taxable,,1,,,0,0,,,,,1,,,117.00,"Highway Terrain, Tyres","2256517, H/T",,https://www.tiromobiletyres.com.au/wp-content/uploads/2026/01/FORCELAND-VITALITY-HT-img.jpg,,,,,,,,,0,Forceland,"Product IP",FC03917,1,1,Pattern,"VITALITY H/T",1,1,Size,"225/65R17 102H",1,1,Width,225,1,1,Profile,65,1,1,Diameter,17,1,1,"Load Index",102,1,1,"Speed Rating",H,1,1,,,,,,,,,,,,,,,,,"VITALITY H/T","225/65R17 102H",,has-errors,1785374718,sync-and-show,approved,,,,,,,,,,,,,6e8b7d9138df7a25e5d1d96aca1eb39a
584,simple,,,"ZETA ANTARCTICA SPORT - ZTAMS7005",1,0,visible,,"Light Truck and SUVs /Winter/High Performance\n\n<div><b>Features:</b></div>\n<ul>\n<li>V-shaped directional adjustable tread design integrating comfort and safety on ice and snow surface.</li>\n<li>Advanced tread compound formulation fitted especially for very low temperature conditions.</li>\n<li>Enhances pulling capacity and traction performance on heavy ice due to optimised stud pin position combined with multi-sipe groove arrangement.</li>\n<li>New generation studdable winter tyre.</li>\n<li>Specially developped soft compound with silica tread; good combination of winter properties with optimal wet and dry performance.</li>\n<li>Utilized #8-11, double-flangestuds enables safer driving behavior.</li>\n<li>Certified snowflake symbol.</li>\n</ul>",,,taxable,,1,,,0,0,,,,,0,,,118.71,Tyres,2256517,,https://www.tiromobiletyres.com.au/wp-content/uploads/2026/01/ZETA-ANTARCTICA-SPORT-img.jpg,,,,,,,,,0,ZETA,"Product IP",ZTAMS7005,1,1,"Tyre Type",UHP,1,1,Pattern,"ANTARCTICA SPORT",1,1,Size,"225/65R17 102T",1,1,Width,225,1,1,Profile,65,1,1,Diameter,17,1,1,"Load Index",102,1,1,"Speed Rating",T,1,1,,,,,,,,,,,,,"ANTARCTICA SPORT","225/65R17 102T",,synced,1787541029,sync-and-show,approved,,,,,,,,,,,,,
585,simple,,,"ZETA IMPERO - ZTAMST03.046.02",1,0,visible,,"<div><b>Features:</b></div>\n<ul>\n<li>The right tire for large size Sport Utility Vehicles and large diameter wheel applications.</li>\n<li><div>4 wide longitudinal grooves improve drainage and wet weather performance.</div></li>\n<li><div>Anti-Hydroplaning lateral grooves offer excellent wet performance.</div></li>\n<li><div>3 center block provide straight driving stability.</div></li>\n<li><div>Optimized shoulder blocks maximize grip during cornering, and provide a smooth quiet ride.</div></li>\n</ul>",,,taxable,,1,,,0,0,,,,,0,,,127.15,Tyres,2256517,,https://www.tiromobiletyres.com.au/wp-content/uploads/2026/01/ZETA-IMPERO-img.jpg,,,,,,,,,0,ZETA,"Product IP",ZTAMST03.046.02,1,1,"Tyre Type",UHP,1,1,Pattern,IMPERO,1,1,Size,"225/65R17 102H",1,1,Width,225,1,1,Profile,65,1,1,Diameter,17,1,1,"Load Index",102,1,1,"Speed Rating",H,1,1,,,,,,,,,,,,,IMPERO,"225/65R17 102H",,synced,1787541029,sync-and-show,approved,,,,,,,,,,,,,
586,simple,,,"VIKING TERATECH HT - 15617410000",1,0,visible,,,,,taxable,,1,,,0,0,,,,,0,,,139.00,"Highway Terrain, Tyres","2256517, H/T",,https://www.tiromobiletyres.com.au/wp-content/uploads/2025/12/VIKING-TERATECH-HT-img.jpg,,,,,,,,,0,VIKING,"Product IP",15617410000,1,1,"Tyre Type",PASSENGER,1,1,Pattern,"TERATECH HT",1,1,Size,"225/65R17 102H",1,1,Width,225,1,1,Profile,65,1,1,Diameter,17,1,1,"Load Index",102,1,1,"Speed Rating",H,1,1,,,,,,,,,,,,,"TERATECH HT","225/65R17 102H",,has-errors,1785374718,sync-and-show,approved,,,,,,,,,,,,,e317beed88e6f5a8cde1cbd5867b318a
587,simple,,,"ZETA IMPERO - ZETAMS03.090.02",1,0,visible,,"<div><b>Features:</b></div>\n<ul>\n<li>The right tire for large size Sport Utility Vehicles and large diameter wheel applications.</li>\n<li><div>4 wide longitudinal grooves improve drainage and wet weather performance.</div></li>\n<li><div>Anti-Hydroplaning lateral grooves offer excellent wet performance.</div></li>\n<li><div>3 center block provide straight driving stability.</div></li>\n<li><div>Optimized shoulder blocks maximize grip during cornering, and provide a smooth quiet ride.</div></li>\n</ul>",,,taxable,,1,,,0,0,,,,,0,,,129.00,Tyres,2355517,,https://www.tiromobiletyres.com.au/wp-content/uploads/2026/01/ZETA-IMPERO-img.jpg,,,,,,,,,0,ZETA,"Product IP",ZETAMS03.090.02,1,1,"Tyre Type",SUV,1,1,Pattern,IMPERO,1,1,Size,"235/55R17 103W",1,1,Width,235,1,1,Profile,55,1,1,Diameter,17,1,1,"Load Index",103,1,1,"Speed Rating",W,1,1,,,,,,,,,,,,,IMPERO,"235/55R17 103W",,synced,1787541029,sync-and-show,approved,,,,,,,,,,,,,
588,simple,,,"GENERAL GRABBER HT6 - 04491970000",1,0,visible,,,,,taxable,,1,,,0,0,,,,,0,,,173.00,Tyres,2355517,,https://www.tiromobiletyres.com.au/wp-content/uploads/2026/01/GRABBER-HT6-img.jpg,,,,,,,,,0,GENERAL,"Product IP",04491970000,1,1,"Tyre Type",SUV,1,1,Pattern,"GRABBER HT6",1,1,Size,"235/55R17 99V",1,1,Width,235,1,1,Profile,55,1,1,Diameter,17,1,1,"Load Index",99,1,1,"Speed Rating",V,1,1,,,,,,,,,,,,,"GRABBER HT6","235/55R17 99V",,has-errors,1785374718,sync-and-show,,,,,,,,,,,,,,5900232530f368fb15acba5d31a3e81b
590,simple,,,"GENERAL DYNAPRO HP RA23 - 1005389",1,0,visible,,"<strong>Features:</strong>\n\n<strong>The premium all-season SUV tyre</strong>\nThe Dynapro HP provides excellent traction, reduced noise and improved interior properties for powerful, dynamic SUV’s.\n\n<strong> Unique design</strong> Improved off-road and snow performance.\n\n<strong>Embossed style</strong> Improved off-road performance with an aggressive SUV appearance.\n\n2<strong>-step graduated groove</strong> Discharges water rapidly from the tread surface to prevent hydroplaning.\n\n<strong>4 straight channel grooves</strong> Resists hydroplaning, providing increased aquaplaning performance.\n\n<strong>Semi-groove</strong> Uniform contact area provides improved on wet and snowy surfaces.\n\n<strong>Tie bar</strong> A greater circumferential and lateral stiffness enables improved dry braking, pass-by noise and prevents uneven wear.\n\n<strong>Centre rib</strong> Improved dry braking, handling and steering response.\n\n<strong>Noise-reduction kerf</strong> Prevents a harmonic tread pattern sound.\n\n<strong>Tyre Structure</strong>\n<strong>Jointless cap ply</strong> Jointless cap ply around the circumference of the tyre over the steel belts assures enhanced belt endurance plus improved uniformity for comfort and high-speed stability.\n\n<strong>Wide, high-tensile steel belts</strong> Enhance tread strength for steering response and wear life.",,,taxable,,1,,,0,0,,,,,0,,,188.08,Tyres,2355517,,https://www.tiromobiletyres.com.au/wp-content/uploads/2026/01/DYNAPRO-HP-RA23-img.jpg,,,,,,,,,0,HANKOOK,"Product IP",1005389,1,1,"Tyre Type",SUV,1,1,Pattern,"DYNAPRO HP RA23",1,1,Size,"235/55R17 103S",1,1,Width,235,1,1,Profile,55,1,1,Diameter,17,1,1,"Load Index",103,1,1,"Speed Rating",S,1,1,,,,,,,,,,,,,"DYNAPRO HP RA23","235/55R17 103S",,synced,1787541029,sync-and-show,approved,,,,,,,,,,,,,
592,simple,,,"KUMHO ECSTA HS52 - 2322483",1,0,visible,,,,,taxable,,1,,,0,0,,,,,0,,,225.00,Tyres,2355517,,https://www.tiromobiletyres.com.au/wp-content/uploads/2026/01/KUMHO-ECSTA-HS52-img.jpg,,,,,,,,,0,KUMHO,"Product IP",2322483,1,1,"Tyre Type",UHP,1,1,Pattern,"ECSTA HS52",1,1,Size,"235/55R17 103H",1,1,Width,235,1,1,Profile,55,1,1,Diameter,17,1,1,"Load Index",103,1,1,"Speed Rating",H,1,1,,,,,,,,,,,,,"ECSTA HS52","235/55R17 103H",,has-errors,1785374718,sync-and-show,approved,,,,,,,,,,,,,46e0c4b2ca4272619c646dc7d5c21d88
594,simple,,,"ZETA IMPERO - ZETAMS03.163.02",1,0,visible,,"<div><b>Features:</b></div>\n<ul>\n<li>The right tire for large size Sport Utility Vehicles and large diameter wheel applications.</li>\n<li><div>4 wide longitudinal grooves improve drainage and wet weather performance.</div></li>\n<li><div>Anti-Hydroplaning lateral grooves offer excellent wet performance.</div></li>\n<li><div>3 center block provide straight driving stability.</div></li>\n<li><div>Optimized shoulder blocks maximize grip during cornering, and provide a smooth quiet ride.</div></li>\n</ul>",,,taxable,,1,,,0,0,,,,,0,,,139.00,Tyres,2356017,,https://www.tiromobiletyres.com.au/wp-content/uploads/2026/01/ZETA-IMPERO-img.jpg,,,,,,,,,0,ZETA,"Product IP",ZETAMS03.163.02,1,1,"Tyre Type",SUV,1,1,Pattern,IMPERO,1,1,Size,"235/60R17 102H",1,1,Width,235,1,1,Profile,60,1,1,Diameter,17,1,1,"Load Index",102,1,1,"Speed Rating",H,1,1,,,,,,,,,,,,,IMPERO,"235/60R17 102H",,synced,1787541029,sync-and-show,approved,,,,,,,,,,,,,
595,simple,,,"VIKING PROTECH PT6 - 15624770000",1,0,visible,,,,,taxable,,1,,,0,0,,,,,0,,,145.00,Tyres,2356017,,https://www.tiromobiletyres.com.au/wp-content/uploads/2025/12/VIKING-PROTECH-PT6-img.jpg,,,,,,,,,0,VIKING,"Product IP",15624770000,1,1,"Tyre Type",PASSENGER,1,1,Pattern,"PROTECH PT6",1,1,Size,"235/60R17 102V",1,1,Width,235,1,1,Profile,60,1,1,Diameter,17,1,1,"Load Index",102,1,1,"Speed Rating",V,1,1,,,,,,,,,,,,,"PROTECH PT6","235/60R17 102V",,has-errors,1785374718,sync-and-show,,,,,,,,,,,,,,04632596921c4f9c0f252334b8633cfa
596,simple,,,"HANKOOK OPTIMO K406 - 1005837",1,0,visible,,"The perfect choice for drivers and environment: The Optimo K406 provides optimum handling and high driving comfort by newly developed silica tread compound. Also, it is delivering excellent wet traction and low rolling resistance, fuel consumption.\n\n<strong>Features:</strong>\n<strong>Maximum durability</strong> Exceptional quality with temperature a. Maximum durability & high heat resistance.\n\n<strong>Comfort & Noise</strong> Blocks and sipes are designed for minimal pattern-noise and improved ride comfort.\n\n<strong>Revolutionary TCT technology</strong> Conventional tire technology is incapable of fully satisfying both ride comfort and steering stability at the same time. The trapezoid contour theory is a unique approach to tire profile design. The trapezoid profile shape greatly improves ride comfort and steering stability.\n\n<strong>Tyre Structure</strong> \n<strong>Jointless bead wire & high hardness bead filler</strong> Improve high speed stability and provide comfort ride. Maximise steering response, high speed stability and durability.\n\n<strong>Wide, high-tensile steel belts & jointless two-cap ply</strong> Enhance tread strength for steering response and wear life. Improve uniformity for smooth ride and durability.",,,taxable,,1,,,0,0,,,,,0,,,187.00,Tyres,2356017,,https://www.tiromobiletyres.com.au/wp-content/uploads/2026/01/OPTIMO-K406-img.jpg,,,,,,,,,0,HANKOOK,"Product IP",1005837,1,1,"Tyre Type",SUV,1,1,Pattern,"OPTIMO K406",1,1,Size,"235/60R17 102H",1,1,Width,235,1,1,Profile,60,1,1,Diameter,17,1,1,"Load Index",102,1,1,"Speed Rating",H,1,1,,,,,,,,,,,,,"OPTIMO K406","235/60R17 102H",,synced,1787541029,sync-and-show,approved,,,,,,,,,,,,,
598,simple,,,"CONTINENTAL ULTRACONTACT UC6 SUV - 313957",1,0,visible,,"The Continental Ultra Contact UC6 uses cutting-edge design for an enhanced driving experience. This tyre promises the best performance on all levels for your choice car. The tread compound includes a special blend of polymers that enhances grip by transforming energy into heat for exceptional braking capacity and unparalleled control on wet and dry road surfaces. Its tread block pattern has been fine-tuned for shorter braking distances with adjustments to the pattern that allow for a more even distribution of braking force.\n\n<strong>Features:</strong>\n<ul>\n<li>Innovative combination of surface sipes and grooves</li>\n<li>Unique Diamond Edge block pattern for shorter, cleaner braking distances</li>\n<li>Noise Breakers embedded within the tread grooves diminishing sound for a quiet ride</li>\n<li>Low noise levels</li>\n<li>Smooth and comfortable ride</li>\n<li>Tight grip</li>\n</ul>",,,taxable,,1,,,0,0,,,,,0,,,215.05,Tyres,2356017,,https://www.tiromobiletyres.com.au/wp-content/uploads/2026/01/ULTRACONTACT-UC6-SUV-img.jpg,,,,,,,,,0,CONTINENTAL,"Product IP",313957,1,1,"Tyre Type",SUV,1,1,Pattern,"ULTRACONTACT UC6 SUV",1,1,Size,"235/60R17 102V",1,1,Width,235,1,1,Profile,60,1,1,Diameter,17,1,1,"Load Index",102,1,1,"Speed Rating",V,1,1,,,,,,,,,,,,,"ULTRACONTACT UC6 SUV","235/60R17 102V",,synced,1787541029,sync-and-show,approved,,,,,,,,,,,,,
600,simple,,,"ZETA ANTARCTICA SPORT - ZTAMS7006",1,0,visible,,"Light Truck and SUVs /Winter/High Performance\n\n<div><b>Features:</b></div>\n<ul>\n<li>V-shaped directional adjustable tread design integrating comfort and safety on ice and snow surface.</li>\n<li>Advanced tread compound formulation fitted especially for very low temperature conditions.</li>\n<li>Enhances pulling capacity and traction performance on heavy ice due to optimised stud pin position combined with multi-sipe groove arrangement.</li>\n<li>New generation studdable winter tyre.</li>\n<li>Specially developped soft compound with silica tread; good combination of winter properties with optimal wet and dry performance.</li>\n<li>Utilized #8-11, double-flangestuds enables safer driving behavior.</li>\n<li>Certified snowflake symbol.</li>\n</ul>",,,taxable,,1,,,0,0,,,,,0,,,128.90,Tyres,2356517,,https://www.tiromobiletyres.com.au/wp-content/uploads/2026/01/ZETA-ANTARCTICA-SPORT-img.jpg,,,,,,,,,0,ZETA,"Product IP",ZTAMS7006,1,1,"Tyre Type",UHP,1,1,Pattern,"ANTARCTICA SPORT",1,1,Size,"235/65R17 118/118T",1,1,Width,235,1,1,Profile,65,1,1,Diameter,17,1,1,"Load Index",118/118,1,1,"Speed Rating",T,1,1,,,,,,,,,,,,,"ANTARCTICA SPORT","235/65R17 118/118T",,synced,1787541029,sync-and-show,approved,,,,,,,,,,,,,
601,simple,,,"ZETA IMPERO - ZETAMS03.058.02",1,0,visible,,"<div><b>Features:</b></div>\n<ul>\n<li>The right tire for large size Sport Utility Vehicles and large diameter wheel applications.</li>\n<li><div>4 wide longitudinal grooves improve drainage and wet weather performance.</div></li>\n<li><div>Anti-Hydroplaning lateral grooves offer excellent wet performance.</div></li>\n<li><div>3 center block provide straight driving stability.</div></li>\n<li><div>Optimized shoulder blocks maximize grip during cornering, and provide a smooth quiet ride.</div></li>\n</ul>",,,taxable,,1,,,0,0,,,,,0,,,141.06,Tyres,2356517,,https://www.tiromobiletyres.com.au/wp-content/uploads/2026/01/ZETA-IMPERO-img.jpg,,,,,,,,,0,ZETA,"Product IP",ZETAMS03.058.02,1,1,"Tyre Type",SUV,1,1,Pattern,IMPERO,1,1,Size,"235/65R17 108V",1,1,Width,235,1,1,Profile,65,1,1,Diameter,17,1,1,"Load Index",108,1,1,"Speed Rating",V,1,1,,,,,,,,,,,,,IMPERO,"235/65R17 108V",,synced,1787541029,sync-and-show,approved,,,,,,,,,,,,,
602,simple,,,"VIKING TERATECH HT - 15617420000",1,0,visible,,,,,taxable,,1,,,0,0,,,,,0,,,149.00,Tyres,2356517,,https://www.tiromobiletyres.com.au/wp-content/uploads/2025/12/VIKING-TERATECH-HT-img.jpg,,,,,,,,,0,VIKING,"Product IP",15617420000,1,1,"Tyre Type",PASSENGER,1,1,Pattern,"TERATECH HT",1,1,Size,"235/65R17 108V",1,1,Width,235,1,1,Profile,65,1,1,Diameter,17,1,1,"Load Index",108,1,1,"Speed Rating",V,1,1,,,,,,,,,,,,,"TERATECH HT","235/65R17 108V",,has-errors,1785374718,sync-and-show,approved,,,,,,,,,,,,,0d9f51b52b7a8aafd1cbf627030b0566
603,simple,,,"NEXEN RODIAN GTX - 17136NXK",1,0,visible,,,,,taxable,,1,,,0,0,,,,,0,,,182.46,Tyres,2356517,,https://www.tiromobiletyres.com.au/wp-content/uploads/2026/01/NEXEN-RODIAN-GTX-img.jpg,,,,,,,,,0,NEXEN,"Product IP",17136NXK,1,1,Pattern,"RODIAN GTX",1,1,Size,"235/65R17 104H",1,1,Width,235,1,1,Profile,65,1,1,Diameter,17,1,1,"Load Index",104,1,1,"Speed Rating",H,1,1,,,,,,,,,,,,,,,,,"RODIAN GTX","235/65R17 104H",,has-errors,1785374718,sync-and-show,,,,,,,,,,,,,,e754e865e9dad2886fb4f8120267373a
605,simple,,,"WINRUN MAXCLAW H/T2 - W27617",1,0,visible,,,,,taxable,,1,,,0,0,,,,,1,,,149.00,"Highway Terrain, Tyres","2456517, H/T",,https://www.tiromobiletyres.com.au/wp-content/uploads/2026/01/WINRUN-MAXCLAW-HT2-img.jpg,,,,,,,,,0,WINRUN,"Product IP",W27617,1,1,"Tyre Type",PCR,1,1,Pattern,"MAXCLAW H/T2",1,1,Size,"245/65R17 111XLT",1,1,Width,245,1,1,Profile,65,1,1,Diameter,17,1,1,"Load Index",111XL,1,1,"Speed Rating",T,1,1,,,,,,,,,,,,,"MAXCLAW H/T2","245/65R17 111XLT",,has-errors,1785374718,sync-and-show,approved,,,,,,,,,,,,,d64fdd900e4f83f7cb9b768cd7a4b8a1
607,simple,,,"NEXEN ROADIAN GTX - 17061NXK",1,0,visible,,,,,taxable,,1,,,0,0,,,,,1,,,188.50,Tyres,2456517,,https://www.tiromobiletyres.com.au/wp-content/uploads/2026/01/NEXEN-RODIAN-GTX-img.jpg,,,,,,,,,0,NEXEN,"Product IP",17061NXK,1,1,"Tyre Type",SUV,1,1,Pattern,"RODIAN GTX",1,1,Size,"245/65R17 103H",1,1,Width,245,1,1,Profile,65,1,1,Diameter,17,1,1,"Load Index",103,1,1,"Speed Rating",H,1,1,,,,,,,,,,,,,"RODIAN GTX","245/65R17 103H",,has-errors,1785374718,sync-and-show,approved,,,,,,,,,,,,,3a6f63df88f6a2966e58067c3e4f7f83
608,simple,,,"HANKOOK DYNAPRO AT2 XTR RF12 - 1029784",1,0,visible,,,,,taxable,,1,,,0,0,,,,,1,,,232.48,Tyres,2456517,,https://www.tiromobiletyres.com.au/wp-content/uploads/2025/12/HANKOOK-DYNAPRO-AT2-XTR-img.jpg,,,,,,,,,0,HANKOOK,"Product IP",1029784,1,1,"Tyre Type",4X4,1,1,Pattern,"DYNAPRO AT2 XTR RF12",1,1,Size,"245/65R17 111T",1,1,Width,245,1,1,Profile,65,1,1,Diameter,17,1,1,"Load Index",111,1,1,"Speed Rating",T,1,1,,,,,,,,,,,,,"DYNAPRO AT2 XTR RF12","245/65R17 111T",,has-errors,1785374718,sync-and-show,approved,,,,,,,,,,,,,5d2aba84c85389982fe3f5b0b2567c3c
609,simple,,,"PIRELLI SCORPION VERDE ALL SEASON - 2340900",1,0,visible,,"'\nScorpion Verde All Season is a Pirelli’s Green Performance Crossover & SUV tyre that takes full advantage of the most modern resources, structures and tread patterns to guarantee savings, respect to the environment, comfort and safety on all road surfaces. The lateral stability and the traction on wet and light snow, ensure all season performances. Scorpion Verde™ All Season features the M+S marking engraved on the sidewall.\n\nThe ideal choice for Crossovers and SUVs. It is conceived for drivers who look for higher mileage and light off-road performances, without giving up comfort and safety on all road surfaces and in every conditions.\n\n<strong>Optimized pitch sequence and phasing:</strong> lower internal noise.\n\n<strong>Optimized profile and innovative  materials:</strong> reduced fuel consumption and CO2 emissions.\n\n<strong>Dedicated shoulder profile:</strong> improved stability also for large SUVs.\n\n<strong>Balanced silica ratio tread compound:</strong>  high mileage and stable performance. Innovative compound with special polymers: wet performance.",,,taxable,,1,,,0,0,,,,,1,,,275.07,Tyres,2456517,,https://www.tiromobiletyres.com.au/wp-content/uploads/2026/01/PIRELLI-SCORPION-VERDE-img.jpg,,,,,,,,,0,PIRELLI,"Product IP",2340900,1,1,"Tyre Type",SUV,1,1,Pattern,"SCORPION VERDE ALL SEASON",1,1,Size,"245/65R17 111H",1,1,Width,245,1,1,Profile,65,1,1,Diameter,17,1,1,"Load Index",111,1,1,"Speed Rating",H,1,1,,,,,,,,,,,,,"SCORPION VERDE ALL SEASON","245/65R17 111H",,synced,1787541029,sync-and-show,approved,,,,,,,,,,,,,
611,simple,,,"DUNLOP GRANDTREK AT25 - 542687T-OFFS",1,0,visible,,,,,taxable,,1,,,0,0,,,,,0,,,155.01,"All Terrian, Tyres","2556517, A/T",,https://www.tiromobiletyres.com.au/wp-content/uploads/2026/01/DUNLOP-GRANDTREK-img.jpg,,,,,,,,,0,DUNLOP,"Product IP",542687T-OFFS,1,1,"Tyre Type","4X4, SUV",1,1,Pattern,"GRANDTREK AT25",1,1,Size,"TAKE OFFS-255/65R17 110S",1,1,Width,255,1,1,Profile,65,1,1,Diameter,17,1,1,"Load Index",110,1,1,"Speed Rating",S,1,1,,,,,,,,,,,,,"GRANDTREK AT25","TAKE OFFS-255/65R17 110S",,has-errors,1785374718,sync-and-show,approved,,,,,,,,,,,,,472ec2be7358cc29e263f9452e0b5e43
613,simple,,,"ZETA IMPERO - ZETAMS03.123.02",1,0,visible,,"<strong>Features:</strong>\n<ul>\n<li>The right tire for large size Sport Utility Vehicles and large diameter wheel applications.</li>\n<li>4 wide longitudinal grooves improve drainage and wet weather performance.</li>\n<li>Anti-Hydroplaning lateral grooves offer excellent wet performance.</li>\n<li>3 center block provide straight driving stability.</li>\n<li>Optimized shoulder blocks maximize grip during cornering, and provide a smooth quiet ride.</li>\n</ul>\n",,,taxable,,1,,,0,0,,,,,0,,,157.98,Tyres,2556517,,https://www.tiromobiletyres.com.au/wp-content/uploads/2026/01/ZETA-IMPERO-img.jpg,,,,,,,,,0,ZETA,"Product IP",ZETAMS03.123.02,1,1,"Tyre Type",SUV,1,1,Pattern,IMPERO,1,1,Size,"255/65R17 110H",1,1,Width,255,1,1,Profile,65,1,1,Diameter,17,1,1,"Load Index",110,1,1,"Speed Rating",H,1,1,,,,,,,,,,,,,IMPERO,"255/65R17 110H",,synced,1787541029,sync-and-show,approved,,,,,,,,,,,,,
614,simple,,,"GENERAL GRABBER GT - 450245",1,0,visible,,"Is not just really good to look at...\n\nNewly developed for high-powered SUVs and off-road vehicles, the Grabber GT is not just really good to look at.\n\n<strong>Outstanding handling performance on dry and wet roads.</strong>\nThe Grabber GT has a high degree of rigidity and a well-balanced tread structure. This ensures excellent handling on dry and wet roads.\n \n<strong>High driving comfort due to reduced noise level.</strong>\nThe robust tread minimises wear. Throughout the service life of the tyre it provides a comfortable ride and the noise level is low.\n \n<strong>Excellent wet braking performance.</strong>\nA lot of gripping edges provide a very high level of safety because of excellent grip in the wet even when braking.\n \n<strong>VAI - Visual Alignment Indicator signals uneven wear.</strong>\nIf the tread wears unevenly over the first 1,000 kilometres the Visual Alignment Indicator technology (VAI) signals this to the user. This significantly extends the service life of the tyre.\n \n<strong>RTM - Replacement Tyre Monitor for greater safety.</strong>\nRTM technology tells the driver in good time when a tyre change is due, which increases safety.\n",,,taxable,,1,,,0,0,,,,,0,,,195.00,Tyres,2556517,,https://www.tiromobiletyres.com.au/wp-content/uploads/2026/01/GENERAL-GRABBER-GT-img.jpg,,,,,,,,,0,GENERAL,"Product IP",450245,1,1,"Tyre Type",SUV,1,1,Pattern,"GRABBER GT",1,1,Size,"255/65R17 110H",1,1,Width,255,1,1,Profile,65,1,1,Diameter,17,1,1,"Load Index",110,1,1,"Speed Rating",H,1,1,,,,,,,,,,,,,"GRABBER GT","255/65R17 110H",,synced,1787541029,sync-and-show,approved,,,,,,,,,,,,,
616,simple,,,"DUNLOP GRANDTREK AT23 - 2556517AT23-OFFS",1,0,visible,,"An original equipment, all-season truck and SUV tyre.\n\n<strong>Key Features:</strong>\n1. M&S rated tire with an all-season tread design that helps deliver year-round traction and enhanced wet handling\n2. Circumferential tread grooves help pump water away from the footprint for excellent wet traction\n3. 5-Pitch Technology™ aids noise reduction for a quiet ride",,,taxable,,1,,,0,0,,,,,0,,,199.01,"All Terrian, Tyres","2556517, A/T",,https://www.tiromobiletyres.com.au/wp-content/uploads/2026/01/DUNLOP-GRANDTREK-AT23-img.jpg,,,,,,,,,0,DUNLOP,"Product IP",2556517AT23-OFFS,1,1,"Tyre Type","4X4, SUV",1,1,Pattern,"GRANDTREK AT23",1,1,Size,"TAKE OFFS-255/65R17 110H",1,1,Width,255,1,1,Profile,65,1,1,Diameter,17,1,1,"Load Index",110,1,1,"Speed Rating",H,1,1,,,,,,,,,,,,,"GRANDTREK AT23","TAKE OFFS-255/65R17 110H",,synced,1787541029,sync-and-show,approved,,,,,,,,,,,,,
618,simple,,,"ZETA IMPERO - ZTAMST03.047.02",1,0,visible,,"<strong>Features:</strong>\n<ul>\n<li>The right tire for large size Sport Utility Vehicles and large diameter wheel applications.</li>\n<li>4 wide longitudinal grooves improve drainage and wet weather performance.</li>\n<li>Anti-Hydroplaning lateral grooves offer excellent wet performance.</li>\n<li>3 center block provide straight driving stability.</li>\n<li>Optimized shoulder blocks maximize grip during cornering, and provide a smooth quiet ride.</li>\n</ul>\n",,,taxable,,1,,,0,0,,,,,0,,,169.00,Tyres,2656517,,https://www.tiromobiletyres.com.au/wp-content/uploads/2026/01/ZETA-IMPERO-img.jpg,,,,,,,,,0,ZETA,"Product IP",ZTAMST03.047.02,1,1,"Tyre Type",UHP,1,1,Pattern,IMPERO,1,1,Size,"265/65R17 112H",1,1,Width,265,1,1,Profile,65,1,1,Diameter,17,1,1,"Load Index",112,1,1,"Speed Rating",H,1,1,,,,,,,,,,,,,IMPERO,"265/65R17 112H",,synced,1787541029,sync-and-show,approved,,,,,,,,,,,,,
619,simple,,,"VIKING TERATECH HT - 15617730000",1,0,visible,,,,,taxable,,1,,,0,0,,,,,0,,,169.00,"Highway Terrain, Tyres","2656517, H/T",,https://www.tiromobiletyres.com.au/wp-content/uploads/2025/12/VIKING-TERATECH-HT-img.jpg,,,,,,,,,0,VIKING,"Product IP",15617730000,1,1,"Tyre Type",PASSENGER,1,1,Pattern,"TERATECH HT",1,1,Size,"265/65R17 112T",1,1,Width,265,1,1,Profile,65,1,1,Diameter,17,1,1,"Load Index",112,1,1,"Speed Rating",T,1,1,,,,,,,,,,,,,"TERATECH HT","265/65R17 112T",,has-errors,1785374718,sync-and-show,approved,,,,,,,,,,,,,87703da9fb79e299db9748a2d9f3a3bf
620,simple,,,"TOLEDO RAGNAR R9 - 117.007.07",1,0,visible,,,,,taxable,,1,,,0,0,,,,,0,,,175.00,Tyres,2656517,,https://www.tiromobiletyres.com.au/wp-content/uploads/2026/01/TOLEDO-RAGNAR-R9-img.jpg,,,,,,,,,0,TOLEDO,"Product IP",117.007.07,1,1,"Tyre Type",R/T,1,1,Pattern,"RAGNAR R9",1,1,Size,"265/65R17 116Q",1,1,Width,265,1,1,Profile,65,1,1,Diameter,17,1,1,"Load Index",116,1,1,"Speed Rating",Q,1,1,,,,,,,,,,,,,"RAGNAR R9","265/65R17 116Q",,has-errors,1785374718,sync-and-show,approved,,,,,,,,,,,,,4921ed06da0b634afae022bbd080aa10
621,simple,,,"SUMAXX MAX RANGER R/T - SNMAXX-147",1,0,visible,,,,,taxable,,1,,,0,0,,,,,0,,,175.00,Tyres,2656517,,https://www.tiromobiletyres.com.au/wp-content/uploads/2026/01/SUMAXX-MAX-RANGER-img.jpg,,,,,,,,,0,SUMAXX,"Product IP",SNMAXX-147,1,1,"Tyre Type",R/T,1,1,Pattern,"MAX RANGER R/T",1,1,Size,"265/65R17 112T",1,1,Width,265,1,1,Profile,65,1,1,Diameter,17,1,1,"Load Index",112,1,1,"Speed Rating",T,1,1,,,,,,,,,,,,,"MAX RANGER R/T","265/65R17 112T",,has-errors,1785374718,sync-and-show,approved,,,,,,,,,,,,,5f5e5f9258390a839eb5f35f4e1de959
622,simple,,,"YOKOHAMA BLUEARTH-VAN RY55 - 2156017RY55",1,0,visible,,,,,taxable,,1,,,0,0,,,,,0,,,278.80,Tyres,2156017C,,https://www.tiromobiletyres.com.au/wp-content/uploads/2025/12/YOKOHAMA-BLUEARTH-VAN-RY55-img.jpg,,,,,,,,,0,YOKOHAMA,"Product IP",2156017RY55,1,1,"Tyre Type",VAN,1,1,Pattern,"BLUEARTH-VAN RY55",1,1,Size,"215/60R17C 109/107T",1,1,Width,215,1,1,Profile,60,1,1,Diameter,17,1,1,"Load Index",109/107,1,1,"Speed Rating",T,1,1,,,,,,,,,,,,,"BLUEARTH-VAN RY55","215/60R17C 109/107T",,has-errors,1785374718,sync-and-show,approved,,,,,,,,,,,,,c8954fe79bb6b4ae3b2efe85bec01212
623,simple,,,"NANKANG NS20 - NA245401720",1,0,visible,,"Ultra High Performance\n\n<strong>Key Features:</strong>\n<ul>\n<li> New generation sophisticated performance</li>\n<li> Hangs on like the proverbial</li>\n<li> Yet quiet and comfortable</li>\n</ul>",,,taxable,,1,,,0,0,,,,,0,,,178.23,Tyres,2454017,,https://www.tiromobiletyres.com.au/wp-content/uploads/2026/01/NANKANG-NS20-img.jpg,,,,,,,,,0,NANKANG,"Product IP",NA245401720,1,1,"Tyre Type",UHP,1,1,Pattern,NS20,1,1,Size,"245/40R17 91V",1,1,Width,245,1,1,Profile,40,1,1,Diameter,17,1,1,"Load Index",91,1,1,"Speed Rating",V,1,1,,,,,,,,,,,,,NS20,"245/40R17 91V",,synced,1787541029,sync-and-show,approved,,,,,,,,,,,,,
625,simple,,,"FALKEN ZIEX ZE914 ECORUN - AU10322045",1,0,visible,,"The ZIEX ZE914 ECORUN is the next generation, high-performance tyre made for Australian roads. Engineered for performance and cost saving fuel efficiency, the low rolling resistance compound offers more mileage and better wet braking. The tyre features an asymmetric tread pattern with four straight and wide circumferential grooves for hydroplane resistance. The high-rigidity rib construction provides good wet and dry braking stability. Slots and sipes can be found throughout the tyre, optimised for even tread wear, comfort and traction.\n\n\n<strong>FEATURES</strong>\n<strong>ECORUN COMPOUND </strong> Compound promotes low rolling resistance with longer life and better all weather handling.\n\n<strong>OPTIMISED ASYMMETRIC TREAD</strong> For longer wear life, better wet braking, less rolling resistance and lower fuel consumption.\n\n<strong>NATURAL RADIUS CARCASS PROFILE</strong> For improved handling, even contact pressure and better ride comfort.\n\n<strong>SPECIAL EYES TYRE WEAR INDICATORS</strong> Shows drivers when it’s time to rotate their tyres.\n",,,taxable,,1,,,0,0,,,,,0,,,227.61,Tyres,2454017,,https://www.tiromobiletyres.com.au/wp-content/uploads/2025/12/FALKEN-ZIEX-ZE914-ECORUN-img.jpg,,,,,,,,,0,FALKEN,"Product IP",AU10322045,1,1,Pattern,"ZIEX ZE914 ECORUN",1,1,Size,"245/40R17 91W",1,1,Width,245,1,1,Profile,40,1,1,Diameter,17,1,1,"Load Index",91,1,1,"Speed Rating",W,1,1,,,,,,,,,,,,,,,,,"ZIEX ZE914 ECORUN","245/40R17 91W",,synced,1787541029,sync-and-show,approved,,,,,,,,,,,,,
626,simple,,,"CONTINENTAL CONTIMAXCONTACT MC6 - 357419",1,0,visible,,"<strong>MAX benefits for your car:</strong>\n\nMaximum Safety by offering confident braking in wet and dry conditions.\n\nMaximum Confidence thanks to sporty handling and direct feedback from the road.\n\nMaximum Value from the perfect combination of good mileage and low noise.\n\n\n<strong>Multiple features guarantee outstanding performance:</strong>\nDedicated areas on MaxContact™ MC6's tread design deliver high levels of performance from the tyre. These features cover all four directional forces that are applied to the tyre tread. \n\n\n<strong>Stabiliser Bars</strong>\nFix and stabilise the outside shoulder blocks and the longitudinal rib to form one stable unit, for enhanced handling and cornering grip. Depending on the dimension, there are about 50 stabiliser bars positioned around the tyre's circumference. \n\n\n<strong>Asymmetric Rib Geometry</strong>\nThe supporting angles of the rib-shoulders prevent slanting of the ribs under heavy cornering manoeuvres and sharp changes of steering direction, thus ensuring an enhanced cornering response.\n\n\n<strong>Longitudinal Chamfered Edges</strong>\nPrevent the rolling-in-effect of the ribs in the lateral direction for maximum contact area to achieve enhanced cornering grip and stability.\n\n\n<strong>Chevron Grip Elements</strong>\nPerformance designed Chevron Grip Elements allow even pressure distribution during cornering even on the inside tyre of the vehicle resulting in enhanced grip, better wet braking and handling.\n\n\n<strong>Stable Rib Structure </strong>\nTo achieve faster dry braking and efficient traction for acceleration, these longitudinal ribs are engineered to avoid block distortion by transferring circumferential forces efficiently to the road. \n\n\n<strong>Noise Breaker 2.0</strong>\nBreaks down the noise waves which flow through the grooves to ensure a comfortable low noise ride.\n",,,taxable,,1,,,0,0,,,,,0,,,235.00,Tyres,2454017,,https://www.tiromobiletyres.com.au/wp-content/uploads/2026/01/CONTINENTAL-CONTIMAXCONT-img.jpg,,,,,,,,,0,CONTINENTAL,"Product IP",357419,1,1,"Tyre Type",PASSENGER,1,1,Pattern,"CONTIMAXCONTACT MC6",1,1,Size,"245/40R17 95W",1,1,Width,245,1,1,Profile,40,1,1,Diameter,17,1,1,"Load Index",95,1,1,"Speed Rating",W,1,1,,,,,,,,,,,,,"CONTIMAXCONTACT MC6","245/40R17 95W",,synced,1787541029,sync-and-show,approved,,,,,,,,,,,,,
628,simple,,,"PIRELLI CINTURATO P7 - 2153700",1,0,visible,,"Pirelli's first Green Performance tyre, CINTURATO  P7 has been created to take full advantage of latest materials, structures and tread pattern design in order to guarantee savings, respect for the environment, comfort and safety on all road surfaces. Pirelli CINTURATO P7 is on the top in 2010 ADAC summer tyre test confirming its leadership in terms of performance, safety and eco-compatibility.\n\n<strong>Features:</strong>\n<strong>ENERGY EFFICIENT:</strong>\nReduces fuel consumption and CO2 emissions.\n\n<strong>CLEAN AIR:</strong>\nMade from eco-compatible materials that minimise environmental impact, both at the production stage and throughout the life of the tyre.\n\n<strong>HIGH MILEAGE:</strong>\nLonger lasting tyre that maintains high levels of performance and safety.\n \n<strong>LOW NOISE:</strong>\nAlready complies with the 2012 EU Regulation on the reduction of noise, resulting in improved driving comfort.\n\n<strong>Key Homologations:</strong>\nAlfa Romeo, Audi, BMW, Mercedes, MINI, Peugeot, Skoda, Volkswagen",,,taxable,,1,,,0,0,,,,,0,,,284.77,Tyres,2454017,,https://www.tiromobiletyres.com.au/wp-content/uploads/2025/10/pirelli-cinturato-p7img.jpg,,,,,,,,,0,PIRELLI,"Product IP",2153700,1,1,"Tyre Type",UHP,1,1,Pattern,"CINTURATO P7",1,1,Size,"245/40R17 91W",1,1,Width,245,1,1,Profile,40,1,1,Diameter,17,1,1,"Load Index",91,1,1,"Speed Rating",W,1,1,,,,,,,,,,,,,"CINTURATO P7","245/40R17 91W",,synced,1787541029,sync-and-show,approved,,,,,,,,,,,,,
629,simple,,,"BRIDGESTONE POTENZA RE050A  - 11005942",1,0,visible,,"The Potenza RE050A is an ultra high performance tyre that uses technology developed through Bridgestone’s involvement with Formula One. Chosen by Ferrari and Porsche, it offers dynamic sporty handling with excellent control, stability and steering response.\n\n<strong>Features:</strong>\n<ul>\n<li>The ultimate in performance and luxury</li>\n<li>Supreme control and a crisp response</li>\n<li>Excellent cornering and braking performance</li>\n<li>Excellent steering response</li>\n<li>Outstanding grip and handling in hazardous, wet conditions</li>\n<li>Exceptionally smooth and quiet ride</li>\n<li>Available in Run Flat Tyre Technology</li>\n</ul>",,,taxable,,1,,,0,0,,,,,0,,,361.12,Tyres,"2554017, Runflat",,https://www.tiromobiletyres.com.au/wp-content/uploads/2026/01/BRIDGESTONE-POTENZA-RE050A-img.jpg,,,,,,,,,0,BRIDGESTONE,"Product IP",11005942,1,1,"Tyre Type",UHP,1,1,Pattern,"POTENZA RE050A",1,1,Size,"255/40R17 94Y",1,1,Width,255,1,1,Profile,40,1,1,Diameter,17,1,1,"Load Index",94,1,1,"Speed Rating",Y,1,1,,,,,,,,,,,,,"POTENZA RE050A","255/40R17 94Y",,synced,1787541029,sync-and-show,approved,,,,,,,,,,,,,
631,simple,,,"NANKANG NS20 - NA255401720",1,0,visible,,"<strong>Features:</strong>\n<ul>\n<li>New generation sophisticated performance</li>\n<li>Hangs on like the proverbial</li>\n<li>Yet quiet and comfortable</li>\n</ul>",,,taxable,,1,,,0,0,,,,,0,,,187.87,Tyres,2554017,,https://www.tiromobiletyres.com.au/wp-content/uploads/2026/01/NANKANG-NS20-img.jpg,,,,,,,,,0,NANKANG,"Product IP",NA255401720,1,1,"Tyre Type",UHP,1,1,Pattern,NS20,1,1,Size,"255/40R17 94V",1,1,Width,255,1,1,Profile,40,1,1,Diameter,17,1,1,"Load Index",94,1,1,"Speed Rating",V,1,1,,,,,,,,,,,,,NS20,"255/40R17 94V",,synced,1787541029,sync-and-show,approved,,,,,,,,,,,,,
632,simple,,,"NEXEN NFERA SU1 - 12731NXK",1,0,visible,,"Excellent dry and wet traction are supported by optimum split surface siping. By increasing shoulder block stiffness, pressure distributes evenly and ensures maximum cornering performance.\n\n<strong>Features:</strong>\n<ul>\n<li>4 wide longitudinal grooves – Improved drainage performance.</li>\n<li>Lateral grooves in pattern shoulder – Excellent performance and handling on wet surfaces.</li>\n<li>3 centre blocks – Excellent stability for directional & straight driving.</li>\n<li>Optimised shoulder block – Maximum grip during cornering.</li>\nULTRA HIGH PERFORMANCE\n</ul>",,,taxable,,1,,,0,0,,,,,0,,,205.88,Tyres,2554017,,https://www.tiromobiletyres.com.au/wp-content/uploads/2026/01/NEXEN-NFERA-SU1-img.jpg,,,,,,,,,0,NEXEN,"Product IP",12731NXK,1,1,Pattern,"N-FERA SU1",1,1,Size,"255/40R17 94W",1,1,Width,255,1,1,Profile,40,1,1,Diameter,17,1,1,"Load Index",94,1,1,"Speed Rating",W,1,1,,,,,,,,,,,,,,,,,"N-FERA SU1","255/40R17 94W",,synced,1787541029,sync-and-show,approved,,,,,,,,,,,,,
633,simple,,,"NANKANG AR1 - NA2554017AR1",1,0,visible,,"'\n<strong>Features:</strong>\n<ul>\n<li>Brand new semi-slick comp tyre</li>\n<li>Sticky compound</li>\n<li>Treadwear: 80</li>\n<li>Inch 13-20</li>\n<li>Series 30-50/60</li>\n</ul>",,,taxable,,1,,,0,0,,,,,0,,,331.10,Tyres,2554017,,https://www.tiromobiletyres.com.au/wp-content/uploads/2025/12/NANKANG-AR1-img.jpg,,,,,,,,,0,NANKANG,"Product IP",NA2554017AR1,1,1,"Tyre Type","Semi Slick",1,1,Pattern,AR1,1,1,Size,"255/40R17 94W",1,1,Width,255,1,1,Profile,40,1,1,Diameter,17,1,1,"Load Index",94,1,1,"Speed Rating",W,1,1,,,,,,,,,,,,,AR1,"255/40R17 94W",,synced,1787541029,sync-and-show,approved,,,,,,,,,,,,,
634,simple,,,"NEXEN NFERA SU1 - 14112NXK",1,0,visible,,"Excellent dry and wet traction are supported by optimum split surface siping. By increasing shoulder block stiffness, pressure distributes evenly and ensures maximum cornering performance.\n\n<strong>Features:</strong>\n<ul>\n<li>4 wide longitudinal grooves – Improved drainage performance.</li>\n<li>Lateral grooves in pattern shoulder – Excellent performance and handling on wet surfaces.</li>\n<li>3 centre blocks – Excellent stability for directional & straight driving.</li>\n<li>Optimised shoulder block – Maximum grip during cornering.</li>\nULTRA HIGH PERFORMANCE\n</ul>",,,taxable,,1,,,0,0,,,,,0,,,238.86,Tyres,2754017,,https://www.tiromobiletyres.com.au/wp-content/uploads/2026/01/NEXEN-NFERA-SU1-img.jpg,,,,,,,,,0,NEXEN,"Product IP",14112NXK,1,1,Pattern,"N-FERA SU1",1,1,Size,"275/40R17 98W",1,1,Width,275,1,1,Profile,40,1,1,Diameter,17,1,1,"Load Index",98,1,1,"Speed Rating",W,1,1,,,,,,,,,,,,,,,,,"N-FERA SU1","275/40R17 98W",,synced,1787541029,sync-and-show,approved,,,,,,,,,,,,,
637,simple,,,"NITTO NT05 - NIMS014",1,0,visible,,"The NT05™ is a max performance tire engineered to complement the power of your vehicle. It was developed through extensive computer simulation modeling and on-track testing. The rigorous development process helped produce a street tire that provides precise and responsive handling and performance. Knowing the tire is responding to your inputs will inspire your confidence.\n\n<strong>FEATURES AND BENEFITS</strong>\n<strong>A Perfect Pair</strong>\nFor even greater drag performance, the NT05 max performance tyre can be paired with the NT05R drag radial on the rear axle. When developing both product lines, Nitto matched the tread design and sizing to fit modern performance vehicles.\n\n<strong>Dry Performance</strong>\nThe continuous center rib combined with large outer shoulder tread blocks provides consistent contact with the road for a high-level of dry performance.\n\n<strong>Predictable Cornering</strong>\nThe specifically formulated tread compound and reinforced internal construction were engineered to emphasize dry road response, traction, handling and high-speed capabilities.\n\n<strong>Handling Stability</strong>\nThe reinforced tread blocks and the large continuous center rib provide exceptional rigidity and stability.",,,taxable,,1,,,0,0,,,,,0,,,390.00,Tyres,2754017,,https://www.tiromobiletyres.com.au/wp-content/uploads/2026/01/NITTO-NT05-img.jpg,,,,,,,,,0,NITTO,"Product IP",NIMS014,1,1,"Tyre Type",UHP,1,1,Pattern,NT05,1,1,Size,"275/40R17 98W",1,1,Width,275,1,1,Profile,40,1,1,Diameter,17,1,1,"Load Index",98,1,1,"Speed Rating",W,1,1,,,,,,,,,,,,,NT05,"275/40R17 98W",,synced,1787541029,sync-and-show,approved,,,,,,,,,,,,,
639,simple,,,"NANKANG NS25 - NA2754017NS25",1,0,visible,,,,,taxable,,1,,,0,0,,,,,0,,,253.25,Tyres,2754017,,https://www.tiromobiletyres.com.au/wp-content/uploads/2026/01/NANKANG-NS25-img.jpg,,,,,,,,,0,NANKANG,"Product IP",NA2754017NS25,1,1,"Tyre Type",UHP,1,1,Pattern,NS25,1,1,Size,"275/40R17 98W",1,1,Width,275,1,1,Profile,40,1,1,Diameter,17,1,1,"Load Index",98,1,1,"Speed Rating",W,1,1,,,,,,,,,,,,,NS25,"275/40R17 98W",,has-errors,1785374718,sync-and-show,approved,,,,,,,,,,,,,cec79d62605ad2cea65486b012c892a4
641,simple,,,"NEXEN N3000 - NEXMS109",1,0,visible,,"Get a set of Nexen N3000 tyres and get ready to have some fun on the road. This directional performance tire gives you excellent high-speed handling, crisp cornering, responsive braking, a quiet ride, and optimal grip in wet conditions.\n\n<strong>Key Features</strong>\n<ul>\n<li>Directional wide aqua groove and aggressive lateral grooves help prevent hydroplaning</li>\n<li>V-shaped tread drains water for safety and confidence in wet conditions</li>\n<li>Continuous arrow center rib design aids in stability and braking</li>\n<li>Rigid shoulder block design for improved cornering</li>\n<li>Rim protector helps protect your wheels from accidental curb damage</li>\n<li>5 random pitch variation reduces road noise</li>\n</ul>",,,taxable,,1,,,0,0,,,,,0,,,153.74,Tyres,2754017,,https://www.tiromobiletyres.com.au/wp-content/uploads/2026/01/NEXEN-N3000-img.jpg,,,,,,,,,0,NEXEN,"Product IP",NEXMS109,1,1,"Tyre Type",UHP,1,1,Pattern,N3000,1,1,Size,"275/40R17 98W",1,1,Width,275,1,1,Profile,40,1,1,Diameter,17,1,1,"Load Index",98,1,1,"Speed Rating",W,1,1,,,,,,,,,,,,,N3000,"275/40R17 98W",,synced,1787541029,sync-and-show,approved,,,,,,,,,,,,,
643,simple,,,"ZETA ALVENTI - ZTAMS085",1,0,visible,,"New designed Asymmetric tread pattern , enhanced UHP tyre block stiffness for heavy loads, and ensure vehicle has been controlled perfect under any road conditions.\n\n\n<strong>KEY FEATURES:</strong>\n<ul>\n<li>Optimized pitch variance design & tread formula with high silica rubber reduces noise, innovative grip, improved mileage as well.</li>\n<li>4 straight grooves provide excellent smooth water dispersion and high levels of wet handling.</li>\n<li>Three solid longitudinal ribs improved braking and linear stability during high speed.</li>\n</ul>",,,taxable,,1,,,0,0,,,,,1,,,115.00,Tyres,2154018,,https://www.tiromobiletyres.com.au/wp-content/uploads/2025/10/Zeta-Alventi-img.jpg,,,,,,,,,0,ZETA,"Product IP",ZTAMS085,1,1,"Tyre Type",UHP,1,1,Pattern,ALVENTI,1,1,Size,"215/40R18 89Y",1,1,Width,215,1,1,Profile,40,1,1,Diameter,18,1,1,"Load Index",89,1,1,"Speed Rating",Y,1,1,,,,,,,,,,,,,ALVENTI,"215/40R18 89Y",,synced,1787541029,sync-and-show,approved,,,,,,,,,,,,,
644,simple,,,"ZETA ALVENTI - ZTAMS0317202",1,0,visible,,"New designed Asymmetric tread pattern , enhanced UHP tyre block stiffness for heavy loads, and ensure vehicle has been controlled perfect under any road conditions.\n\n\n<strong>KEY FEATURES:</strong>\n<ul>\n<li>Optimized pitch variance design & tread formula with high silica rubber reduces noise, innovative grip, improved mileage as well.</li>\n<li>4 straight grooves provide excellent smooth water dispersion and high levels of wet handling.</li>\n<li>Three solid longitudinal ribs improved braking and linear stability during high speed.</li>\n</ul>",,,taxable,,1,,,0,0,,,,,1,,,150.00,Tyres,"2154018, Runflat",,https://www.tiromobiletyres.com.au/wp-content/uploads/2025/10/Zeta-Alventi-img.jpg,,,,,,,,,0,ZETA,"Product IP",ZTAMS0317202,1,1,"Tyre Type",RUNFLAT,1,1,Pattern,ALVENTI,1,1,Size,"215/40R18 85Y",1,1,Width,215,1,1,Profile,40,1,1,Diameter,18,1,1,"Load Index",85,1,1,"Speed Rating",Y,1,1,,,,,,,,,,,,,ALVENTI,"215/40R18 85Y",,synced,1787541029,sync-and-show,approved,,,,,,,,,,,,,
645,simple,,,"NEXEN N-FERA SU1 - NEXMS255",1,0,visible,,"<strong>KEY FEATURES:</strong>\n<ul>\n<li>Excellent dry and wet traction are supported by optimum split surface siping. By increasing shoulder block stiffness, pressure distributes evenly and ensures maximum cornering performance.</li>\n<li>4 wide longitudinal grooves – Improved drainage performance.</li>\n<li>Lateral grooves in pattern shoulder – Excellent performance and handling on wet surfaces.</li>\n<li>3 centre blocks – Excellent stability for directional & straight driving.</li>\n<li>Optimised shoulder block – Maximum grip during cornering.</li>\n<li>ULTRA HIGH PERFORMANCE</li>\n</ul>",,,taxable,,1,,,0,0,,,,,1,,,175.00,Tyres,2154018,,https://www.tiromobiletyres.com.au/wp-content/uploads/2026/01/NEXEN-NFERA-SU1-img.jpg,,,,,,,,,0,NEXEN,"Product IP",NEXMS255,1,1,"Tyre Type",UHP,1,1,Pattern,"N-FERA SU1",1,1,Size,"215/40R18 89Y",1,1,Width,215,1,1,Profile,40,1,1,Diameter,18,1,1,"Load Index",89,1,1,"Speed Rating",Y,1,1,,,,,,,,,,,,,"N-FERA SU1","215/40R18 89Y",,synced,1787541029,sync-and-show,approved,,,,,,,,,,,,,
646,simple,,,"FALKEN ZE310R - AU10351131",1,0,visible,,,,,taxable,,1,,,0,0,,,,,1,,,210.42,Tyres,2154018,,https://www.tiromobiletyres.com.au/wp-content/uploads/2026/01/FALKEN-ZE310R-img.jpg,,,,,,,,,0,FALKEN,"Product IP",AU10351131,1,1,Pattern,ZE310R,1,1,Size,"215/40R18 89W",1,1,Width,215,1,1,Profile,40,1,1,Diameter,18,1,1,"Load Index",89,1,1,"Speed Rating",W,1,1,,,,,,,,,,,,,,,,,ZE310R,"215/40R18 89W",,has-errors,1785374718,sync-and-show,approved,,,,,,,,,,,,,42ad14284e3a91b2ec9079dfa074f01e
651,simple,,,"FORCELAND VITALITY F22 - FC02718",1,0,visible,,,,,taxable,,1,,,0,0,,,,,1,,,119.00,Tyres,2154518,,https://www.tiromobiletyres.com.au/wp-content/uploads/2025/10/VITALITY-F22.jpg,,,,,,,,,0,Forceland,"Product IP",FC02718,1,1,Pattern,"Vitality F22",1,1,Size,"215/45ZR18 93W",1,1,Width,215,1,1,Profile,45,1,1,Diameter,18,1,1,"Load Index",93,1,1,"Speed Rating",W,1,1,,,,,,,,,,,,,,,,,"Vitality F22","215/45ZR18 93W",,has-errors,1785374718,sync-and-show,,,,,,,,,,,,,,4b65346efa986fcd7ad38646dbf6a8e4
652,simple,,,"NEXEN N-FERA SU1 - 14096NXK",1,0,visible,,"<strong>KEY FEATURES:</strong>\nExcellent dry and wet traction are supported by optimum split surface siping. By increasing shoulder block stiffness, pressure distributes evenly and ensures maximum cornering performance.\n\n<ul>\n<li>4 wide longitudinal grooves – Improved drainage performance.</li>\n<li>Lateral grooves in pattern shoulder – Excellent performance and handling on wet surfaces.</li>\n<li>3 centre blocks – Excellent stability for directional & straight driving.</li>\n<li>Optimised shoulder block – Maximum grip during cornering.</li>\n<li>ULTRA HIGH PERFORMANCE</li>\n</ul>",,,taxable,,1,,,0,0,,,,,1,,,155.61,Tyres,2154518,,https://www.tiromobiletyres.com.au/wp-content/uploads/2026/01/NEXEN-NFERA-SU1-img.jpg,,,,,,,,,0,NEXEN,"Product IP",14096NXK,1,1,"Tyre Type",UHP,1,1,Pattern,"N-FERA SU1",1,1,Size,"215/45R18 93W",1,1,Width,215,1,1,Profile,45,1,1,Diameter,18,1,1,"Load Index",93,1,1,"Speed Rating",W,1,1,,,,,,,,,,,,,"N-FERA SU1","215/45R18 93W",,synced,1787541029,sync-and-show,approved,,,,,,,,,,,,,
653,simple,,,"CONTINENTAL ULTRACONTACT UC7 - 0312043",1,0,visible,,,,,taxable,,1,,,0,0,,,,,1,,,202.66,Tyres,2154518,,https://www.tiromobiletyres.com.au/wp-content/uploads/2025/12/CONTINENTAL-ULTRACONTACT-UC7-img.jpg,,,,,,,,,0,CONTINENTAL,"Product IP",0312043,1,1,"Tyre Type",PASSENGER,1,1,Pattern,"ULTRACONTACT UC7",1,1,Size,"215/45R18 93W",1,1,Width,215,1,1,Profile,45,1,1,Diameter,18,1,1,"Load Index",93,1,1,"Speed Rating",W,1,1,,,,,,,,,,,,,"ULTRACONTACT UC7","215/45R18 93W",,has-errors,1785374718,sync-and-show,approved,,,,,,,,,,,,,8c7da3e33457a1974e43233142855aa3
654,simple,,,"FALKEN ZE310R - AU10352127",1,0,visible,,,,,taxable,,1,,,0,0,,,,,1,,,210.10,Tyres,2154518,,https://www.tiromobiletyres.com.au/wp-content/uploads/2026/01/FALKEN-ZE310R-img.jpg,,,,,,,,,0,FALKEN,"Product IP",AU10352127,1,1,Pattern,ZE310R,1,1,Size,"215/45R18 93W",1,1,Width,215,1,1,Profile,45,1,1,Diameter,18,1,1,"Load Index",93,1,1,"Speed Rating",W,1,1,,,,,,,,,,,,,,,,,ZE310R,"215/45R18 93W",,has-errors,1785374718,sync-and-show,approved,,,,,,,,,,,,,7830fe72e36eff720238074c73f20269
655,simple,,,"FORCELAND VITALITY F22 - FC02218",1,0,visible,,,,,taxable,,1,,,0,0,,,,,1,,,102.00,Tyres,2254018,,https://www.tiromobiletyres.com.au/wp-content/uploads/2025/10/VITALITY-F22.jpg,,,,,,,,,0,Forceland,"Product IP",FC02218,1,1,Pattern,"Vitality F22",1,1,Size,"225/40ZR18 92Y",1,1,Width,225,1,1,Profile,40,1,1,Diameter,18,1,1,"Load Index",92,1,1,"Speed Rating",Y,1,1,,,,,,,,,,,,,,,,,"Vitality F22","225/40ZR18 92Y",,has-errors,1785374718,sync-and-show,,,,,,,,,,,,,,4808878a73ee0a2df0841d662efacc87
656,simple,,,"ZETA ALVENTI - ZTAMS033",1,0,visible,,"New designed Asymmetric tread pattern , enhanced UHP tyre block stiffness for heavy loads, and ensure vehicle has been controlled perfect under any road conditions.\n\n<strong>KEY FEATURES:</strong>\n<ul>\n<li>Optimized pitch variance design & tread formula with high silica rubber reduces noise, innovative grip, improved mileage as well.</li>\n<li>4 straight grooves provide excellent smooth water dispersion and high levels of wet handling.</li>\n<li>Three solid longitudinal ribs improved braking and linear stability during high speed.</li>\n</ul>",,,taxable,,1,,,0,0,,,,,1,,,109.00,Tyres,2254018,,https://www.tiromobiletyres.com.au/wp-content/uploads/2025/10/Zeta-Alventi-img.jpg,,,,,,,,,0,ZETA,"Product IP",ZTAMS033,1,1,"Tyre Type",UHP,1,1,Pattern,ALVENTI,1,1,Size,"225/40R18 92Y",1,1,Width,225,1,1,Profile,40,1,1,Diameter,18,1,1,"Load Index",92,1,1,"Speed Rating",Y,1,1,,,,,,,,,,,90,1,ALVENTI,"225/40R18 92Y",,synced,1787541029,sync-and-show,approved,yes,yes,,,product,,,,,,,,
657,simple,,,"ZETA ANTARCTICA 5 - ZTAMS7503",1,0,visible,,,,,taxable,,1,,,0,0,,,,,1,,,119.00,Tyres,2254018,,https://www.tiromobiletyres.com.au/wp-content/uploads/2026/01/ZETA-ANTARCTICA-5-img.jpg,,,,,,,,,0,ZETA,"Product IP",ZTAMS7503,1,1,"Tyre Type",UHP,1,1,Pattern,ALVENTI,1,1,Size,"225/40R18 92Y",1,1,Width,225,1,1,Profile,40,1,1,Diameter,18,1,1,"Load Index",92,1,1,"Speed Rating",Y,1,1,,,,,,,,,,,,,ALVENTI,"225/40R18 92Y",,has-errors,1785374718,sync-and-show,,,,,,,,,,,,,,74382de7bd0c9fa454c45eb6408f7581
658,simple,,,"VIKING PROTECH PT6 - 15623550000",1,0,visible,,,,,taxable,,1,,,0,0,,,,,0,,,129.00,Tyres,2254018,,https://www.tiromobiletyres.com.au/wp-content/uploads/2025/12/VIKING-PROTECH-PT6-img.jpg,,,,,,,,,0,VIKING,"Product IP",15623550000,1,1,"Tyre Type",PASSENGER,1,1,Pattern,"PROTECH PT6",1,1,Size,"225/40R18 92W",1,1,Width,255,1,1,Profile,40,1,1,Diameter,18,1,1,"Load Index",92,1,1,"Speed Rating",W,1,1,,,,,,,,,,,,,"PROTECH PT6","225/40R18 92W",,has-errors,1785374718,sync-and-show,approved,,,,,,,,,,,,,433c21eeaa42908802a6011b1e207f40
659,simple,,,"VIKING PROTECH PT6 -  15625800000",1,0,visible,,,,,taxable,,1,,,0,0,,,,,0,,,139.00,Tyres,2254518,,https://www.tiromobiletyres.com.au/wp-content/uploads/2025/12/VIKING-PROTECH-PT6-img.jpg,,,,,,,,,0,VIKING,"Product IP",15625800000,1,1,"Tyre Type",PASSENGER,1,1,Pattern,"PROTECH PT6",1,1,Size,"225/45R18 95W",1,1,Width,225,1,1,Profile,45,1,1,Diameter,18,1,1,"Load Index",95,1,1,"Speed Rating",W,1,1,,,,,,,,,,,,,"PROTECH PT6","225/45R18 95W",,has-errors,1785374718,sync-and-show,approved,,,,,,,,,,,,,e04e34273af3475050a3decbe272692e
660,simple,,,"HANKOOK VENTUS PRIME3 K125 - 1029611",1,0,visible,,,,,taxable,,1,,,0,0,,,,,0,,,198.55,Tyres,2254518,,https://www.tiromobiletyres.com.au/wp-content/uploads/2025/12/HANKOOK-KINERGY-ECO2-K435-img.jpg,,,,,,,,,0,HANKOOK,"Product IP",1029611,1,1,"Tyre Type","PASS (UHP)",1,1,Pattern,"VENTUS PRIME3 K125",1,1,Size,"225/45R18 95W",1,1,Width,225,1,1,Profile,45,1,1,Diameter,18,1,1,"Load Index",95,1,1,"Speed Rating",W,1,1,,,,,,,,,,,,,"VENTUS PRIME3 K125","225/45R18 95W",,has-errors,1785374718,sync-and-show,approved,,,,,,,,,,,,,4c645ca6ea05f20058d8f1212e20bed7
661,simple,,,"CONTINENTAL ULTRACONTACT UC6 -  03151460008",1,0,visible,,"The Continental Ultra Contact UC6 uses cutting-edge design for an enhanced driving experience. This tyre promises the best performance on all levels for your choice car. The tread compound includes a special blend of polymers that enhances grip by transforming energy into heat for exceptional braking capacity and unparalleled control on wet and dry road surfaces. Its tread block pattern has been fine-tuned for shorter braking distances with adjustments to the pattern that allow for a more even distribution of braking force.\n\n<strong>Features:</strong>\n<ul>\n<li>Innovative combination of surface sipes and grooves</li>\n<li>Unique Diamond Edge block pattern for shorter, cleaner braking distances</li>\n<li>Noise Breakers embedded within the tread grooves diminishing sound for a quiet ride</li>\n<li>Low noise levels</li>\n<li>Smooth and comfortable ride</li>\n<li>Tight grip</li>\n</ul>",,,taxable,,1,,,0,0,,,,,0,,,215.05,Tyres,2254518,,https://www.tiromobiletyres.com.au/wp-content/uploads/2026/01/ULTRACONTACT-UC6-SUV-img.jpg,,,,,,,,,0,CONTINENTAL,"Product IP",03151460008,1,1,"Tyre Type",PASSENGER,1,1,Pattern,"ULTRACONTACT UC6",1,1,Size,"225/45R18 95V",1,1,Width,225,1,1,Profile,45,1,1,Diameter,18,1,1,"Load Index",95,1,1,"Speed Rating",V,1,1,,,,,,,,,,,,,"ULTRACONTACT UC6","225/45R18 95V",,synced,1787541029,sync-and-show,approved,,,,,,,,,,,,,
662,simple,,,"HANKOOK VENTUS S1 EVO3 SUV K127A - 1019630",1,0,visible,,,,,taxable,,1,,,0,0,,,,,0,,,237.53,Tyres,"2254518, Runflat",,https://www.tiromobiletyres.com.au/wp-content/uploads/2026/01/HANKOOK-VENTUS-S1-NOBLE2-H452-img.jpg,,,,,,,,,0,HANKOOK,"Product IP",1019630,1,1,"Tyre Type",UHP,1,1,Pattern,"VENTUS S1 EVO3 SUV K127A",1,1,Size,"225/45/R18 95Y",1,1,Width,225,1,1,Profile,45,1,1,Diameter,18,1,1,"Load Index",95,1,1,"Speed Rating",Y,1,1,,,,,,,,,,,,,"VENTUS S1 EVO3 SUV K127A","225/45/R18 95Y",,has-errors,1785374718,sync-and-show,,,,,,,,,,,,,,4cca36ddaa1f9a1cab278214afd950bc
663,simple,,,"FORCELAND VITALITY F22 - FC02318",1,0,visible,,,,,taxable,,1,,,0,0,,,,,1,,,108.35,Tyres,2354018,,https://www.tiromobiletyres.com.au/wp-content/uploads/2025/10/VITALITY-F22.jpg,,,,,,,,,0,Forceland,"Product IP",FC02318,1,1,Pattern,"Vitality F22",1,1,Size,"235/40ZR18 95W",1,1,Width,235,1,1,Profile,40,1,1,Diameter,18,1,1,"Load Index",95,1,1,"Speed Rating",W,1,1,,,,,,,,,,,,,,,,,"Vitality F22","235/40ZR18 95W",,has-errors,1785374718,sync-and-show,,,,,,,,,,,,,,d8f2e930fa8588e1c17a40e3d7e31660
664,simple,,,"ZETA ALVENTI - ZTAMS087",1,0,visible,,"New designed Asymmetric tread pattern , enhanced UHP tyre block stiffness for heavy loads, and ensure vehicle has been controlled perfect under any road conditions.\n\n<strong>KEY FEATURES:</strong>\n<ul>\n<li>Optimized pitch variance design & tread formula with high silica rubber reduces noise, innovative grip, improved mileage as well.</li>\n<li>4 straight grooves provide excellent smooth water dispersion and high levels of wet handling.</li>\n<li>Three solid longitudinal ribs improved braking and linear stability during high speed.</li>\n</ul>",,,taxable,,1,,,0,0,,,,,1,,,117.90,Tyres,2354018,,https://www.tiromobiletyres.com.au/wp-content/uploads/2025/10/Zeta-Alventi-img.jpg,,,,,,,,,0,ZETA,"Product IP",ZTAMS087,1,1,"Tyre Type",UHP,1,1,Pattern,ALVENTI,1,1,Size,"235/40R18 97Y",1,1,Width,235,1,1,Profile,40,1,1,Diameter,18,1,1,"Load Index",97,1,1,"Speed Rating",Y,1,1,,,,,,,,,,,,,ALVENTI,"235/40R18 97Y",,synced,1787541029,sync-and-show,approved,,,,,,,,,,,,,
665,simple,,,"CONTINENTAL PROCONTACT RX - 15499390007",1,0,visible,,,,,taxable,,1,,,0,0,,,,,0,,,175.00,Tyres,2354018,,https://www.tiromobiletyres.com.au/wp-content/uploads/2026/01/CONTINENTAL-PROCONTACT-TX-img.jpg,,,,,,,,,0,CONTINENTAL,"Product IP",15499390007,1,1,"Tyre Type",PASSENGER,1,1,Pattern,"PROCONTACT RX",1,1,Size,"235/40R18 91V",1,1,Width,235,1,1,Profile,40,1,1,Diameter,18,1,1,"Load Index",91,1,1,"Speed Rating",V,1,1,,,,,,,,,,,,,"PROCONTACT RX","235/40R18 91V",,has-errors,1785374718,sync-and-show,approved,,,,,,,,,,,,,795bff909c0ca81bb3779528eabf0450
666,simple,,,"CONTINENTAL CONTISPORTCONTACT 3 - 350603",1,0,visible,,"<strong>Superb Braking Performance for Real High Performance Cars</strong>\n\nOne of the most crucial requirements of tyres fitted on high performance, sports cars is agile steering precision. This ensures your vehicle maintains good adherence to the road in face of the considerable forces acting on the tyres when driving at high speeds, making abrupt manoeuvres or changes in road surfaces. The asymmetric tread ribs on the ContiSportContact 3 are designed to absorb these forces.\n\nOn dry roads, the new tread pattern ribs provide outstanding braking capability and steering precision, by absorbing the forces exerted on braking. This means a reduction in stopping distances. On wet surfaces, the unique grooves allow increased clearance of water for better resistance to aquaplaning.\n",,,taxable,,1,,,0,0,,,,,0,,,191.31,Tyres,2354018,,https://www.tiromobiletyres.com.au/wp-content/uploads/2026/01/continental-contisportcontact.jpg,,,,,,,,,0,CONTINENTAL,"Product IP",350603,1,1,"Tyre Type",UHP,1,1,Pattern,"CONTISPORTCONTACT 3",1,1,Size,"235/40R18 91Y",1,1,Width,235,1,1,Profile,40,1,1,Diameter,18,1,1,"Load Index",91,1,1,"Speed Rating",Y,1,1,,,,,,,,,,,,,"CONTISPORTCONTACT 3","235/40R18 91Y",,synced,1787541029,sync-and-show,approved,,,,,,,,,,,,,
667,simple,,,"ZETA ALVENTI - ZTAMS105",1,0,visible,,"New designed Asymmetric tread pattern , enhanced UHP tyre block stiffness for heavy loads, and ensure vehicle has been controlled perfect under any road conditions.\n\n<strong>KEY FEATURES:</strong>\n<ul>\n<li>Optimized pitch variance design & tread formula with high silica rubber reduces noise, innovative grip, improved mileage as well.</li>\n<li>4 straight grooves provide excellent smooth water dispersion and high levels of wet handling.</li>\n<li>Three solid longitudinal ribs improved braking and linear stability during high speed.</li>\n</ul>",,,taxable,,1,,,0,0,,,,,1,,,132.00,Tyres,2354518,,https://www.tiromobiletyres.com.au/wp-content/uploads/2025/10/Zeta-Alventi-img.jpg,,,,,,,,,0,ZETA,"Product IP",ZTAMS105,1,1,"Tyre Type",UHP,1,1,Pattern,ALVENTI,1,1,Size,"235/45R18 98Y",1,1,Width,235,1,1,Profile,45,1,1,Diameter,18,1,1,"Load Index",98,1,1,"Speed Rating",Y,1,1,,,,,,,,,,,,,ALVENTI,"235/45R18 98Y",,synced,1787541029,sync-and-show,approved,,,,,,,,,,,,,
668,simple,,,"GENERAL ALTIMAX GU5 - 1550143",1,0,visible,,,,,taxable,,1,,,0,0,,,,,1,,,155.01,Tyres,2354518,,https://www.tiromobiletyres.com.au/wp-content/uploads/2026/01/ALTIMAX-GU5-img.jpg,,,,,,,,,0,GENERAL,"Product IP",1550143,1,1,"Tyre Type",PCR,1,1,Pattern,"ALTIMAX GU5",1,1,Size,"235/45R18 94W",1,1,Width,235,1,1,Profile,45,1,1,Diameter,18,1,1,"Load Index",94,1,1,"Speed Rating",W,1,1,,,,,,,,,,,,,"ALTIMAX GU5","235/45R18 94W",,has-errors,1785374722,sync-and-show,,,,,,,,,,,,,,98b17513f4c3ae638d36231b69923152
669,simple,,,"ZETA ARTORIA EV - ZTAM03.079.02",1,0,visible,,,,,taxable,,1,,,0,0,,,,,1,,,159.00,Tyres,2354518,,https://www.tiromobiletyres.com.au/wp-content/uploads/2026/01/ZETA-ARTORIA-EV.jpg,,,,,,,,,0,ZETA,"Product IP",ZTAM03.079.02,1,1,"Tyre Type","EV TYRE",1,1,Pattern,"ARTORIA EV",1,1,Size,"235/45ZR18 98Y",1,1,Width,235,1,1,Profile,45,1,1,Diameter,18,1,1,"Load Index",98,1,1,"Speed Rating",Y,1,1,,,,,,,,,,,,,"ARTORIA EV","235/45ZR18 98Y",,has-errors,1785374722,sync-and-show,,,,,,,,,,,,,,d5e80735f1986ade74a3db35744e6b2f
670,simple,,,"HANKOOK VENTUS S1 NOBLE2 H452 - 1028968",1,0,visible,,"The ideal balance of ultra-high performance all-season: Ventus S1 noble2 is premium ultra-high performance all-season tyre developed for drivers of sports cars seeking a comfortable driving.\n\n<strong>Features:</strong>\n<ul>\n<li><strong>Positive aqua hydro block :</strong> An advanced aqua hydro block design was developed through 3D hydroplaning simulation to provide highly efficient wet braking.</li>\n<li><strong>Cornering & noise reduction rib :</strong> A straight rib block applied to the outside of the tyre helps to prevent road noise and increase cornering grip.</li>\n<li><strong>Application of 3D kerf :</strong> Handling performance is improved through the use of 3D kerf which maintain a stable shape during acceleration, braking and cornering.</li>\n<li><strong>Optimal pitch arrangement :</strong> It applies the optimal five rows of pitch variation for excellent noise performance.</li>\n<li><strong>Application of tie-bar technologies :</strong> Ensures optimal block stiffness.</li>\n</ul>\n\n<strong>Tyre Structure</strong>\n<ul>\n<li><strong>New compound :</strong> New silica tread compound for improved wet grip and lower rolling resistance.</li>\n<li><strong>Wide 2 steel belt :</strong> Ensures optimal tread stiffness for improved handling performance.</li>\n<li><strong>Equilibrium carcass line design :</strong> Minimises tyre deformation and allows greater sidewall stiffness.</li>\n<li><strong>Adoption of high-hardness bead filler :</strong> Improved handling and steering response.</li>\n<li><strong>Strong single strand bead wire :</strong> Improved bead uniformity and durability.</li>\n</ul>",,,taxable,,1,,,0,0,,,,,0,,,159.00,Tyres,2354518,,https://www.tiromobiletyres.com.au/wp-content/uploads/2026/01/HANKOOK-VENTUS-S1-NOBLE2-H452.jpg,,,,,,,,,0,HANKOOK,"Product IP",1028968,1,1,"Tyre Type","PASS (UHP)",1,1,Pattern,"VENTUS S1 NOBLE2 H452",1,1,Size,"235/45R18 94V",1,1,Width,235,1,1,Profile,45,1,1,Diameter,18,1,1,"Load Index",94,1,1,"Speed Rating",V,1,1,,,,,,,,,,,,,"VENTUS S1 NOBLE2 H452","235/45R18 94V",,synced,1787541029,sync-and-show,approved,,,,,,,,,,,,,
672,simple,,,"FORCELAND VITALITY F22 - FC02418",1,0,visible,,,,,taxable,,1,,,0,0,,,,,1,,,109.00,Tyres,2454018,,https://www.tiromobiletyres.com.au/wp-content/uploads/2025/10/VITALITY-F22.jpg,,,,,,,,,0,Forceland,"Product IP",FC02418,1,1,Pattern,"Vitality F22",1,1,Size,"245/40ZR18 97W",1,1,Width,245,1,1,Profile,40,1,1,Diameter,18,1,1,"Load Index",97,1,1,"Speed Rating",W,1,1,,,,,,,,,,,,,,,,,"Vitality F22","245/40ZR18 97W",,has-errors,1785374722,sync-and-show,,,,,,,,,,,,,,1342c0bf2006f8c686655fab2456f10d
673,simple,,,"ZETA ALVENTI -  ZETAMS03.053.03",1,0,visible,,"New designed Asymmetric tread pattern , enhanced UHP tyre block stiffness for heavy loads, and ensure vehicle has been controlled perfect under any road conditions.\n\n<strong>KEY FEATURES:</strong>\n<ul>\n<li>Optimized pitch variance design & tread formula with high silica rubber reduces noise, innovative grip, improved mileage as well.</li>\n<li>4 straight grooves provide excellent smooth water dispersion and high levels of wet handling.</li>\n<li>Three solid longitudinal ribs improved braking and linear stability during high speed.</li>\n</ul>",,,taxable,,1,,,0,0,,,,,1,,,124.90,Tyres,2454018,,https://www.tiromobiletyres.com.au/wp-content/uploads/2025/10/Zeta-Alventi-img.jpg,,,,,,,,,0,ZETA,"Product IP",ZETAMS03.053.03,1,1,"Tyre Type",UHP,1,1,Pattern,ALVENTI,1,1,Size,"245/40R18 97Y",1,1,Width,245,1,1,Profile,40,1,1,Diameter,18,1,1,"Load Index",97,1,1,"Speed Rating",Y,1,1,,,,,,,,,,,,,ALVENTI,"245/40R18 97Y",,synced,1787541029,sync-and-show,approved,,,,,,,,,,,,,
674,simple,,,"VIKING PROTECH PT6 - 15623630000",1,0,visible,,,,,taxable,,1,,,0,0,,,,,0,,,135.00,Tyres,2454018,,https://www.tiromobiletyres.com.au/wp-content/uploads/2025/12/VIKING-PROTECH-PT6-img.jpg,,,,,,,,,0,VIKING,"Product IP",15623630000,1,1,"Tyre Type",PASSENGER,1,1,Pattern,"PROTECH PT6",1,1,Size,"245/40R18 97Y",1,1,Profile,40,1,1,Diameter,18,1,1,"Speed Rating",Y,1,1,,,,,,,,,,,,,,,,,,,,,"PROTECH PT6","245/40R18 97Y",,has-errors,1785374722,sync-and-show,approved,,,,,,,,,,,,,8701e7eb8076462eb881450ffcdd16a1
675,simple,,,"NEXEN NFERA SU1 - 12312NXK",1,0,visible,,"<strong>KEY FEATURES:</strong>\nExcellent dry and wet traction are supported by optimum split surface siping. By increasing shoulder block stiffness, pressure distributes evenly and ensures maximum cornering performance.\n\n<ul>\n<li>4 wide longitudinal grooves – Improved drainage performance.</li>\n<li>Lateral grooves in pattern shoulder – Excellent performance and handling on wet surfaces.</li>\n<li>3 centre blocks – Excellent stability for directional & straight driving.</li>\n<li>Optimised shoulder block – Maximum grip during cornering.</li>\n<li>ULTRA HIGH PERFORMANCE</li>\n</ul>",,,taxable,,1,,,0,0,,,,,1,,,162.10,Tyres,2454018,,https://www.tiromobiletyres.com.au/wp-content/uploads/2026/01/NEXEN-NFERA-SU1-img.jpg,,,,,,,,,0,NEXEN,"Product IP",12312NXK,1,1,Pattern,"NFERA SU1",1,1,Size,"245/40R18 97Y",1,1,Width,245,1,1,Profile,40,1,1,Diameter,18,1,1,"Load Index",97,1,1,"Speed Rating",Y,1,1,,,,,,,,,,,,,,,,,"NFERA SU1","245/40R18 97Y",,synced,1787541029,sync-and-show,approved,,,,,,,,,,,,,
676,simple,,,"FORCELAND VITALITY F22 - FC03718",1,0,visible,,,,,taxable,,1,,,0,0,,,,,1,,,118.68,Tyres,2255518,,https://www.tiromobiletyres.com.au/wp-content/uploads/2025/10/VITALITY-F22.jpg,,,,,,,,,0,Forceland,"Product IP",FC03718,1,1,Pattern,"Vitality F22",1,1,Size,"225/55R18 98V",1,1,Width,225,1,1,Profile,55,1,1,Diameter,18,1,1,"Load Index",98,1,1,"Speed Rating",V,1,1,,,,,,,,,,,,,,,,,"Vitality F22","225/55R18 98V",,has-errors,1785374722,sync-and-show,approved,,,,,,,,,,,,,1f4cafeb6429c042444fb48c35eedc6a
677,simple,,,"ZETA ALVENTI - ZETAMS03.094.02",1,0,visible,,"New designed Asymmetric tread pattern , enhanced UHP tyre block stiffness for heavy loads, and ensure vehicle has been controlled perfect under any road conditions.\n\n<strong>KEY FEATURES:</strong>\n<ul>\n<li>Optimized pitch variance design & tread formula with high silica rubber reduces noise, innovative grip, improved mileage as well.</li>\n<li>4 straight grooves provide excellent smooth water dispersion and high levels of wet handling.</li>\n<li>Three solid longitudinal ribs improved braking and linear stability during high speed.</li>\n</ul>",,,taxable,,1,,,0,0,,,,,1,,,129.00,Tyres,2255518,,https://www.tiromobiletyres.com.au/wp-content/uploads/2025/10/Zeta-Alventi-img.jpg,,,,,,,,,0,ZETA,"Product IP",ZETAMS03.094.02,1,1,"Tyre Type",UHP,1,1,Pattern,ALVENTI,1,1,Size,"225/55R18 102W",1,1,Width,225,1,1,Profile,55,1,1,Diameter,18,1,1,"Load Index",102,1,1,"Speed Rating",W,1,1,,,,,,,,,,,,,ALVENTI,"225/55R18 102W",,synced,1787541036,sync-and-show,approved,,,,,,,,,,,,,
678,simple,,,"VIKING TERATECH HT -  15644560000",1,0,visible,,,,,taxable,,1,,,0,0,,,,,0,,,139.00,"Highway Terrain, Tyres","2255518, H/T",,https://www.tiromobiletyres.com.au/wp-content/uploads/2025/12/VIKING-TERATECH-HT-img.jpg,,,,,,,,,0,VIKING,"Product IP",15644560000,1,1,"Tyre Type",PASSENGER,1,1,Pattern,"TERATECH HT",1,1,Size,"225/55R18 98H",1,1,Width,225,1,1,Profile,55,1,1,Diameter,18,1,1,"Load Index",98,1,1,"Speed Rating",H,1,1,,,,,,,,,,,,,"TERATECH HT","225/55R18 98H",,has-errors,1785374722,sync-and-show,approved,,,,,,,,,,,,,6c7f76bba901e464678b835a05895f4b
679,simple,,,"NEXEN ROADIAN GTX - 14120NXK",1,0,visible,,,,,taxable,,1,,,0,0,,,,,1,,,153.81,Tyres,2255518,,https://www.tiromobiletyres.com.au/wp-content/uploads/2026/01/NEXEN-RODIAN-GTX-img.jpg,,,,,,,,,0,NEXEN,"Product IP",14120NXK,1,1,"Tyre Type",SUV,1,1,Pattern,"RODIAN GTX",1,1,Size,"225/55/18 98V",1,1,Width,225,1,1,Profile,55,1,1,Diameter,18,1,1,"Speed Rating",V,1,1,"Load Index",98,1,1,,,,,,,,,,,,,"RODIAN GTX","225/55/18 98V",,has-errors,1785374722,sync-and-show,approved,,,,,,,,,,,,,ee4c2882e21572ffe9633dd012ea2a0c
682,simple,,,"FORCELAND VITALITY H/T - FC04118",1,0,visible,,,,,taxable,,1,,,0,0,,,,,1,,,123.66,"Highway Terrain, Tyres","2256018, H/T",,https://www.tiromobiletyres.com.au/wp-content/uploads/2026/01/FORCELAND-VITALITY-HT-img.jpg,,,,,,,,,0,Forceland,"Product IP",FC04118,1,1,Pattern,"VITALITY H/T",1,1,Size,"225/60R18 104V",1,1,Width,225,1,1,Profile,60,1,1,Diameter,18,1,1,"Load Index",104,1,1,"Speed Rating",V,1,1,,,,,,,,,,,,,,,,,"VITALITY H/T","225/60R18 104V",,has-errors,1785374722,sync-and-show,approved,,,,,,,,,,,,,91ae6582b18dbd71e73bd0786408b76e
683,simple,,,"ZETA IMPERO - ZETAMS03.092.02",1,0,visible,,"<strong>Features:</strong>\n<ul>\n<li>The right tire for large size Sport Utility Vehicles and large diameter wheel applications.</li>\n<li>4 wide longitudinal grooves improve drainage and wet weather performance.</li>\n<li>Anti-Hydroplaning lateral grooves offer excellent wet performance.</li>\n<li>3 center block provide straight driving stability.</li>\n<li>Optimized shoulder blocks maximize grip during cornering, and provide a smooth quiet ride.</li>\n</ul>",,,taxable,,1,,,0,0,,,,,0,,,138.00,Tyres,2256018,,https://www.tiromobiletyres.com.au/wp-content/uploads/2026/01/ZETA-IMPERO-img.jpg,,,,,,,,,0,ZETA,"Product IP",ZETAMS03.092.02,1,1,"Tyre Type",SUV,1,1,Pattern,IMPERO,1,1,Size,"225/60R18 104V",1,1,Width,225,1,1,Profile,60,1,1,Diameter,18,1,1,"Load Index",104,1,1,"Speed Rating",V,1,1,,,,,,,,,,,,,IMPERO,"225/60R18 104V",,synced,1787541036,sync-and-show,approved,,,,,,,,,,,,,
684,simple,,,"NEXEN RODIAN GTX - 17052NXK",1,0,visible,,,,,taxable,,1,,,0,0,,,,,0,,,170.76,Tyres,2256018,,https://www.tiromobiletyres.com.au/wp-content/uploads/2026/01/NEXEN-RODIAN-GTX-img.jpg,,,,,,,,,0,NEXEN,"Product IP",17052NXK,1,1,Pattern,"RODIAN GTX",1,1,Size,"225/60R18 104H",1,1,Width,225,1,1,Profile,60,1,1,Diameter,18,1,1,"Load Index",104,1,1,"Speed Rating",H,1,1,,,,,,,,,,,,,,,,,"RODIAN GTX","225/60R18 104H",,has-errors,1785374722,sync-and-show,approved,,,,,,,,,,,,,ea05cfd250811865aaf990b9d7b08473
694,simple,,,"KUMHO CRUGEN PREMIUM SUV KL33 - 2172513",1,0,visible,,"CRUGEN is the all-new premium SUV offering high quality comfort and optimum steering stability in on-road conditions High class premium all season touring tyre for luxury SUV’s\n\n<strong>Features:</strong>\nHigh class premium all season touring tyre for luxury SUV’s\nLower noise & outstanding ride comfort\nWell balanced dry & wet traction\nOE for Hyundai Santa Fe, KIA Sorento etc.\n\n<strong>Improved traction performance</strong>\n- Semi-knurling (inner Block) and 3D block results in dry & wet traction improvement\n\n<strong>Low noise and premium comfort performance</strong>\n- Optimum tread pitch design will reduce road harmonics and provide better comfort performance\n\n<strong>Wet performance</strong>\n- 4 channel main groove applied, to improve hydroplaning performance",,,taxable,,1,,,0,0,,,,,0,,,185.00,Tyres,2256018,,https://www.tiromobiletyres.com.au/wp-content/uploads/2026/02/KUMHO-CRUGEN-PREMIUM-img.jpg,,,,,,,,,0,KUMHO,"Product IP",2172513,1,1,"Tyre Type",UHP,1,1,Pattern,"CRUGEN PREMIUM SUV KL33",1,1,Size,"225/60R18 100H",1,1,Width,225,1,1,Profile,60,1,1,Diameter,18,1,1,"Load Index",100,1,1,"Speed Rating",H,1,1,,,,,,,,,,,,,"CRUGEN PREMIUM SUV KL33","225/60R18 100H",,synced,1787541036,sync-and-show,approved,,,,,,,,,,,,,
696,simple,,,"WINRUN R330 - W22218",1,0,visible,,"An Ultra High Performance tyre designed for use on passenger cars\n\n<strong>Features:</strong>\nAsymmetric UHP pattern\nAdvanced silica compound\nAnti-hydroplaning design for main grooves\nImproved braking distance and reduced driving noise\nExcellent performance in wet & dry handling",,,taxable,,1,,,0,0,,,,,0,,,125.00,Tyres,2355018,,https://www.tiromobiletyres.com.au/wp-content/uploads/2026/02/WINRUN-R330-img.jpg,,,,,,,,,0,WINRUN,"Product IP",W22218,1,1,"Tyre Type",PCR,1,1,Pattern,R330,1,1,Size,"235/50R18 101W",1,1,Width,235,1,1,Profile,50,1,1,Diameter,18,1,1,"Load Index",101,1,1,"Speed Rating",W,1,1,,,,,,,,,,,,,R330,"235/50R18 101W",,synced,1787541036,sync-and-show,approved,,,,,,,,,,,,,
698,simple,,,"ZETA IMPERO - ZTAMST03.097.02",1,0,visible,,"<strong>Features:</strong>\nThe right tire for large size Sport Utility Vehicles and large diameter wheel applications.\n4 wide longitudinal grooves improve drainage and wet weather performance.\nAnti-Hydroplaning lateral grooves offer excellent wet performance.\n3 center block provide straight driving stability.\nOptimized shoulder blocks maximize grip during cornering, and provide a smooth quiet ride.",,,taxable,,1,,,0,0,,,,,0,,,129.77,Tyres,2355018,,https://www.tiromobiletyres.com.au/wp-content/uploads/2026/01/ZETA-IMPERO-img.jpg,,,,,,,,,0,ZETA,"Product IP",ZTAMST03.097.02,1,1,"Tyre Type",UHP,1,1,Pattern,IMPERO,1,1,Size,"235/50R18 101V",1,1,Width,235,1,1,Profile,50,1,1,Diameter,18,1,1,"Load Index",101,1,1,"Speed Rating",V,1,1,,,,,,,,,,,,,IMPERO,"235/50R18 101V",,synced,1787541036,sync-and-show,approved,,,,,,,,,,,,,
699,simple,,,"ZETA IMPERO - ZETAMS03.097.03",1,0,visible,,"<strong>Features:</strong>\nThe right tire for large size Sport Utility Vehicles and large diameter wheel applications.\n4 wide longitudinal grooves improve drainage and wet weather performance.\nAnti-Hydroplaning lateral grooves offer excellent wet performance.\n3 center block provide straight driving stability.\nOptimized shoulder blocks maximize grip during cornering, and provide a smooth quiet ride.",,,taxable,,1,,,0,0,,,,,0,,,195.00,Tyres,"2355018, Runflat",,https://www.tiromobiletyres.com.au/wp-content/uploads/2026/01/ZETA-IMPERO-img.jpg,,,,,,,,,0,ZETA,"Product IP",ZETAMS03.097.03,1,1,"Tyre Type",UHP,1,1,Pattern,IMPERO,1,1,Size,"235/50R18 101W",1,1,Width,235,1,1,Profile,50,1,1,Diameter,18,1,1,"Load Index",101,1,1,"Speed Rating",W,1,1,,,,,,,,,,,,,IMPERO,"235/50R18 101W",,synced,1787541036,sync-and-show,approved,,,,,,,,,,,,,
700,simple,,,"CONTINENTAL ULTRACONTACT UC6 - 03122810008",1,0,visible,,"The Continental Ultra Contact UC6 uses cutting-edge design for an enhanced driving experience. This tyre promises the best performance on all levels for your choice car. The tread compound includes a special blend of polymers that enhances grip by transforming energy into heat for exceptional braking capacity and unparalleled control on wet and dry road surfaces. Its tread block pattern has been fine-tuned for shorter braking distances with adjustments to the pattern that allow for a more even distribution of braking force.\n\n<strong>Features:</strong>\nInnovative combination of surface sipes and grooves\nUnique Diamond Edge block pattern for shorter, cleaner braking distances\nNoise Breakers embedded within the tread grooves diminishing sound for a quiet ride\nLow noise levels\nSmooth and comfortable ride\nTight grip",,,taxable,,1,,,0,0,,,,,0,,,205.00,Tyres,2355018,,https://www.tiromobiletyres.com.au/wp-content/uploads/2026/01/ULTRACONTACT-UC6-SUV-img.jpg,,,,,,,,,0,CONTINENTAL,"Product IP",03122810008,1,1,"Tyre Type",SUV,1,1,Pattern,"ULTRACONTACT UC6",1,1,Size,"XL 235/50R18 101W",1,1,Width,235,1,1,Profile,50,1,1,Diameter,18,1,1,"Load Index",101,1,1,"Speed Rating",W,1,1,,,,,,,,,,,,,"ULTRACONTACT UC6","XL 235/50R18 101W",,synced,1787541036,sync-and-show,approved,,,,,,,,,,,,,
701,simple,,,"ZETA IMPERO - ZTAMST03.061.02",1,0,visible,,"<strong>Features:</strong>\n<ul>\n<li>The right tire for large size Sport Utility Vehicles and large diameter wheel applications.</li>\n<li>4 wide longitudinal grooves improve drainage and wet weather performance.</li>\n<li>Anti-Hydroplaning lateral grooves offer excellent wet performance.</li>\n<li>3 center block provide straight driving stability.</li>\n<li>Optimized shoulder blocks maximize grip during cornering, and provide a smooth quiet ride.</li>\n</ul>",,,taxable,,1,,,0,0,,,,,0,,,145.00,Tyres,2355518,,https://www.tiromobiletyres.com.au/wp-content/uploads/2026/01/ZETA-IMPERO-img.jpg,,,,,,,,,0,ZETA,"Product IP",ZTAMST03.061.02,1,1,"Tyre Type",UHP,1,1,Pattern,IMPERO,1,1,Size,"235/55R18 100V",1,1,Width,235,1,1,Profile,55,1,1,Diameter,18,1,1,"Load Index",100,1,1,"Speed Rating",V,1,1,,,,,,,,,,,,,IMPERO,"235/55R18 100V",,synced,1787541036,sync-and-show,approved,,,,,,,,,,,,,
702,simple,,,"VIKING PROTECH PT6 - 15625830000",1,0,visible,,,,,taxable,,1,,,0,0,,,,,0,,,159.00,Tyres,2355518,,https://www.tiromobiletyres.com.au/wp-content/uploads/2025/12/VIKING-PROTECH-PT6-img.jpg,,,,,,,,,0,VIKING,"Product IP",15625830000,1,1,"Tyre Type",PASSENGER,1,1,Pattern,"PROTECH PT6",1,1,Size,"235/55R18 104V",1,1,Width,235,1,1,Profile,55,1,1,Diameter,18,1,1,"Load Index",104,1,1,"Speed Rating",V,1,1,,,,,,,,,,,,,"PROTECH PT6","235/55R18 104V",,has-errors,1785374722,sync-and-show,approved,,,,,,,,,,,,,2986cd782bab012be99f7c3c76038867
703,simple,,,"NEXEN N-FERA SU1 - 12721NXK",1,0,visible,,"Silent | High Performace	\n\n<strong>KEY FEATURES:</strong>\nExcellent dry and wet traction are supported by optimum split surface siping. By increasing shoulder block stiffness, pressure distributes evenly and ensures maximum cornering performance.\n\n<ul>\n<li>4 wide longitudinal grooves – Improved drainage performance.</li>\n<li>Lateral grooves in pattern shoulder – Excellent performance and handling on wet surfaces.</li>\n<li>3 centre blocks – Excellent stability for directional & straight driving.</li>\n<li>Optimised shoulder block – Maximum grip during cornering.</li>\n<li>ULTRA HIGH PERFORMANCE</li>\n</ul>",,,taxable,,1,,,0,0,,,,,0,,,169.51,Tyres,2355518,,https://www.tiromobiletyres.com.au/wp-content/uploads/2026/01/NEXEN-NFERA-SU1-img.jpg,,,,,,,,,0,NEXEN,"Product IP",12721NXK,1,1,"Tyre Type",UHP,1,1,Pattern,"NFERA SU1",1,1,Size,"235/55R18 104W",1,1,Width,235,1,1,Profile,55,1,1,Diameter,18,1,1,"Load Index",104,1,1,"Speed Rating",W,1,1,,,,,,,,,,,,,"NFERA SU1","235/55R18 104W",,synced,1787541036,sync-and-show,approved,,,,,,,,,,,,,
704,simple,,,"CONTINENTAL ECOCONTACT 6 - 03584340007",1,0,visible,,"The next standard enhanced by German technology.\n  \nWe bring high-tech to your car.\n\n<ul>\n<li>Maximum fuel efficiency thanks to improved component geometry and efficient silica distribution</li>\n<li>Enhanced mileage due to new Green Chili™ 2.0 compound</li>\n<li>Optimised grip and handling experience</li>\n</ul>",,,taxable,,1,,,0,0,,,,,0,,,175.00,Tyres,2355518,,https://www.tiromobiletyres.com.au/wp-content/uploads/2026/01/ECOCONTACT-6-img.jpg,,,,,,,,,0,CONTINENTAL,"Product IP",03584340007,1,1,"Tyre Type",SUV,1,1,Pattern,"ECOCONTACT 6",1,1,Size,"235/55R18 104V",1,1,Width,235,1,1,Profile,55,1,1,Diameter,18,1,1,"Load Index",104,1,1,"Speed Rating",V,1,1,,,,,,,,,,,,,"ECOCONTACT 6","235/55R18 104V",,synced,1787541036,sync-and-show,approved,,,,,,,,,,,,,
705,simple,,,"ZETA IMPERO - ZTAMST03.060.02",1,0,visible,,"<strong>Features:</strong>\n<ul>\n<li>The right tire for large size Sport Utility Vehicles and large diameter wheel applications.</li>\n<li>4 wide longitudinal grooves improve drainage and wet weather performance.</li>\n<li>Anti-Hydroplaning lateral grooves offer excellent wet performance.</li>\n<li>3 center block provide straight driving stability.</li>\n<li>Optimized shoulder blocks maximize grip during cornering, and provide a smooth quiet ride.</li>\n</ul>",,,taxable,,1,,,0,0,,,,,0,,,140.47,Tyres,2356018,,https://www.tiromobiletyres.com.au/wp-content/uploads/2026/01/ZETA-IMPERO-img.jpg,,,,,,,,,0,ZETA,"Product IP",ZTAMST03.060.02,1,1,"Tyre Type",UHP,1,1,Pattern,IMPERO,1,1,Size,"235/60R18 107V",1,1,Width,235,1,1,Profile,60,1,1,Diameter,18,1,1,"Load Index",107,1,1,"Speed Rating",V,1,1,,,,,,,,,,,,,IMPERO,"235/60R18 107V",,synced,1787541036,sync-and-show,approved,,,,,,,,,,,,,
706,simple,,,"VIKING PROTECH PT6 - 15625840000",1,0,visible,,,,,taxable,,1,,,0,0,,,,,0,,,159.00,Tyres,2356018,,https://www.tiromobiletyres.com.au/wp-content/uploads/2025/12/VIKING-PROTECH-PT6-img.jpg,,,,,,,,,0,VIKING,"Product IP",15625840000,1,1,"Tyre Type",PASSENGER,1,1,Pattern,"PROTECH PT6",1,1,Size,"235/60R18 107V",1,1,Width,235,1,1,Profile,60,1,1,Diameter,18,1,1,"Load Index",107,1,1,"Speed Rating",V,1,1,,,,,,,,,,,,,"PROTECH PT6","235/60R18 107V",,has-errors,1785374722,sync-and-show,approved,,,,,,,,,,,,,9c0b4e87da8339fe5f9da39f43086a5e
707,simple,,,"VIKING TERATECH HT - 15617500000",1,0,visible,,,,,taxable,,1,,,0,0,,,,,0,,,159.00,"Highway Terrain, Tyres","2356018, H/T",,https://www.tiromobiletyres.com.au/wp-content/uploads/2025/12/VIKING-TERATECH-HT-img.jpg,,,,,,,,,0,VIKING,"Product IP",15617500000,1,1,"Tyre Type",PASSENGER,1,1,Pattern,"TERATECH HT",1,1,Size,"235/60R18 103V",1,1,Width,235,1,1,Profile,60,1,1,Diameter,18,1,1,"Load Index",103,1,1,"Speed Rating",V,1,1,,,,,,,,,,,,,"TERATECH HT","235/60R18 103V",,has-errors,1785374722,sync-and-show,approved,,,,,,,,,,,,,5f99cb7c3fe6c3e9993904f8446e61b8
710,simple,,,"ZETA IMPERO -  ZTAM03.217.01",1,0,visible,,"<strong>Features:</strong>\n<ul>\n<li>The right tire for large size Sport Utility Vehicles and large diameter wheel applications.</li>\n<li>4 wide longitudinal grooves improve drainage and wet weather performance.</li>\n<li>Anti-Hydroplaning lateral grooves offer excellent wet performance.</li>\n<li>3 center block provide straight driving stability.</li>\n<li>Optimized shoulder blocks maximize grip during cornering, and provide a smooth quiet ride.</li>\n</ul>",,,taxable,,1,,,0,0,,,,,0,,,165.00,Tyres,2456018,,https://www.tiromobiletyres.com.au/wp-content/uploads/2026/01/ZETA-IMPERO-img.jpg,,,,,,,,,0,ZETA,"Product IP",ZTAM03.217.01,1,1,"Tyre Type",SUV,1,1,Pattern,IMPERO,1,1,Size,"245/60R18 105V",1,1,Width,245,1,1,Profile,60,1,1,Diameter,18,1,1,"Load Index",105,1,1,"Speed Rating",V,1,1,,,,,,,,,,,,,IMPERO,"245/60R18 105V",,synced,1787541036,sync-and-show,approved,,,,,,,,,,,,,
711,simple,,,"CONTINENTAL TERRAINCONTACT A/T - 15578260007",1,0,visible,,,,,taxable,,1,,,0,0,,,,,0,,,199.01,"All Terrian, Tyres","2456018, A/T",,https://www.tiromobiletyres.com.au/wp-content/uploads/2026/02/Continental_TerrainContact_AT_30Gradansicht_5k_V01.jpg,,,,,,,,,0,CONTINENTAL,"Product IP",15578260007,1,1,"Tyre Type",SUV,1,1,Pattern,"TERRAINCONTACT A/T",1,1,Size,"245/60R18 105H",1,1,Width,245,1,1,Profile,60,1,1,Diameter,18,1,1,"Load Index",105,1,1,"Speed Rating",H,1,1,,,,,,,,,,,,,"TERRAINCONTACT A/T","245/60R18 105H",,has-errors,1785374722,sync-and-show,approved,,,,,,,,,,,,,4297b53b4e28a448ce8540bee3d0c077
714,simple,,,"KUMHO CRUGEN HP71 - 2365703",1,0,visible,,,,,taxable,,1,,,0,0,,,,,0,,,231.81,Tyres,2456018,,https://www.tiromobiletyres.com.au/wp-content/uploads/2026/02/CrugenHP71-img1.jpg,,,,,,,,,0,KUMHO,"Product IP",2365703,1,1,"Tyre Type",RV,1,1,Pattern,"CRUGEN HP71",1,1,Size,"PHASE OUT245/60R18 105V",1,1,Width,245,1,1,Profile,60,1,1,Diameter,18,1,1,"Load Index",105,1,1,"Speed Rating",V,1,1,,,,,,,,,,,,,"CRUGEN HP71","PHASE OUT245/60R18 105V",,has-errors,1785374722,sync-and-show,approved,,,,,,,,,,,,,a9d56a9328a386294a91f281128d2165
716,simple,,,"ZETA IMPERO - ZETAMS03.062.02",1,0,visible,,"<ul>\n<li>The right tire for large size Sport Utility Vehicles and large diameter wheel applications.</li>\n<li>4 wide longitudinal grooves improve drainage and wet weather performance.</li>\n<li>Anti-Hydroplaning lateral grooves offer excellent wet performance.</li>\n<li>3 center block provide straight driving stability.</li>\n<li>Optimized shoulder blocks maximize grip during cornering, and provide a smooth quiet ride.</li>\n</ul>",,,taxable,,1,,,0,0,,,,,0,,,159.00,Tyres,2555518,,https://www.tiromobiletyres.com.au/wp-content/uploads/2026/01/ZETA-IMPERO-img.jpg,,,,,,,,,0,ZETA,"Product IP",ZETAMS03.062.02,1,1,"Tyre Type",UHP,1,1,Pattern,IMPERO,1,1,Size,"255/55R18 109W",1,1,Width,255,1,1,Profile,55,1,1,Diameter,18,1,1,"Load Index",109,1,1,"Speed Rating",W,1,1,,,,,,,,,,,,,IMPERO,"255/55R18 109W",,synced,1787541036,sync-and-show,approved,,,,,,,,,,,,,
717,simple,,,"ZETA IMPERO - ZETAMS03.062.03",1,0,visible,,"<strong>Features:</strong>\n<ul>\n<li>The right tire for large size Sport Utility Vehicles and large diameter wheel applications.</li>\n<li>4 wide longitudinal grooves improve drainage and wet weather performance.</li>\n<li>Anti-Hydroplaning lateral grooves offer excellent wet performance.</li>\n<li>3 center block provide straight driving stability.</li>\n<li>Optimized shoulder blocks maximize grip during cornering, and provide a smooth quiet ride.</li>\n</ul>",,,taxable,,1,,,0,0,,,,,0,,,194.10,Tyres,2555518,,https://www.tiromobiletyres.com.au/wp-content/uploads/2026/01/ZETA-IMPERO-img.jpg,,,,,,,,,0,ZETA,"Product IP",ZETAMS03.062.03,1,1,"Tyre Type",UHP,1,1,Pattern,IMPERO,1,1,Size,"255/55R18 109V",1,1,Width,255,1,1,Profile,55,1,1,Diameter,18,1,1,"Load Index",109,1,1,"Speed Rating",V,1,1,,,,,,,,,,,,,IMPERO,"255/55R18 109V",,synced,1787541036,sync-and-show,approved,,,,,,,,,,,,,
718,simple,,,"CONTINENTAL CROSSCONTACT AX6 - 471138",1,0,visible,,,,,taxable,,1,,,0,0,,,,,0,,,215.00,Tyres,2555518,,https://www.tiromobiletyres.com.au/wp-content/uploads/2026/02/Continental_TerrainContact_AT_30Gradansicht_5k_V01.jpg,,,,,,,,,0,CONTINENTAL,"Product IP",471138,1,1,"Tyre Type",SUV,1,1,Pattern,"CROSSCONTACT AX6",1,1,Size,"255/55R18 109H",1,1,Width,255,1,1,Profile,55,1,1,Diameter,18,1,1,"Load Index",109,1,1,"Speed Rating",H,1,1,,,,,,,,,,,,,"CROSSCONTACT AX6","255/55R18 109H",,has-errors,1785374722,sync-and-show,approved,,,,,,,,,,,,,fc8cef235bf1db7016a61317e146bda8
719,simple,,,"CONTINENTAL CONTISPORTCONTACT 3 - 3590180",1,0,visible,,"<strong>Superb Braking Performance for Real High Performance Cars</strong>\nOne of the most crucial requirements of tyres fitted on high performance, sports cars is agile steering precision. This ensures your vehicle maintains good adherence to the road in face of the considerable forces acting on the tyres when driving at high speeds, making abrupt manoeuvres or changes in road surfaces. The asymmetric tread ribs on the ContiSportContact 3 are designed to absorb these forces.\n\nOn dry roads, the new tread pattern ribs provide outstanding braking capability and steering precision, by absorbing the forces exerted on braking. This means a reduction in stopping distances. On wet surfaces, the unique grooves allow increased clearance of water for better resistance to aquaplaning.",,,taxable,,1,,,0,0,,,,,1,,,215.00,Tyres,2555518,,https://www.tiromobiletyres.com.au/wp-content/uploads/2026/02/CONTINENTAL-CONTISPORTCONTACT-3-img1.jpg,,,,,,,,,0,CONTINENTAL,"Product IP",3590180,1,1,"Tyre Type",PCR,1,1,Pattern,"CONTISPORTCONTACT 3",1,1,Size,"255/55R18 109Y",1,1,Width,255,1,1,Diameter,18,1,1,"Load Index",109,1,1,"Speed Rating",Y,1,1,,,,,,,,,,,,,,,,,"CONTISPORTCONTACT 3","255/55R18 109Y",,synced,1787541036,sync-and-show,approved,,,,,,,,,,,,,
721,simple,,,"ZETA IMPERO - ZETAMS03.093.03",1,0,visible,,"<strong>Features:</strong>\n<ul>\n<li>The right tire for large size Sport Utility Vehicles and large diameter wheel applications.</li>\n<li>4 wide longitudinal grooves improve drainage and wet weather performance.</li>\n<li>Anti-Hydroplaning lateral grooves offer excellent wet performance.</li>\n<li>3 center block provide straight driving stability.</li>\n<li>Optimized shoulder blocks maximize grip during cornering, and provide a smooth quiet ride.</li>\n</ul>",,,taxable,,1,,,0,0,,,,,0,,,162.00,Tyres,2656018,,https://www.tiromobiletyres.com.au/wp-content/uploads/2026/01/ZETA-IMPERO-img.jpg,,,,,,,,,0,ZETA,"Product IP",ZETAMS03.093.03,1,1,"Tyre Type",SUV,1,1,Pattern,IMPERO,1,1,Size,"265/60R18 110V",1,1,Width,265,1,1,Profile,60,1,1,Diameter,18,1,1,"Load Index",110,1,1,"Speed Rating",V,1,1,,,,,,,,,,,,,IMPERO,"265/60R18 110V",,synced,1787541036,sync-and-show,approved,,,,,,,,,,,,,
722,simple,,,"SUMAXX ALL TERRAIN - SNMAXX-005",1,0,visible,,,,,taxable,,1,,,0,0,,,,,0,,,175.00,"All Terrian, Tyres",2656018,,https://www.tiromobiletyres.com.au/wp-content/uploads/2026/01/SUMAXX-ALL-TERRAIN-img.jpg,,,,,,,,,0,SUMAXX,"Product IP",SNMAXX-005,1,1,"Tyre Type",4X4,1,1,Pattern,"ALL TERRAIN",1,1,Size,"265/60R18 110T",1,1,Width,265,1,1,Profile,60,1,1,Diameter,18,1,1,"Load Index",110,1,1,"Speed Rating",T,1,1,,,,,,,,,,,,,"ALL TERRAIN","265/60R18 110T",,has-errors,1785374722,sync-and-show,approved,,,,,,,,,,,,,9ebe1ac3840ae2609f2659e1873def09
723,simple,,,"ZETA ZIVARO A/T - ZETAMS03.093.02",1,0,visible,,"The Zeta ZIVARO is high-performance tyre designed for the most demanding applications. The tread pattern is designed for fast and safe operation in the A/T segment.",,,taxable,,1,,,0,0,,,,,0,,,182.60,"All Terrian, Tyres","2656018, A/T",,https://www.tiromobiletyres.com.au/wp-content/uploads/2025/12/ZETA-ZIVARO-AT-img-1.jpg,,,,,,,,,0,ZETA,"Product IP",ZETAMS03.093.02,1,1,"Tyre Type",4X4,1,1,Pattern,"ZIVARO A/T",1,1,Size,"265/60R18 114T",1,1,Width,265,1,1,Profile,60,1,1,Diameter,18,1,1,"Load Index",114,1,1,"Speed Rating",T,1,1,,,,,,,,,,,,,"ZIVARO A/T","265/60R18 114T",,synced,1787541036,sync-and-show,approved,,,,,,,,,,,,,
724,simple,,,"TOLEDO RAGNAR R9 - 117.007.06",1,0,visible,,,,,taxable,,1,,,0,0,,,,,0,,,185.00,Tyres,2656018,,https://www.tiromobiletyres.com.au/wp-content/uploads/2026/01/TOLEDO-RAGNAR-R9-img.jpg,,,,,,,,,0,TOLEDO,"Product IP",117.007.06,1,1,"Tyre Type",R/T,1,1,Pattern,"RAGNAR R9",1,1,Size,"265/60R18 114Q",1,1,Width,265,1,1,Profile,60,1,1,Diameter,18,1,1,"Load Index",114,1,1,"Speed Rating",Q,1,1,,,,,,,,,,,,,"RAGNAR R9","265/60R18 114Q",,has-errors,1785374722,sync-and-show,approved,,,,,,,,,,,,,bcefe5a3c9b518736b518ddfadc0ed4a
725,simple,,,"BRIDGESTONE DUELER H/T D685 - 11005457",1,0,visible,,,,,taxable,,1,,,0,0,,,,,0,,,376.46,"Highway Terrain, Tyres",2557018,,https://www.tiromobiletyres.com.au/wp-content/uploads/2026/01/BRIDGESTONE-DUELER-HT-img.jpg,,,,,,,,,0,BRIDGESTONE,"Product IP",11005457,1,1,"Tyre Type",4X4,1,1,Pattern,"DUELER H/T D685",1,1,Size,"255/70R18 113T",1,1,Width,255,1,1,Profile,70,1,1,Diameter,18,1,1,"Load Index",113,1,1,"Speed Rating",T,1,1,,,,,,,,,,,,,"DUELER H/T D685","255/70R18 113T",,has-errors,1785374722,sync-and-show,approved,,,,,,,,,,,,,d372504ec97ccbb440ffa1f27866a46c
726,simple,,,"GOODYEAR WRANGLER DURATRAC - 577372",1,0,visible,,"The award-winning Goodyear Wrangler DuraTrac is an extremely versatile 4WD tyre offering outstanding off road traction. Featuring Tractive Groove Technology for enhanced traction in mud and self cleaning shoulder blocks which help provide enhanced dirt, gravel and mud traction, you'll be able to tackle a wide variety of conditions in your 4x4 vehicle.\n\nOff Road trade magazine readers selected the Goodyear Wrangler DuraTrac as the best off-road tyre in Europe. It won in the category of ""Traction Tyres,"" which was featured for the first time this year.\n\n<strong>Features</strong>\n<ul>\n<li>Tractive groove technology</li>\n<li>High angled centre tread blocks</li>\n<li>Self cleaning tread pattern</li>\n<li>Rim flange protector</li>\n</ul>\n\n<strong>Benefits</strong>\n<ul>\n<li>Offers enhanced traction in deep mud, dirt and sand</li>\n<li>Provides enhanced traction and lateral stability while reducing road noise</li>\n<li>Maintains powerful traction in mud, deep gravel and other loose surface conditions.</li>\n<li>Protects rims from curbs and potholes</li>\n</ul>",,,taxable,,1,,,0,0,,,,,1,,,460.10,Tyres,2557018,,https://www.tiromobiletyres.com.au/wp-content/uploads/2026/02/GOODYEAR-WRANGLER-DURATRAC.jpg,,,,,,,,,0,GOODYEAR,"Product IP",577372,1,1,"Tyre Type",4X4,1,1,Pattern,"WRANGLER DURATRAC",1,1,Size,"255/70/18 116Q",1,1,Width,255,1,1,Profile,70,1,1,Diameter,18,1,1,"Load Index",116,1,1,"Speed Rating",Q,1,1,,,,,,,,,,,,,"WRANGLER DURATRAC","255/70/18 116Q",,synced,1787541036,sync-and-show,approved,,,,,,,,,,,,,
728,simple,,,"YOKOHAMA GEOLANDAR A/T4 G018 - 2557018G018PC",1,0,visible,,,,,taxable,,1,,,0,0,,,,,0,,,358.86,"All Terrian, Tyres","2557018, A/T",,https://www.tiromobiletyres.com.au/wp-content/uploads/2026/02/YOKOHAMA-GEOLANDAR-AT4-G018.jpg,,,,,,,,,0,YOKOHAMA,"Product IP",2557018G018PC,1,1,"Tyre Type",4WD,1,1,Pattern,"GEOLANDAR A/T4 G018",1,1,Size,"255/70R18 116H",1,1,Width,255,1,1,Profile,70,1,1,Diameter,18,1,1,"Load Index",116,1,1,"Speed Rating",H,1,1,,,,,,,,,,,,,"GEOLANDAR A/T4 G018","255/70R18 116H",,has-errors,1785374722,sync-and-show,approved,,,,,,,,,,,,,ff4e907824100f915cca07a9d87cf2e3
732,simple,,,"YOKOHAMA GEOLANDAR A/T4 G018 - 2557018G018LT",1,0,visible,,,,,taxable,,1,,,0,0,,,,,0,,,358.86,"All Terrian, Tyres","2557018117114, A/T",,https://www.tiromobiletyres.com.au/wp-content/uploads/2026/02/YOKOHAMA-GEOLANDAR-AT4-G018.jpg,,,,,,,,,0,YOKOHAMA,"Product IP",2557018G018LT,1,1,"Tyre Type",4WD,1,1,Pattern,"GEOLANDAR A/T4 G018",1,1,Size,"255/70R18 117/114S",1,1,Width,255,1,1,Profile,70,1,1,Diameter,18,1,1,"Load Index",117/114,1,1,"Speed Rating",S,1,1,,,,,,,,,,,,,"GEOLANDAR A/T4 G018","255/70R18 117/114S",,has-errors,1785374722,sync-and-show,approved,,,,,,,,,,,,,f896076a5c00a6dacfacb720e249ebad
734,simple,,,"TOLEDO RAGNAR R9 -  117.007.08",1,0,visible,,,,,taxable,,1,,,0,0,,,,,0,,,196.75,Tyres,2656518116,,https://www.tiromobiletyres.com.au/wp-content/uploads/2026/01/TOLEDO-RAGNAR-R9-img.jpg,,,,,,,,,0,TOLEDO,"Product IP",117.007.08,1,1,"Tyre Type",R/T,1,1,Pattern,"RAGNAR R9",1,1,Size,"265/65R18 116Q",1,1,Width,265,1,1,Profile,65,1,1,Diameter,18,1,1,"Load Index",116,1,1,"Speed Rating",Q,1,1,,,,,,,,,,,,,"RAGNAR R9","265/65R18 116Q",,has-errors,1785374722,sync-and-show,approved,,,,,,,,,,,,,a955fad1249da7dd3b24650da1e1f532
735,simple,,,"SUMAXX MAX RANGER R/T - SNMAXX-011-RT",1,0,visible,,,,,taxable,,1,,,0,0,,,,,0,,,205.00,Tyres,2656518114,,https://www.tiromobiletyres.com.au/wp-content/uploads/2026/01/SUMAXX-MAX-RANGER-img.jpg,,,,,,,,,0,SUMAXX,"Product IP",SNMAXX-011-RT,1,1,"Tyre Type",4X4,1,1,Pattern,"MAX RANGER R/T",1,1,Size,"265/65R18 114T",1,1,Width,265,1,1,Profile,65,1,1,Diameter,18,1,1,"Load Index",114,1,1,"Speed Rating",T,1,1,,,,,,,,,,,,,"MAX RANGER R/T","265/65R18 114T",,has-errors,1785374722,sync-and-show,,,,,,,,,,,,,,ddd1e859ac2f44fb3a85727ac97fe3fd
736,simple,,,"SUMAXX ALL TERRAIN -  SNMAXX-011",1,0,visible,,,,,taxable,,1,,,0,0,,,,,0,,,205.00,"All Terrian",2656518122119,,https://www.tiromobiletyres.com.au/wp-content/uploads/2026/02/SUMAXX-ALL-TERRAIN-img1.jpg,,,,,,,,,0,SUMAXX,"Product IP",SNMAXX-011,1,1,"Tyre Type",4X4,1,1,Pattern,"ALL TERRAIN",1,1,Size,"265/65R18 122/119R",1,1,Width,265,1,1,Profile,65,1,1,Diameter,18,1,1,"Load Index",122/119,1,1,"Speed Rating",R,1,1,,,,,,,,,,,,,"ALL TERRAIN","265/65R18 122/119R",,has-errors,1785374722,sync-and-show,approved,,,,,,,,,,,,,25ceb0638dd9fac5926d88cabdcb7d81
738,simple,,,"SUMAXX ALL TERRAIN - SNMAXX-011-114",1,0,visible,,,,,taxable,,1,,,0,0,,,,,0,,,205.00,"All Terrian",2656518114,,https://www.tiromobiletyres.com.au/wp-content/uploads/2026/02/SUMAXX-ALL-TERRAIN-img1.jpg,,,,,,,,,0,SUMAXX,"Product IP",SNMAXX-011-114,1,1,"Tyre Type",4X4,1,1,Pattern,"ALL TERRAIN",1,1,Size,"265/65R18 114T",1,1,Width,265,1,1,Profile,65,1,1,Diameter,18,1,1,"Load Index",114,1,1,"Speed Rating",T,1,1,,,,,,,,,,,,,"ALL TERRAIN","265/65R18 114T",,has-errors,1785374722,sync-and-show,approved,,,,,,,,,,,,,af00e6df59db20258d13b8dd7445a984
739,simple,,,"FORCELAND VITALITY F22 - FC03018",1,0,visible,,,,,taxable,,1,,,0,0,,,,,1,,,118.50,Tyres,2454518,,https://www.tiromobiletyres.com.au/wp-content/uploads/2025/10/VITALITY-F22.jpg,,,,,,,,,0,Forceland,"Product IP",FC03018,1,1,Pattern,"Vitality F22",1,1,Size,"245/45ZR18 100Y",1,1,Width,245,1,1,Profile,45,1,1,Diameter,18,1,1,"Load Index",100,1,1,"Speed Rating",Y,1,1,,,,,,,,,,,,,,,,,"Vitality F22","245/45ZR18 100Y",,has-errors,1785374722,sync-and-show,,,,,,,,,,,,,,4668be12fc4d69b1d792375a12827e01
740,simple,,,"ZETA ANTARCTICA 5 - ZTAMS7502",1,0,visible,,,,,taxable,,1,,,0,0,,,,,1,,,125.00,Tyres,2454518,,https://www.tiromobiletyres.com.au/wp-content/uploads/2026/01/ZETA-ANTARCTICA-5-img.jpg,,,,,,,,,0,ZETA,"Product IP",ZTAMS7502,1,1,"Tyre Type",SUV,1,1,Pattern,"ANTARCTICA 5",1,1,Size,"245/45R18 100V",1,1,Width,245,1,1,Profile,45,1,1,Diameter,18,1,1,"Load Index",100,1,1,"Speed Rating",V,1,1,,,,,,,,,,,,,"ANTARCTICA 5","245/45R18 100V",,has-errors,1785374722,sync-and-show,,,,,,,,,,,,,,ffbea22e88ca62f3b3d668512c7bea34
741,simple,,,"ZETA ALVENTI - ZTAMS106",1,0,visible,,"New designed Asymmetric tread pattern , enhanced UHP tyre block stiffness for heavy loads, and ensure vehicle has been controlled perfect under any road conditions.\n\n<strong>KEY FEATURES:</strong>\n<ul>\n<li>Optimized pitch variance design & tread formula with high silica rubber reduces noise, innovative grip, improved mileage as well.</li>\n<li>4 straight grooves provide excellent smooth water dispersion and high levels of wet handling.</li>\n<li>Three solid longitudinal ribs improved braking and linear stability during high speed.</li>\n</ul>",,,taxable,,1,,,0,0,,,,,1,,,128.00,Tyres,2454518,,https://www.tiromobiletyres.com.au/wp-content/uploads/2025/10/Zeta-Alventi-img.jpg,,,,,,,,,0,ZETA,"Product IP",ZTAMS106,1,1,"Tyre Type",UHP,1,1,Pattern,ALVENTI,1,1,Size,"245/45R18 100W",1,1,Width,245,1,1,Profile,45,1,1,Diameter,18,1,1,"Load Index",100,1,1,"Speed Rating",W,1,1,,,,,,,,,,,,,ALVENTI,"245/45R18 100W",,synced,1787541036,sync-and-show,approved,,,,,,,,,,,,,
742,simple,,,"VIKING PROTECH PT6 - 15625850000",1,0,visible,,,,,taxable,,1,,,0,0,,,,,0,,,139.00,Tyres,2454518,,https://www.tiromobiletyres.com.au/wp-content/uploads/2025/12/VIKING-PROTECH-PT6-img.jpg,,,,,,,,,0,VIKING,"Product IP",15625850000,1,1,"Tyre Type",PASSENGER,1,1,Pattern,"PROTECH PT6",1,1,Size,"245/45R18 100W",1,1,Width,245,1,1,Profile,45,1,1,Diameter,18,1,1,"Load Index",100,1,1,"Speed Rating",W,1,1,,,,,,,,,,,,,"PROTECH PT6","245/45R18 100W",,has-errors,1785374722,sync-and-show,,,,,,,,,,,,,,1700400af21ca5e9925360c1a6779329
743,simple,,,"WINRUN R330 - W35918",1,0,visible,,"An Ultra High Performance tyre designed for use on passenger cars\n<strong>Features:</strong>\n<ul>\n<li>Asymmetric UHP pattern</li>\n<li>Advanced silica compound</li>\n<li>Anti-hydroplaning design for main grooves</li>\n<li>Improved braking distance and reduced driving noise</li>\n<li>Excellent performance in wet & dry handling</li>\n</ul>",,,taxable,,1,,,0,0,,,,,0,,,130.00,Tyres,2554018,,https://www.tiromobiletyres.com.au/wp-content/uploads/2026/02/WINRUN-R330-img.jpg,,,,,,,,,0,WINRUN,"Product IP",W35918,1,1,"Tyre Type",SUV,1,1,Pattern,R330,1,1,Size,"255/40/18 99XLW",1,1,Width,255,1,1,Profile,40,1,1,Diameter,18,1,1,"Load Index",99XL,1,1,"Speed Rating",W,1,1,,,,,,,,,,,,,R330,"255/40/18 99XLW",,synced,1787541036,sync-and-show,approved,,,,,,,,,,,,,
744,simple,,,"ZETA ALVENTI - ZTAMS034",1,0,visible,,"New designed Asymmetric tread pattern , enhanced UHP tyre block stiffness for heavy loads, and ensure vehicle has been controlled perfect under any road conditions.\n\n<strong>KEY FEATURES:</strong>\n<ul>\n<li>Optimized pitch variance design & tread formula with high silica rubber reduces noise, innovative grip, improved mileage as well.</li>\n<li>4 straight grooves provide excellent smooth water dispersion and high levels of wet handling.</li>\n<li>Three solid longitudinal ribs improved braking and linear stability during high speed.</li>\n</ul>",,,taxable,,1,,,0,0,,,,,1,,,134.91,Tyres,2554018,,https://www.tiromobiletyres.com.au/wp-content/uploads/2025/10/Zeta-Alventi-img.jpg,,,,,,,,,0,ZETA,"Product IP",ZTAMS034,1,1,"Tyre Type",PCR,1,1,Pattern,ALVENTI,1,1,Size,"255/40R18 99Y",1,1,Width,255,1,1,Profile,40,1,1,Diameter,18,1,1,"Load Index",99,1,1,"Speed Rating",Y,1,1,,,,,,,,,,,,,ALVENTI,"255/40R18 99Y",,synced,1787541036,sync-and-show,approved,,,,,,,,,,,,,
747,simple,,,"HANKOOK VENTUS S1 EVO3 - 1019631",1,0,visible,,,,,taxable,,1,,,0,0,,,,,0,,,259.10,Tyres,"2554018, Runflat",,https://www.tiromobiletyres.com.au/wp-content/uploads/2026/02/HANKOOK-VENTUS-S1-EVO3-img1.jpg,,,,,,,,,0,HANKOOK,"Product IP",1019631,1,1,"Tyre Type","PASS (UHP)",1,1,Pattern,"VENTUS S1 EVO3",1,1,Size,"255/40R18 99Y",1,1,Width,255,1,1,Profile,40,1,1,Diameter,18,1,1,"Load Index",99,1,1,"Speed Rating",Y,1,1,,,,,,,,,,,,,"VENTUS S1 EVO3","255/40R18 99Y",,has-errors,1785374722,sync-and-show,approved,,,,,,,,,,,,,5fbb9972d8b1de1e56469f101d474a08
748,simple,,,"OPALS FH888 - 2754018FH888",1,0,visible,,,,,taxable,,1,,,0,0,,,,,0,,,145.00,Tyres,2754018,,https://www.tiromobiletyres.com.au/wp-content/uploads/2026/02/OPALS-FH888-img1.jpg,,,,,,,,,0,OPALS,"Product IP",2754018FH888,1,1,"Tyre Type",UHP,1,1,Pattern,"VENTUS S1 EVO3",1,1,Size,"275/40/18 103W",0,1,Width,275,1,1,Profile,40,1,1,Diameter,18,1,1,"Load Index",103,1,1,"Speed Rating",W,1,1,,,,,,,,,,,,,"VENTUS S1 EVO3","275/40/18 103W",,has-errors,1785374722,sync-and-show,,,,,,,,,,,,,,0af800d87ee772a621c3120026933aba
750,simple,,,"CONTINENTAL CONTISPORTCONTACT 3 - 357285",1,0,visible,,"<strong>Superb Braking Performance for Real High Performance Cars</strong>\nOne of the most crucial requirements of tyres fitted on high performance, sports cars is agile steering precision. This ensures your vehicle maintains good adherence to the road in face of the considerable forces acting on the tyres when driving at high speeds, making abrupt manoeuvres or changes in road surfaces. The asymmetric tread ribs on the ContiSportContact 3 are designed to absorb these forces.\n\nOn dry roads, the new tread pattern ribs provide outstanding braking capability and steering precision, by absorbing the forces exerted on braking. This means a reduction in stopping distances. On wet surfaces, the unique grooves allow increased clearance of water for better resistance to aquaplaning.",,,taxable,,1,,,0,0,,,,,1,,,260.00,Tyres,"2754018, Runflat",,https://www.tiromobiletyres.com.au/wp-content/uploads/2026/02/CONTINENTAL-CONTISPORTCONTACT-3-img1.jpg,,,,,,,,,0,CONTINENTAL,"Product IP",357285,1,1,"Tyre Type",RUNFLAT,1,1,Pattern,"CONTISPORTCONTACT 3",1,1,Size,"E 275/40R18 99Y",1,1,Width,275,1,1,Diameter,18,1,1,"Load Index",99,1,1,"Speed Rating",Y,1,1,Profile,40,1,1,,,,,,,,,,,,,"CONTISPORTCONTACT 3","E 275/40R18 99Y",,synced,1787541036,sync-and-show,approved,,,,,,,,,,,,,
751,simple,,,"CONTINENTAL CONTISPORTCONTACT 3 - 03572850009",1,0,visible,,"<strong>Superb Braking Performance for Real High Performance Cars</strong>\nOne of the most crucial requirements of tyres fitted on high performance, sports cars is agile steering precision. This ensures your vehicle maintains good adherence to the road in face of the considerable forces acting on the tyres when driving at high speeds, making abrupt manoeuvres or changes in road surfaces. The asymmetric tread ribs on the ContiSportContact 3 are designed to absorb these forces.\n\nOn dry roads, the new tread pattern ribs provide outstanding braking capability and steering precision, by absorbing the forces exerted on braking. This means a reduction in stopping distances. On wet surfaces, the unique grooves allow increased clearance of water for better resistance to aquaplaning.",,,taxable,,1,,,0,0,,,,,1,,,265.01,Tyres,"2754018, Runflat",,https://www.tiromobiletyres.com.au/wp-content/uploads/2026/02/CONTINENTAL-CONTISPORTCONTACT-3-img1.jpg,,,,,,,,,0,CONTINENTAL,"Product IP",03572850009,1,1,"Tyre Type",PASSENGER,1,1,Pattern,"CONTISPORTCONTACT 3",1,1,Size,"275/40R18 99Y",1,1,Width,275,1,1,Profile,40,1,1,Diameter,18,1,1,"Load Index",99,1,1,"Speed Rating",Y,1,1,,,,,,,,,,,,,"CONTISPORTCONTACT 3","275/40R18 99Y",,synced,1787541037,sync-and-show,approved,,,,,,,,,,,,,
752,simple,,,"HANKOOK VENTUS S1 EVO3 - 1024580",1,0,visible,,,,,taxable,,1,,,0,0,,,,,0,,,326.65,Tyres,"2754018, Runflat",,https://www.tiromobiletyres.com.au/wp-content/uploads/2026/02/HANKOOK-VENTUS-S1-EVO3-–-1019631-1.jpg,,,,,,,,,0,HANKOOK,"Product IP",1024580,1,1,"Tyre Type","PASS (UHP)",1,1,Pattern,"VENTUS S1 EVO3",1,1,Size,"275/40R18 103Y",1,1,Width,275,1,1,Profile,40,1,1,Diameter,18,1,1,"Speed Rating",Y,1,1,,,,,,,,,,,,,,,,,"VENTUS S1 EVO3","275/40R18 103Y",,has-errors,1785374722,sync-and-show,approved,,,,,,,,,,,,,9ff010ecd5797da536fcfd51a97003b3
754,simple,,,"MICHELIN PILOT SPORT 4S - 399680",1,0,visible,,"<strong>Ultra-High Performance</strong>\nGenuine Passion. Exceptional Drives. Derived from the legendary MICHELIN PILOT Super Sport, there is a new #1 in max performance summer tyres.\n\n<strong>Features:</strong>\nThe Maximum Combined Performance. - 1st in dry lap time.  - 1st in dry braking. - 1st in wet braking. \nFall in love with your car's untapped potential with the best max performance tire. Our Dynamic Response Technology continuously adapts to the road for ultra-precise steering, outstanding cornering power and remarkably good treadlife for a summer tire. And our revolutionary Multi-Compound Construction delivers unmatched levels of dry and wet grip exactly where you need it.\n\nExperience added miles of exhilarating drives with 9% better treadlife than the MICHELIN® PILOT® Super Sport.\nMICHELIN® Total Performance™ overcomes the usual tradeoff of wear for grip to deliver both incredible traction and improved tread life.\n \nPremium Design and Rim Protector.\nOur premium touch finish provides a dark velvet effect on the external sidewall, while a deep rim protector guards against light wheel damage.\n\nAcclaimed by Premium Car Manufacturers.\nHomologated by Mercedes-Benz AMG and Ferrari.\n \nMichelin always aims to bring together multiple performances.\nAt MICHELIN, we continuously push safety, durability and fuel efficiency, and even more performances, all at the same time and with no trade-offs. That’s what we mean by MICHELIN® Total Performance™, which has and will always be our difference ",,,taxable,,1,,,0,0,,,,,0,,,622.86,Tyres,2854018,,https://www.tiromobiletyres.com.au/wp-content/uploads/2025/12/MICHELIN-PILOT-SPORT-4-img.jpg,,,,,,,,,0,MICHELIN,"Product IP",399680,1,1,"Tyre Type",UHP,1,1,Pattern,"PILOT SPORT 4S",1,1,Size,"285/40R18 105Y",1,1,Width,285,1,1,Profile,40,1,1,Diameter,18,1,1,"Load Index",105,1,1,"Speed Rating",Y,1,1,,,,,,,,,,,,,"PILOT SPORT 4S","285/40R18 105Y",,synced,1787541037,sync-and-show,approved,,,,,,,,,,,,,
755,simple,,,"PIRELLI PZERO ROSSO - 1514800",1,0,visible,,"<strong>THE OPTIMUM BALANCE BETWEEN PERFORMANCE AND COMFORT</strong>\nDeveloped for modern sports cars with electronic drive and stability control systems, the P ZERO ROSSO™ (or ‘Red’, as it translates into in English, which is synonymous with Italian motor racing) is ideal for sports performance providing precise steering response on dry and wet roads. \n\nThe ideal choice for optimum balance between performance and comfort for medium to high-powered cars.\n\nAn Ultra High Performance tyre, combining performance and comfort. Possible combination of P ZERO ROSSO Direzionale (front axle fitment) with P ZERO ROSSO Asimmetrico (rear axle fitment or all-round application).\n\nDirectional and asymmetric: two different tread patterns designed to provide the best sports performance. The directional tread pattern, for the front axle, with its grooves and longitudinal channels ensure excellent grip on both wet and dry roads. The asymmetric tyre has three distinct elements: large blocks on the outer shoulder, a central semi-slick rib with curved transverse grooves and a more open inner shoulder.\n\nIn addition to the sports performance, P ZERO ROSSO promotes the concept of comfort through the special construction of the carcass, which combines performance with the comfort features typical of high-performance flagship cars. P ZERO ROSSO has achieved more than 200 original equipment homologations from leading manufacturers on top performance vehicles.",,,taxable,,1,,,0,0,,,,,0,,,728.84,Tyres,2454017,,https://www.tiromobiletyres.com.au/wp-content/uploads/2026/02/rosso-img1.jpg,,,,,,,,,0,PIRELLI,"Product IP",1514800,1,1,"Tyre Type",UHP,1,1,Pattern,"PZERO ROSSO",1,1,Size,"285/40R18 101Y",1,1,Width,285,1,1,Profile,40,1,1,Diameter,18,1,1,"Load Index",101,1,1,"Speed Rating",Y,1,1,,,,,,,,,,,,,"PZERO ROSSO","285/40R18 101Y",,synced,1787541037,sync-and-show,approved,,,,,,,,,,,,,
757,simple,,,"ZETA ALVENTI - ZTAMS0176",1,0,visible,,"New designed Asymmetric tread pattern , enhanced UHP tyre block stiffness for heavy loads, and ensure vehicle has been controlled perfect under any road conditions.\n\n<strong>KEY FEATURES:</strong>\n<ul>\n<li>Optimized pitch variance design & tread formula with high silica rubber reduces noise, innovative grip, improved mileage as well.</li>\n<li>4 straight grooves provide excellent smooth water dispersion and high levels of wet handling.</li>\n<li>Three solid longitudinal ribs improved braking and linear stability during high speed.</li>\n</ul>",,,taxable,,1,,,0,0,,,,,1,,,128.00,Tyres,2254019,,https://www.tiromobiletyres.com.au/wp-content/uploads/2025/10/Zeta-Alventi-img.jpg,,,,,,,,,0,ZETA,"Product IP",ZTAMS0176,1,1,"Tyre Type",UHP,1,1,Pattern,ALVENTI,1,1,Size,"225/40R19 93Y",1,1,Width,255,1,1,Profile,40,1,1,Diameter,19,1,1,"Load Index",93,1,1,"Speed Rating",Y,1,1,,,,,,,,,,,,,ALVENTI,"225/40R19 93Y",,synced,1787541037,sync-and-show,approved,,,,,,,,,,,,,
758,simple,,,"WINRUN R330 - W12619",1,0,visible,,"An Ultra High Performance tyre designed for use on passenger cars\n<strong>Features:</strong>\n<ul>\n<li>Asymmetric UHP pattern</li>\n<li>Advanced silica compound</li>\n<li>Anti-hydroplaning design for main grooves</li>\n<li>Improved braking distance and reduced driving noise</li>\n<li>Excellent performance in wet & dry handling</li>\n</ul>",,,taxable,,1,,,0,0,,,,,0,,,145.00,Tyres,22540R19,,https://www.tiromobiletyres.com.au/wp-content/uploads/2026/02/WINRUN-R330-img.jpg,,,,,,,,,0,WINRUN,"Product IP",W12619,1,1,"Tyre Type",UHP,1,1,Pattern,R330,1,1,Size,"225/40R19 93W",1,1,Width,225,1,1,Profile,40,1,1,Diameter,19,1,1,"Load Index",93,1,1,"Speed Rating",W,1,1,,,,,,,,,,,,,R330,"225/40R19 93W",,synced,1787541037,sync-and-show,approved,,,,,,,,,,,,,
759,simple,,,"ZETA ALVENTI - ZTAMS03.177.03",1,0,visible,,"New designed Asymmetric tread pattern , enhanced UHP tyre block stiffness for heavy loads, and ensure vehicle has been controlled perfect under any road conditions.\n\n<strong>KEY FEATURES:</strong>\n<ul>\n<li>Optimized pitch variance design & tread formula with high silica rubber reduces noise, innovative grip, improved mileage as well.</li>\n<li>4 straight grooves provide excellent smooth water dispersion and high levels of wet handling.</li>\n<li>Three solid longitudinal ribs improved braking and linear stability during high speed.</li>\n</ul>",,,taxable,,1,,,0,0,,,,,1,,,195.00,Tyres,"2254019, Runflat",,https://www.tiromobiletyres.com.au/wp-content/uploads/2025/10/Zeta-Alventi-img.jpg,,,,,,,,,0,ZETA,"Product IP",ZTAMS03.177.03,1,1,"Tyre Type",RUNFLAT,1,1,Pattern,ALVENTI,1,1,Size,"225/40R19 93Y",1,1,Width,255,1,1,Profile,40,1,1,Diameter,19,1,1,"Load Index",93,1,1,"Speed Rating",Y,1,1,,,,,,,,,,,,,ALVENTI,"225/40R19 93Y",,synced,1787541037,sync-and-show,approved,,,,,,,,,,,,,
760,simple,,,"CONTINENTAL MAXCONTACT MC7 - 03134200000",1,0,visible,,,,,taxable,,1,,,0,0,,,,,1,,,289.76,Tyres,2254019,,https://www.tiromobiletyres.com.au/wp-content/uploads/2026/02/continental_max_contact_7.jpg,,,,,,,,,0,CONTINENTAL,"Product IP",03134200000,1,1,"Tyre Type",PASSENGER,1,1,Pattern,"MAXCONTACT MC7",1,1,Size,"225/40R19 93Y",1,1,Width,225,1,1,Profile,40,1,1,Diameter,19,1,1,"Load Index",93,1,1,"Speed Rating",Y,1,1,,,,,,,,,,,,,"MAXCONTACT MC7","225/40R19 93Y",,has-errors,1785374722,sync-and-show,approved,,,,,,,,,,,,,abd53af5af74f5a0bfa60b40dc87f1ab
762,simple,,,"FORCELAND VITALITY F22 - FC00619",1,0,visible,,,,,taxable,,1,,,0,0,,,,,1,,,113.50,Tyres,23535Z19,,https://www.tiromobiletyres.com.au/wp-content/uploads/2025/10/VITALITY-F22.jpg,,,,,,,,,0,Forceland,"Product IP",FC00619,1,1,Pattern,"Vitality F22",1,1,Size,"235/35ZR19 91W",1,1,Width,235,1,1,Profile,35,1,1,Diameter,19,1,1,"Load Index",91,1,1,"Speed Rating",W,1,1,,,,,,,,,,,,,,,,,"Vitality F22","235/35ZR19 91W",,has-errors,1785374722,sync-and-show,,,,,,,,,,,,,,7df626604eaf03b1a12b5789ed13ec4e
763,simple,,,"ZETA ALVENTI - ZTAMS036",1,0,visible,,"New designed Asymmetric tread pattern , enhanced UHP tyre block stiffness for heavy loads, and ensure vehicle has been controlled perfect under any road conditions.\n\n<strong>KEY FEATURES:</strong>\n<ul>\n<li>Optimized pitch variance design & tread formula with high silica rubber reduces noise, innovative grip, improved mileage as well.</li>\n<li>4 straight grooves provide excellent smooth water dispersion and high levels of wet handling.</li>\n<li>Three solid longitudinal ribs improved braking and linear stability during high speed.</li>\n</ul>",,,taxable,,1,,,0,0,,,,,1,,,119.90,Tyres,2353519,,https://www.tiromobiletyres.com.au/wp-content/uploads/2025/10/Zeta-Alventi-img.jpg,,,,,,,,,0,ZETA,"Product IP",ZTAMS036,1,1,"Tyre Type",UHP,1,1,Pattern,ALVENTI,1,1,Size,"235/35R19 93Y",1,1,Width,235,1,1,Profile,35,1,1,Diameter,19,1,1,"Load Index",93,1,1,"Speed Rating",Y,1,1,,,,,,,,,,,,,ALVENTI,"235/35R19 93Y",,synced,1787541037,sync-and-show,approved,,,,,,,,,,,,,
764,simple,,,"ACCELERA PHI - MSACC098",1,0,visible,,"The Ideal Everyday Tyre...\n\n<strong>FEATURES & BENEFITS:</strong>\n<ul>\n<li>Dynamic Medium Lateral Groove : Provides improved wet handling and rolling resistance</li>\n<li>Straight, Medium Rib : Improves stability and flexibility on dry road surfaces</li>\n<li>Shoulder Block : Provides better cornering stability and noise reduction</li>\n</ul>",,,taxable,,1,,,0,0,,,,,0,,,162.98,Tyres,2353519,,https://www.tiromobiletyres.com.au/wp-content/uploads/2026/02/ACCELERA-PHI-img1.jpg,,,,,,,,,0,ACCELERA,"Product IP",MSACC098,1,1,"Tyre Type",UHP,1,1,Pattern,PHI,1,1,Size,"235/35R19 91Y",1,1,Width,235,1,1,Profile,35,1,1,Diameter,19,1,1,"Load Index",91,1,1,"Speed Rating",Y,1,1,,,,,,,,,,,,,PHI,"235/35R19 91Y",,synced,1787541037,sync-and-show,approved,,,,,,,,,,,,,
766,simple,,,"LAUFENN LK03 - 1027719",1,0,visible,,,,,taxable,,1,,,0,0,,,,,0,,,185.00,Tyres,2353519,,https://www.tiromobiletyres.com.au/wp-content/uploads/2025/12/image-coming-soon.jpg,,,,,,,,,0,LAUFENN,"Product IP",1027719,1,1,"Tyre Type",UHP,1,1,Pattern,LK03,1,1,Size,"235/35R19 91Y",1,1,Width,235,1,1,Profile,35,1,1,Diameter,19,1,1,"Load Index",91,1,1,"Speed Rating",Y,1,1,,,,,,,,,,,,,LK03,"235/35R19 91Y",,has-errors,1785374722,sync-and-show,approved,,,,,,,,,,,,,4a216b85de3779f151ef7c917dc13513
767,simple,,,"ZETA ALVENTI - ZTAMS035",1,0,visible,,"New designed Asymmetric tread pattern , enhanced UHP tyre block stiffness for heavy loads, and ensure vehicle has been controlled perfect under any road conditions.\n\n<strong>KEY FEATURES:</strong>\n<ul>\n<li>Optimized pitch variance design & tread formula with high silica rubber reduces noise, innovative grip, improved mileage as well.</li>\n<li>4 straight grooves provide excellent smooth water dispersion and high levels of wet handling.</li>\n<li>Three solid longitudinal ribs improved braking and linear stability during high speed.</li>\n</ul>",,,taxable,,1,,,0,0,,,,,1,,,135.00,Tyres,2354019,,https://www.tiromobiletyres.com.au/wp-content/uploads/2025/10/Zeta-Alventi-img.jpg,,,,,,,,,0,ZETA,"Product IP",ZTAMS035,1,1,"Tyre Type",UHP,1,1,Pattern,ALVENTI,1,1,Size,"235/40R19 96Y",1,1,Width,235,1,1,Profile,40,1,1,Diameter,19,1,1,"Load Index",96,1,1,"Speed Rating",Y,1,1,,,,,,,,,,,,,ALVENTI,"235/40R19 96Y",,synced,1787541037,sync-and-show,approved,,,,,,,,,,,,,
768,simple,,,"ZETA ARTORIA EV - ZTAM03.103.02",1,0,visible,,,,,taxable,,1,,,0,0,,,,,1,,,165.00,Tyres,2354019,,https://www.tiromobiletyres.com.au/wp-content/uploads/2026/01/ZETA-ARTORIA-EV.jpg,,,,,,,,,0,ZETA,"Product IP",ZTAM03.103.02,1,1,"Tyre Type","EV TYRE",1,1,Pattern,"ARTORIA EV",1,1,Size,"235/40ZR19 96W",1,1,Width,235,1,1,Profile,40,1,1,Diameter,19,1,1,"Load Index",96,1,1,"Speed Rating",W,1,1,,,,,,,,,,,,,"ARTORIA EV","235/40ZR19 96W",,has-errors,1785374722,sync-and-show,approved,,,,,,,,,,,,,9f42f7b96cd110118b4d2d8eab8f8c3c
770,simple,,,"HANKOOK VENTUS S1 EVO3 - 1034347",1,0,visible,,,,,taxable,,1,,,0,0,,,,,0,,,322.62,Tyres,32354019,,https://www.tiromobiletyres.com.au/wp-content/uploads/2026/02/HANKOOK-VENTUS-S1-EVO3-–-1019631-1.jpg,,,,,,,,,0,HANKOOK,"Product IP",1024580,1,1,"Tyre Type","PASS (UHP)",1,1,Pattern,"VENTUS S1 EVO3",1,1,Size,"Model 3 235/40R19 96W",1,1,Width,235,1,1,Profile,40,1,1,Diameter,19,1,1,"Load Index",96,1,1,"Speed Rating",W,1,1,,,,,,,,,,,,,"VENTUS S1 EVO3","Model 3 235/40R19 96W",,has-errors,1785374722,sync-and-show,approved,,,,,,,,,,,,,88cbed036117cfd321460554de715453
771,simple,,,"PIRELLI CINTURATO P7 - 2440000",1,0,visible,,"Pirelli's first Green Performance tyre, CINTURATO  P7 has been created to take full advantage of latest materials, structures and tread pattern design in order to guarantee savings, respect for the environment, comfort and safety on all road surfaces. Pirelli CINTURATO P7 is on the top in 2010 ADAC summer tyre test confirming its leadership in terms of performance, safety and eco-compatibility.\n\n<strong>Features:</strong>\n<strong>ENERGY EFFICIENT:</strong>\nReduces fuel consumption and CO2 emissions.\n\n<strong>CLEAN AIR:</strong>\nMade from eco-compatible materials that minimise environmental impact, both at the production stage and throughout the life of the tyre.\n\n<strong>HIGH MILEAGE:</strong>\nLonger lasting tyre that maintains high levels of performance and safety.\n \n<strong>LOW NOISE:</strong>\nAlready complies with the 2012 EU Regulation on the reduction of noise, resulting in improved driving comfort.\n\n<strong>Key Homologations:</strong>\nAlready complies with the 2012 EU Regulation on the reduction of noise, resulting in improved driving comfort.\n\n<strong>Key Homologations:</strong>\nAlfa Romeo, Audi, BMW, Mercedes, MINI, Peugeot, Skoda, Volkswagen",,,taxable,,1,,,0,0,,,,,0,,,346.22,Tyres,2354019,,https://www.tiromobiletyres.com.au/wp-content/uploads/2025/10/pirelli-cinturato-p7img.jpg,,,,,,,,,0,PIRELLI,"Product IP",2440000,1,1,"Tyre Type",UHP,1,1,Pattern,"CINTURATO P7",1,1,Size,"Romania235/40R19 96W",1,1,Width,235,1,1,Profile,40,1,1,Diameter,19,1,1,"Load Index",96,1,1,"Speed Rating",W,1,1,,,,,,,,,,,,,"CINTURATO P7","Romania235/40R19 96W",,synced,1787541037,sync-and-show,approved,,,,,,,,,,,,,
772,simple,,,"FORCELAND VITALITY F22 - FC00719",1,0,visible,,,,,taxable,,1,,,0,0,,,,,1,,,118.75,Tyres,2453519,,https://www.tiromobiletyres.com.au/wp-content/uploads/2025/10/VITALITY-F22.jpg,,,,,,,,,0,Forceland,"Product IP",FC00719,1,1,Pattern,"Vitality F22",1,1,Size,"245/35ZR19 93W",1,1,Width,245,1,1,Profile,35,1,1,Diameter,19,1,1,"Load Index",93,1,1,"Speed Rating",W,1,1,,,,,,,,,,,,,,,,,"Vitality F22","245/35ZR19 93W",,has-errors,1785374722,sync-and-show,,,,,,,,,,,,,,80f06c3a9f861444509d69500787f97c
773,simple,,,"DUNLOP SP SPORT MAXX 060+ - AU10352767",1,0,visible,,,,,taxable,,1,,,0,0,,,,,0,,,246.69,Tyres,2453519,,https://www.tiromobiletyres.com.au/wp-content/uploads/2026/02/DUNLOP-SP-SPORT-MAXX-060-img1.jpg,,,,,,,,,0,DUNLOP,"Product IP",AU10352767,1,1,"Tyre Type","LT, PASSENGER",1,1,Pattern,"SP SPORT MAXX 060+",1,1,Size,"245/35R19 93Y",1,1,Width,245,1,1,Profile,35,1,1,Diameter,19,1,1,"Load Index",93,1,1,"Speed Rating",Y,1,1,,,,,,,,,,,,,"SP SPORT MAXX 060+","245/35R19 93Y",,has-errors,1785374722,sync-and-show,approved,,,,,,,,,,,,,20072a106168c4ed70b8ca619fbd1f37
775,simple,,,"NANKANG NS2R - NA2453519NS2R",1,0,visible,,"<strong>Key Features:</strong>\n<ul>\n<li>New semi-slick sport performance</li>\n<li>Racing and street compounds</li>\n<li>Treadwear: 120 (Track); 180 (Street)</li>\n</ul>\n\nInch 15-18, 20\n\nSeries 35-65",,,taxable,,1,,,0,0,,,,,1,,,254.32,Tyres,2453519,,https://www.tiromobiletyres.com.au/wp-content/uploads/2025/12/NANKANG-NS2R-img.jpg,,,,,,,,,0,NANKANG,"Product IP",NA2453519NS2R,1,1,"Tyre Type",UHP,1,1,Pattern,NS2R,1,1,Size,"245/35R19 93Y",1,1,Width,245,1,1,Profile,35,1,1,Diameter,19,1,1,"Load Index",93,1,1,"Speed Rating",Y,1,1,,,,,,,,,,,,,NS2R,"245/35R19 93Y",,synced,1787541037,sync-and-show,approved,,,,,,,,,,,,,
776,simple,,,"BRIDGESTONE POTENZA RE050A - 11002963",1,0,visible,,"The Potenza Adrenalin RE003 has raised the bar even higher for sports performance tyres. Cutting-edge technology in the unique tread pattern and tyre’s composition has created a performance tyre that delivers an incredible driving experience for sports car drivers and enthusiasts.\n\n<strong>Features:</strong>\n<ul>\n<li>Precise handling and cornering performance</li>\n<li>Increased handling stability provides powerful traction in dry conditions</li>\n<li>Better groove drainage and anti-hydroplaning performance</li>\n<li>Enhanced wet braking capabilities and reduced irregular wear</li>\n</ul>",,,taxable,,1,,,0,0,,,,,0,,,267.19,Tyres,2453519,,https://www.tiromobiletyres.com.au/wp-content/uploads/2026/02/BRIDGESTONE-POTENZA-ADRENALIN-RE003-img1.jpg,,,,,,,,,0,BRIDGESTONE,"Product IP",11002963,1,1,"Tyre Type",UHP,1,1,Pattern,"POTENZA ADRENALIN RE003",1,1,Size,"245/35R19 93W",1,1,Width,245,1,1,Profile,35,1,1,Diameter,19,1,1,"Load Index",93,1,1,"Speed Rating",W,1,1,,,,,,,,,,,,,"POTENZA ADRENALIN RE003","245/35R19 93W",,synced,1787541037,sync-and-show,approved,,,,,,,,,,,,,
778,simple,,,"FORCELAND VITALITY F22 - FC01319",1,0,visible,,,,,taxable,,1,,,0,0,,,,,1,,,127.38,Tyres,2454019,,https://www.tiromobiletyres.com.au/wp-content/uploads/2025/10/VITALITY-F22.jpg,,,,,,,,,0,Forceland,"Product IP",FC01319,1,1,Pattern,"Vitality F22",1,1,Size,"245/40ZR19 98W",1,1,Width,245,1,1,Profile,40,1,1,Diameter,19,1,1,"Load Index",98,1,1,"Speed Rating",W,1,1,,,,,,,,,,,,,,,,,"Vitality F22","245/40ZR19 98W",,has-errors,1785374722,sync-and-show,approved,,,,,,,,,,,,,a3f3fad0d660cf20d9eeed7d5948166f
779,simple,,,"ZETA ALVENTI - ZTAMS016",1,0,visible,,"New designed Asymmetric tread pattern , enhanced UHP tyre block stiffness for heavy loads, and ensure vehicle has been controlled perfect under any road conditions.\n\n<strong>KEY FEATURES:</strong>\n<ul>\n<li>Optimized pitch variance design & tread formula with high silica rubber reduces noise, innovative grip, improved mileage as well.</li>\n<li>4 straight grooves provide excellent smooth water dispersion and high levels of wet handling.</li>\n<li>Three solid longitudinal ribs improved braking and linear stability during high speed.</li>\n</ul>",,,taxable,,1,,,0,0,,,,,1,,,130.50,Tyres,2454019,,https://www.tiromobiletyres.com.au/wp-content/uploads/2025/10/Zeta-Alventi-img.jpg,,,,,,,,,0,ZETA,"Product IP",ZTAMS016,1,1,"Tyre Type",UHP,1,1,Pattern,ALVENTI,1,1,Size,"245/40R19 98Y",1,1,Width,245,1,1,Profile,40,1,1,Diameter,19,1,1,"Load Index",98,1,1,"Speed Rating",Y,1,1,,,,,,,,,,,,,ALVENTI,"245/40R19 98Y",,synced,1787541037,sync-and-show,approved,,,,,,,,,,,,,
780,simple,,,"ZETA ALVENTI - ZETAMS03.081.02",1,0,visible,,"New designed Asymmetric tread pattern , enhanced UHP tyre block stiffness for heavy loads, and ensure vehicle has been controlled perfect under any road conditions.\n\n<strong>KEY FEATURES:</strong>\n<ul>\n<li>Optimized pitch variance design & tread formula with high silica rubber reduces noise, innovative grip, improved mileage as well.</li>\n<li>4 straight grooves provide excellent smooth water dispersion and high levels of wet handling.</li>\n<li>Three solid longitudinal ribs improved braking and linear stability during high speed.</li>\n</ul>",,,taxable,,1,,,0,0,,,,,1,,,185.00,Tyres,"2454019, Runflat",,https://www.tiromobiletyres.com.au/wp-content/uploads/2025/10/Zeta-Alventi-img.jpg,,,,,,,,,0,ZETA,"Product IP",ZETAMS03.081.02,1,1,"Tyre Type",UHP,1,1,Pattern,ALVENTI,1,1,Size,"245/40R19 98Y",1,1,Width,245,1,1,Profile,40,1,1,Diameter,19,1,1,"Load Index",98,1,1,"Speed Rating",Y,1,1,,,,,,,,,,,,,ALVENTI,"245/40R19 98Y",,synced,1787541037,sync-and-show,approved,,,,,,,,,,,,,
781,simple,,,"CONTINENTAL PROCONTACT GX - 15579120007",1,0,visible,,,,,taxable,,1,,,0,0,,,,,0,,,265.01,Tyres,"2454019, Runflat",,https://www.tiromobiletyres.com.au/wp-content/uploads/2026/01/CONTINENTAL-PROCONTACT-TX-img.jpg,,,,,,,,,0,CONTINENTAL,"Product IP",15579120007,1,1,"Tyre Type",PASSENGER,1,1,Pattern,"PROCONTACT GX",1,1,Size,"245/40R19 98H",1,1,Width,245,1,1,Profile,40,1,1,Diameter,19,1,1,"Load Index",98,1,1,"Speed Rating",H,1,1,,,,,,,,,,,,,"PROCONTACT GX","245/40R19 98H",,has-errors,1785374722,sync-and-show,approved,,,,,,,,,,,,,8458f4c9fab5dc096a84d8307e15accc
782,simple,,,"ZETA ALVENTI - ZTAMS341",1,0,visible,,"New designed Asymmetric tread pattern , enhanced UHP tyre block stiffness for heavy loads, and ensure vehicle has been controlled perfect under any road conditions.\n\n<strong>KEY FEATURES:</strong>\n<ul>\n<li>Optimized pitch variance design & tread formula with high silica rubber reduces noise, innovative grip, improved mileage as well.</li>\n<li>4 straight grooves provide excellent smooth water dispersion and high levels of wet handling.</li>\n<li>Three solid longitudinal ribs improved braking and linear stability during high speed.</li>\n</ul>",,,taxable,,1,,,0,0,,,,,1,,,139.00,Tyres,2553519,,https://www.tiromobiletyres.com.au/wp-content/uploads/2025/10/Zeta-Alventi-img.jpg,,,,,,,,,0,ZETA,"Product IP",ZTAMS341,1,1,"Tyre Type",PCR,1,1,Pattern,ALVENTI,1,1,Size,"255/35R19 96Y",1,1,Width,255,1,1,Profile,35,1,1,Diameter,19,1,1,"Load Index",96,1,1,"Speed Rating",Y,1,1,,,,,,,,,,,,,ALVENTI,"255/35R19 96Y",,synced,1787541037,sync-and-show,approved,,,,,,,,,,,,,
783,simple,,,"ZETA ALVENTI - ZTAMS03.083.02",1,0,visible,,"New designed Asymmetric tread pattern , enhanced UHP tyre block stiffness for heavy loads, and ensure vehicle has been controlled perfect under any road conditions.\n\n<strong>KEY FEATURES:</strong>\n<ul>\n<li>Optimized pitch variance design & tread formula with high silica rubber reduces noise, innovative grip, improved mileage as well.</li>\n<li>4 straight grooves provide excellent smooth water dispersion and high levels of wet handling.</li>\n<li>Three solid longitudinal ribs improved braking and linear stability during high speed.</li>\n</ul>",,,taxable,,1,,,0,0,,,,,1,,,209.00,Tyres,"2553519, Runflat",,https://www.tiromobiletyres.com.au/wp-content/uploads/2025/10/Zeta-Alventi-img.jpg,,,,,,,,,0,ZETA,"Product IP",ZTAMS03.083.02,1,1,"Tyre Type",RUNFLAT,1,1,Pattern,ALVENTI,1,1,Size,"255/35R19 96Y",1,1,Width,155,1,1,Profile,35,1,1,Diameter,19,1,1,"Load Index",96,1,1,"Speed Rating",Y,1,1,,,,,,,,,,,,,ALVENTI,"255/35R19 96Y",,synced,1787541037,sync-and-show,approved,,,,,,,,,,,,,
784,simple,,,"CONTINENTAL MAXCONTACT MC7 - 03134230000",1,0,visible,,,,,taxable,,1,,,0,0,,,,,1,,,292.30,Tyres,2553519,,https://www.tiromobiletyres.com.au/wp-content/uploads/2026/02/continental_max_contact_7.jpg,,,,,,,,,0,CONTINENTAL,"Product IP",03134230000,1,1,"Tyre Type",PASSENGER,1,1,Pattern,"MAXCONTACT MC7",1,1,Size,"XL 255/35R19 96Y",1,1,Width,255,1,1,Profile,35,1,1,Diameter,19,1,1,"Load Index",96,1,1,"Speed Rating",Y,1,1,,,,,,,,,,,,,"MAXCONTACT MC7","XL 255/35R19 96Y",,has-errors,1785374722,sync-and-show,approved,,,,,,,,,,,,,c64cd3177934a83809b789a4d29140cc
785,simple,,,"HANKOOK VENTUS S1 EVO3 K127 - 1024297",1,0,visible,,,,,taxable,,1,,,0,0,,,,,1,,,297.36,Tyres,2553519,,https://www.tiromobiletyres.com.au/wp-content/uploads/2026/02/HANKOOK-VENTUS-S1-EVO3-img1.jpg,,,,,,,,,0,HANKOOK,"Product IP",1024297,1,1,"Tyre Type",UHP,1,1,Pattern,"VENTUS S1 EVO3 K127",1,1,Size,"255/35R19 96Y",1,1,Width,255,1,1,Profile,35,1,1,Diameter,19,1,1,"Load Index",96,1,1,"Speed Rating",Y,1,1,,,,,,,,,,,,,"VENTUS S1 EVO3 K127","255/35R19 96Y",,has-errors,1785374722,sync-and-show,approved,,,,,,,,,,,,,39296193db6c5e29935f07f11d7d0eac
787,simple,,,"ZETA IMPERO - ZETAMS03.164.02",1,0,visible,,"<strong>Features:</strong>\n<ul>\n<li>The right tire for large size Sport Utility Vehicles and large diameter wheel applications.</li>\n<li>4 wide longitudinal grooves improve drainage and wet weather performance.</li>\n<li>Anti-Hydroplaning lateral grooves offer excellent wet performance.</li>\n<li>3 center block provide straight driving stability.</li>\n<li>Optimized shoulder blocks maximize grip during cornering, and provide a smooth quiet ride.</li>\n</ul>",,,taxable,,1,,,0,0,,,,,0,,,155.01,Tyres,2255519,,https://www.tiromobiletyres.com.au/wp-content/uploads/2026/01/ZETA-IMPERO-img.jpg,,,,,,,,,0,ZETA,"Product IP",ZETAMS03.164.02,1,1,"Tyre Type",UHP,1,1,Pattern,IMPERO,1,1,Size,"225/55R19 99V",1,1,Width,225,1,1,Profile,55,1,1,Diameter,19,1,1,"Load Index",99,1,1,"Speed Rating",V,1,1,,,,,,,,,,,,,IMPERO,"225/55R19 99V",,synced,1787541037,sync-and-show,approved,,,,,,,,,,,,,
788,simple,,,"CONTINENTAL ULTRACONTACT UC6 SUV - 03593090000",1,0,visible,,"The Continental Ultra Contact UC6 uses cutting-edge design for an enhanced driving experience. This tyre promises the best performance on all levels for your choice car. The tread compound includes a special blend of polymers that enhances grip by transforming energy into heat for exceptional braking capacity and unparalleled control on wet and dry road surfaces. Its tread block pattern has been fine-tuned for shorter braking distances with adjustments to the pattern that allow for a more even distribution of braking force.\n\n<strong>Features:</strong>\n<ul>\n<li>Innovative combination of surface sipes and grooves</li>\n<li>Unique Diamond Edge block pattern for shorter, cleaner braking distances</li>\n<li>Noise Breakers embedded within the tread grooves diminishing sound for a quiet ride</li>\n<li>Low noise levels</li>\n<li>Smooth and comfortable ride</li>\n<li>Tight grip</li>\n</ul>",,,taxable,,1,,,0,0,,,,,0,,,199.90,Tyres,2255519,,https://www.tiromobiletyres.com.au/wp-content/uploads/2026/01/ULTRACONTACT-UC6-SUV-img.jpg,,,,,,,,,0,CONTINENTAL,"Product IP",03593090000,1,1,"Tyre Type",SUV,1,1,Pattern,"ULTRACONTACT UC6 SUV",1,1,Size,"225/55R19 99V",1,1,Width,225,1,1,Profile,55,1,1,Diameter,19,1,1,"Load Index",99,1,1,"Speed Rating",V,1,1,,,,,,,,,,,,,"ULTRACONTACT UC6 SUV","225/55R19 99V",,synced,1787541037,sync-and-show,approved,,,,,,,,,,,,,
789,simple,,,"GENERAL GRABBER HT6 - 449210",1,0,visible,,,,,taxable,,1,,,0,0,,,,,0,,,209.49,"Highway Terrain, Tyres","2255519, H/T",,https://www.tiromobiletyres.com.au/wp-content/uploads/2026/02/GENERAL-GRABBER-HT6-img.jpg,,,,,,,,,0,GENERAL,"Product IP",449210,1,1,"Tyre Type",SUV,1,1,Pattern,"GRABBER HT6",1,1,Size,"225/55R19 99V",1,1,Width,225,1,1,Profile,55,1,1,Diameter,19,1,1,"Load Index",99,1,1,"Speed Rating",V,1,1,,,,,,,,,,,,,"GRABBER HT6","225/55R19 99V",,has-errors,1785374722,sync-and-show,approved,,,,,,,,,,,,,4d6f2f94c74490d79011871fd05dd649
791,simple,,,"PIRELLI SCORPION VERDE ALL SEASON - 2862200",1,0,visible,,"'\nScorpion Verde All Season is a Pirelli’s Green Performance Crossover & SUV tyre that takes full advantage of the most modern resources, structures and tread patterns to guarantee savings, respect to the environment, comfort and safety on all road surfaces. The lateral stability and the traction on wet and light snow, ensure all season performances. Scorpion Verde™ All Season features the M+S marking engraved on the sidewall.\n\nThe ideal choice for Crossovers and SUVs. It is conceived for drivers who look for higher mileage and light off-road performances, without giving up comfort and safety on all road surfaces and in every conditions.\n\nOptimized pitch sequence and phasing: lower internal noise.\n\n<strong>Optimized profile and innovative  materials:</strong> reduced fuel consumption and CO2 emissions.\n\n<strong>Dedicated shoulder profile:</strong> improved stability also for large SUVs.\n\n<strong>Balanced silica ratio tread compound:</strong>  high mileage and stable performance. Innovative compound with special polymers: wet performance.",,,taxable,,1,,,0,0,,,,,0,,,250.58,Tyres,2255519,,https://www.tiromobiletyres.com.au/wp-content/uploads/2026/01/PIRELLI-SCORPION-VERDE-img.jpg,,,,,,,,,0,PIRELLI,"Product IP",2862200,1,1,"Tyre Type",SUV,1,1,Pattern,"SCORPION VERDE ALL SEASON",1,1,Size,"225/55R19 99V",1,1,Width,225,1,1,Profile,55,1,1,Diameter,19,1,1,"Load Index",99,1,1,"Speed Rating",V,1,1,,,,,,,,,,,,,"SCORPION VERDE ALL SEASON","225/55R19 99V",,synced,1787541037,sync-and-show,approved,,,,,,,,,,,,,
792,simple,,,"ZETA ALVENTI - ZETAMS03.102.02",1,0,visible,,"New designed Asymmetric tread pattern , enhanced UHP tyre block stiffness for heavy loads, and ensure vehicle has been controlled perfect under any road conditions.\n\n<strong>KEY FEATURES:</strong>\n<ul>\n<li>Optimized pitch variance design & tread formula with high silica rubber reduces noise, innovative grip, improved mileage as well.</li>\n<li>4 straight grooves provide excellent smooth water dispersion and high levels of wet handling.</li>\n<li>Three solid longitudinal ribs improved braking and linear stability during high speed.</li>\n</ul>",,,taxable,,1,,,0,0,,,,,1,,,199.01,Tyres,"2554018, Runflat",,https://www.tiromobiletyres.com.au/wp-content/uploads/2025/10/Zeta-Alventi-img.jpg,,,,,,,,,0,ZETA,"Product IP",ZETAMS03.102.02,1,1,"Tyre Type",RUNFLAT,1,1,Pattern,ALVENTI,1,1,Size,"255/40ZR18 95W",1,1,Width,255,1,1,Profile,40,1,1,Diameter,18,1,1,"Load Index",95,1,1,"Speed Rating",W,1,1,,,,,,,,,,,,,ALVENTI,"255/40ZR18 95W",,synced,1787541037,sync-and-show,approved,,,,,,,,,,,,,
793,simple,,,"ZETA IMPERO - ZETAMS03.190.01",1,0,visible,,"<strong>Features:</strong>\n<ul>\n<li>The right tire for large size Sport Utility Vehicles and large diameter wheel applications.</li>\n<li>4 wide longitudinal grooves improve drainage and wet weather performance.</li>\n<li>Anti-Hydroplaning lateral grooves offer excellent wet performance.</li>\n<li>3 center block provide straight driving stability.</li>\n<li>Optimized shoulder blocks maximize grip during cornering, and provide a smooth quiet ride.</li>\n</ul>",,,taxable,,1,,,0,0,,,,,0,,,155.01,Tyres,2355019,,https://www.tiromobiletyres.com.au/wp-content/uploads/2026/01/ZETA-IMPERO-img.jpg,,,,,,,,,0,ZETA,"Product IP",ZETAMS03.190.01,1,1,Pattern,IMPERO,1,1,Size,"235/50R19 103W",1,1,Width,235,1,1,Profile,50,1,1,Diameter,19,1,1,"Load Index",103,1,1,"Speed Rating",W,1,1,,,,,,,,,,,,,,,,,IMPERO,"235/50R19 103W",,synced,1787541037,sync-and-show,approved,,,,,,,,,,,,,
794,simple,,,"CONTINENTAL PREMIUMCONTACT C - 03137240008",1,0,visible,,,,,taxable,,1,,,0,0,,,,,0,,,179.00,Tyres,2355019,,https://www.tiromobiletyres.com.au/wp-content/uploads/2026/02/CONTINENTAL-PREMIUMCONTACT-C-img.jpg,,,,,,,,,0,CONTINENTAL,"Product IP",03137240008,1,1,"Tyre Type",SUV,1,1,Pattern,"PREMIUMCONTACT C",1,1,Size,"235/50R19 99V",1,1,Width,235,1,1,Profile,50,1,1,Diameter,19,1,1,"Load Index",99,1,1,"Speed Rating",V,1,1,,,,,,,,,,,,,"PREMIUMCONTACT C","235/50R19 99V",,has-errors,1785374722,sync-and-show,approved,,,,,,,,,,,,,bf31245c4fe437e63e82eed3fcb8bd43
796,simple,,,"CONTINENTAL CONTIECOCONTACT 6Q - 0311686000",1,0,visible,,"EcoContact™ 6\nThe next standard enhanced by German technology.\n  \nWe bring high-tech to your car.\n \nMaximum fuel efficiency thanks to improved component geometry and efficient silica distribution\nEnhanced mileage due to new Green Chili™ 2.0 compound\nOptimised grip and handling experience",,,taxable,,1,,,0,0,,,,,0,,,199.01,Tyres,2355019,,https://www.tiromobiletyres.com.au/wp-content/uploads/2026/02/CONTINENTAL-CONTIECOCONTACT-6Q-img.jpg,,,,,,,,,0,CONTINENTAL,"Product IP",0311686000,1,1,"Tyre Type",SUV,1,1,Pattern,"CONTIECOCONTACT 6Q",1,1,Size,"235/50R19 99V",1,1,Width,235,1,1,Profile,50,1,1,Diameter,19,1,1,"Load Index",99,1,1,"Speed Rating",V,1,1,,,,,,,,,,,,,"CONTIECOCONTACT 6Q","235/50R19 99V",,synced,1787541037,sync-and-show,approved,,,,,,,,,,,,,
798,simple,,,"CONTINENTAL ECOCONTACT 6 - 358716",1,0,visible,,"EcoContact™ 6\nThe next standard enhanced by German technology.\n  \nWe bring high-tech to your car.\n\nMaximum fuel efficiency thanks to improved component geometry and efficient silica distribution\nEnhanced mileage due to new Green Chili™ 2.0 compound\nOptimised grip and handling experience",,,taxable,,1,,,0,0,,,,,0,,,215.00,Tyres,2355019,,https://www.tiromobiletyres.com.au/wp-content/uploads/2026/02/CONTINENTAL-CONTIECOCONTACT-6Q-img.jpg,,,,,,,,,0,CONTINENTAL,"Product IP",358716,1,1,"Tyre Type",SUV,1,1,Pattern,"ECOCONTACT 6",1,1,Size,"235/50R19 99W",1,1,Width,235,1,1,Profile,50,1,1,Diameter,19,1,1,"Load Index",99,1,1,"Speed Rating",W,1,1,,,,,,,,,,,,,"ECOCONTACT 6","235/50R19 99W",,synced,1787541037,sync-and-show,approved,,,,,,,,,,,,,
799,simple,,,"ZETA IMPERO - ZETAMS03.095.02",1,0,visible,,"<strong>Features:</strong>\n<ul>\n<li>The right tire for large size Sport Utility Vehicles and large diameter wheel applications.</li>\n<li>4 wide longitudinal grooves improve drainage and wet weather performance.</li>\n<li>Anti-Hydroplaning lateral grooves offer excellent wet performance.</li>\n<li>3 center block provide straight driving stability.</li>\n<li>Optimized shoulder blocks maximize grip during cornering, and provide a smooth quiet ride.</li>\n</ul>",,,taxable,,1,,,0,0,,,,,0,,,155.01,Tyres,2355519,,https://www.tiromobiletyres.com.au/wp-content/uploads/2026/01/ZETA-IMPERO-img.jpg,,,,,,,,,0,ZETA,"Product IP",ZETAMS03.095.02,1,1,"Tyre Type",UHP,1,1,Pattern,IMPERO,1,1,Size,"235/55R19 105W",1,1,Width,235,1,1,Profile,55,1,1,Diameter,19,1,1,"Load Index",105,1,1,"Speed Rating",W,1,1,,,,,,,,,,,,,IMPERO,"235/55R19 105W",,synced,1787541037,sync-and-show,approved,,,,,,,,,,,,,
800,simple,,,"GOODYEAR EAGLE F1 ASYMMETRIC 3 SUV - 547591",1,0,visible,,"A light, steady ultra high-performance tyre that delivers shorter braking distances in rainy or dry conditions.\n\n<strong>Features:</strong>\n<ul>\n<li><strong>Active Braking Technology</strong> Delivers shorter braking distances on dry & wet roads</li>\n<li><strong>Grip Booster Technology</strong> Provides excellent grip for enhanced braking and handling</li>\n<li><strong>Optimised construction technology</strong> Provides stable handling at higher speeds</li>\n</ul>",,,taxable,,1,,,0,0,,,,,0,,,179.00,Tyres,2355519,,https://www.tiromobiletyres.com.au/wp-content/uploads/2026/02/GOODYEAR-EAGLE-F1-img.jpg,,,,,,,,,0,GOODYEAR,"Product IP",547591,1,1,"Tyre Type","4X4, SUV",1,1,Pattern,"EAGLE F1 ASYMMETRIC 3 SUV",1,1,Size,"235/55R19 105V",1,1,Width,235,1,1,Profile,55,1,1,Diameter,19,1,1,"Load Index",105,1,1,"Speed Rating",V,1,1,,,,,,,,,,,,,"EAGLE F1 ASYMMETRIC 3 SUV","235/55R19 105V",,synced,1787541037,sync-and-show,approved,,,,,,,,,,,,,
802,simple,,,"NEXEN N-FERA SU1 - 13052NXK",1,0,visible,,"<strong>Features:</strong>\nExcellent dry and wet traction are supported by optimum split surface siping. By increasing shoulder block stiffness, pressure distributes evenly and ensures maximum cornering performance.\n\n<ul>\n<li>4 wide longitudinal grooves – Improved drainage performance.</li>\n<li>Lateral grooves in pattern shoulder – Excellent performance and handling on wet surfaces.</li>\n<li>3 centre blocks – Excellent stability for directional & straight driving.</li>\n<li>Optimised shoulder block – Maximum grip during cornering.</li>\n<li>ULTRA HIGH PERFORMANCE</li>\n</ul>\n",,,taxable,,1,,,0,0,,,,,0,,,187.86,Tyres,2355519,,https://www.tiromobiletyres.com.au/wp-content/uploads/2025/12/NEXEN-NFERA-SU1-img.jpg,,,,,,,,,0,NEXEN,"Product IP",13052NXK,1,1,"Tyre Type",UHP,1,1,Pattern,"NFERA SU1",1,1,Size,"235/55R19 105W",1,1,Width,235,1,1,Profile,55,1,1,Diameter,19,1,1,"Load Index",105,1,1,"Speed Rating",W,1,1,,,,,,,,,,,,,"NFERA SU1","235/55R19 105W",,synced,1787541037,sync-and-show,approved,,,,,,,,,,,,,
803,simple,,,"NEXEN RODIAN GTX - 16583NXK",1,0,visible,,,,,taxable,,1,,,0,0,,,,,0,,,195.41,Tyres,2355519,,https://www.tiromobiletyres.com.au/wp-content/uploads/2026/01/NEXEN-RODIAN-GTX-img.jpg,,,,,,,,,0,NEXEN,"Product IP",16583NXK,1,1,"Tyre Type",SUV,1,1,Pattern,"RODIAN GTX",1,1,Size,"235/55R19 101H",1,1,Width,235,1,1,Profile,55,1,1,Diameter,19,1,1,"Load Index",101,1,1,"Speed Rating",H,1,1,,,,,,,,,,,,,"RODIAN GTX","235/55R19 101H",,has-errors,1785374722,sync-and-show,,,,,,,,,,,,,,f6818b8a98fc467c3238e1138c147ebc
804,simple,,,"ZETA IMPERO - ZETAMS03.193.01",1,0,visible,,"<strong>Features:</strong>\n<ul>\n<li>The right tire for large size Sport Utility Vehicles and large diameter wheel applications.</li>\n<li>4 wide longitudinal grooves improve drainage and wet weather performance.</li>\n<li>Anti-Hydroplaning lateral grooves offer excellent wet performance.</li>\n<li>3 center block provide straight driving stability.</li>\n<li>Optimized shoulder blocks maximize grip during cornering, and provide a smooth quiet ride.</li>\n</ul>",,,taxable,,1,,,0,0,,,,,0,,,165.63,Tyres,2455519,,https://www.tiromobiletyres.com.au/wp-content/uploads/2026/01/ZETA-IMPERO-img.jpg,,,,,,,,,0,ZETA,"Product IP",ZETAMS03.193.01,1,1,"Tyre Type",SUV,1,1,Pattern,IMPERO,1,1,Size,"245/55ZR19 103W",1,1,Width,245,1,1,Profile,55,1,1,Diameter,19,1,1,"Load Index",103,1,1,"Speed Rating",W,1,1,,,,,,,,,,,,,IMPERO,"245/55ZR19 103W",,synced,1787541037,sync-and-show,approved,,,,,,,,,,,,,
805,simple,,,"GENERAL GRABBER HT6 - 0311819",1,0,visible,,,,,taxable,,1,,,0,0,,,,,0,,,185.00,"Highway Terrain, Tyres","2455519, H/T",,https://www.tiromobiletyres.com.au/wp-content/uploads/2026/02/GENERAL-GRABBER-HT6-img.jpg,,,,,,,,,0,GENERAL,"Product IP",0311819,1,1,"Tyre Type",SUV,1,1,Pattern,"GRABBER HT6",1,1,Size,"245/55R19 103V",1,1,Width,245,1,1,Profile,55,1,1,Diameter,19,1,1,"Load Index",103,1,1,"Speed Rating",V,1,1,,,,,,,,,,,,,"GRABBER HT6","245/55R19 103V",,has-errors,1785374722,sync-and-show,approved,,,,,,,,,,,,,2cc3352626c378ec75a7d0cb7c90dd3a
806,simple,,,"NEXEN ROADIAN GTX - 17047NXK",1,0,visible,,,,,taxable,,1,,,0,0,,,,,1,,,187.82,Tyres,2455519,,https://www.tiromobiletyres.com.au/wp-content/uploads/2026/01/NEXEN-RODIAN-GTX-img.jpg,,,,,,,,,0,NEXEN,"Product IP",17047NXK,1,1,"Tyre Type",SUV,1,1,Pattern,"RODIAN GTX",1,1,Size,"245/55R19 103V",1,1,Width,245,1,1,Profile,55,1,1,Diameter,19,1,1,"Load Index",103,1,1,"Speed Rating",V,1,1,,,,,,,,,,,,,"RODIAN GTX","245/55R19 103V",,has-errors,1785374722,sync-and-show,,,,,,,,,,,,,,72823cf5143783283c79ab483ababce1
807,simple,,,"GENERAL GRABBER HT6 - 04492130000",1,0,visible,,,,,taxable,,1,,,0,0,,,,,0,,,204.59,"Highway Terrain, Tyres","2455519, H/T",,https://www.tiromobiletyres.com.au/wp-content/uploads/2026/02/GENERAL-GRABBER-HT6-img.jpg,,,,,,,,,0,GENERAL,"Product IP",04492130000,1,1,"Tyre Type",SUV,1,1,Pattern,"GRABBER HT6",1,1,Size,"245/55R19 103V",1,1,Width,245,1,1,Profile,55,1,1,Diameter,19,1,1,"Load Index",103,1,1,"Speed Rating",V,1,1,,,,,,,,,,,,,"GRABBER HT6","245/55R19 103V",,has-errors,1785374722,sync-and-show,approved,,,,,,,,,,,,,21053eb16d00d737936860404eef4c05
808,simple,,,"ZETA IMPERO - ZETAMS03.096.02",1,0,visible,,"<strong>Features:</strong>\n<ul>\n<li>The right tire for large size Sport Utility Vehicles and large diameter wheel applications.</li>\n<li>4 wide longitudinal grooves improve drainage and wet weather performance.</li>\n<li>Anti-Hydroplaning lateral grooves offer excellent wet performance.</li>\n<li>3 center block provide straight driving stability.</li>\n<li>Optimized shoulder blocks maximize grip during cornering, and provide a smooth quiet ride.</li>\n</ul>",,,taxable,,1,,,0,0,,,,,0,,,159.00,Tyres,2555519,,https://www.tiromobiletyres.com.au/wp-content/uploads/2026/01/ZETA-IMPERO-img.jpg,,,,,,,,,0,ZETA,"Product IP",ZETAMS03.096.02,1,1,"Tyre Type",UHP,1,1,Pattern,IMPERO,1,1,Size,"255/55R19 111V",1,1,Width,255,1,1,Profile,55,1,1,Diameter,19,1,1,"Load Index",111,1,1,"Speed Rating",V,1,1,,,,,,,,,,,,,IMPERO,"255/55R19 111V",,synced,1787541037,sync-and-show,approved,,,,,,,,,,,,,
809,simple,,,"OPALS FH-18 - 2555519FH18",1,0,visible,,,,,taxable,,1,,,0,0,,,,,0,,,175.00,Tyres,2555519,,https://www.tiromobiletyres.com.au/wp-content/uploads/2025/12/image-coming-soon.jpg,,,,,,,,,0,OPALS,"Product IP",2555519FH18,1,1,"Tyre Type",UHP,1,1,Pattern,FH-18,1,1,Size,"255/55R19 111V",1,1,Width,255,1,1,Profile,55,1,1,Diameter,19,1,1,"Load Index",111,1,1,"Speed Rating",V,1,1,,,,,,,,,,,,,FH-18,"255/55R19 111V",,has-errors,1785374725,sync-and-show,approved,,,,,,,,,,,,,5d51b3bdd87a94ec6415db36f221da35
810,simple,,,"ZETA IMPERO - ZETAMS03.098.02",1,0,visible,,"<strong>Features:</strong>\n<ul>\n<li>The right tire for large size Sport Utility Vehicles and large diameter wheel applications.</li>\n<li>4 wide longitudinal grooves improve drainage and wet weather performance.</li>\n<li>Anti-Hydroplaning lateral grooves offer excellent wet performance.</li>\n<li>3 center block provide straight driving stability.</li>\n<li>Optimized shoulder blocks maximize grip during cornering, and provide a smooth quiet ride.</li>\n</ul>",,,taxable,,1,,,0,0,,,,,0,,,163.09,Tyres,2555019,,https://www.tiromobiletyres.com.au/wp-content/uploads/2026/01/ZETA-IMPERO-img.jpg,,,,,,,,,0,ZETA,"Product IP",ZETAMS03.098.02,1,1,"Tyre Type",UHP,1,1,Pattern,IMPERO,1,1,Size,"255/50R19 103W",1,1,Width,255,1,1,Profile,50,1,1,Diameter,19,1,1,"Load Index",103,1,1,"Speed Rating",W,1,1,,,,,,,,,,,,,IMPERO,"255/50R19 103W",,synced,1787541037,sync-and-show,approved,,,,,,,,,,,,,
811,simple,,,"CONTINENTAL CONTIECOCONTACT 6Q - 03132150007",1,0,visible,,"EcoContact™ 6\nThe next standard enhanced by German technology.\n  \nWe bring high-tech to your car.\n \nMaximum fuel efficiency thanks to improved component geometry and efficient silica distribution\nEnhanced mileage due to new Green Chili™ 2.0 compound\nOptimised grip and handling experience",,,taxable,,1,,,0,0,,,,,0,,,209.00,Tyres,2555019,,https://www.tiromobiletyres.com.au/wp-content/uploads/2026/02/CONTINENTAL-CONTIECOCONTACT-6Q-img.jpg,,,,,,,,,0,CONTINENTAL,"Product IP",03132150007,1,1,"Tyre Type",SUV,1,1,Pattern,"CONTIECOCONTACT 6Q",1,1,Size,"255/50R19 107H",1,1,Width,255,1,1,Profile,50,1,1,Diameter,19,1,1,"Load Index",107,1,1,"Speed Rating",H,1,1,,,,,,,,,,,,,"CONTIECOCONTACT 6Q","255/50R19 107H",,synced,1787541037,sync-and-show,approved,,,,,,,,,,,,,
812,simple,,,"HANKOOK DYNAPRO HP2 RA33 - 1014133",1,0,visible,,"<strong>Features:</strong>\nHigh-performance tyre for luxury SUVs\nA high-performance tyre for premium SUVs. The Dynapro HP2 meets all the conditions required for premium SUVs including excellent wet performance, low noise, rolling resistance and excellent mileage.\n\nStraight 4-channel waterway\nResists hydroplaning & aquaplaning performance up.\n\nHigh stiffness centre rib\nStiff centre tread blocks provide precise steering.\n\nSilencer sipes\nPrevents harmonic tread pattern sound.\n\nAqua slant sipes & groove\nRadial direction sipes provide improved handling in wet and dry conditions by locking together for greater rigidity. Lateral grooves provide resistance to hydroplaning.\n\nTyre Structure\nHigh loading silica compound\nDry/wet traction is improved and rolling resistance is lowered.\n\nJointless full cover reinforced belt\nIdeal tread strength.\n\nWide 2 steel belt layer\nBetter dry/wet handling.\n\nHigh density polyester carcass\nBetter steering & handling response.\n\nStrong single strand bead wire\nBetter steering and handling response.",,,taxable,,1,,,0,0,,,,,1,,,218.04,"All Terrian, Tyres","2456018, A/T",,https://www.tiromobiletyres.com.au/wp-content/uploads/2026/01/HANKOOK-DYNAPRO-HP2-img.jpg,,,,,,,,,0,HANKOOK,"Product IP",1014133,1,1,"Tyre Type",SUV,1,1,Pattern,"DYNAPRO HP2 RA33",1,1,Size,"245/60R18 105H",1,1,Width,245,1,1,Profile,60,1,1,Diameter,18,1,1,"Load Index",105,1,1,"Speed Rating",H,1,1,,,,,,,,,,,,,"DYNAPRO HP2 RA33","245/60R18 105H",,synced,1787541037,sync-and-show,approved,,,,,,,,,,,,,
813,simple,,,"HANKOOK DYNAPRO HPX RA43 - 1030866",1,0,visible,,,,,taxable,,1,,,0,0,,,,,1,,,225.00,Tyres,2555019,,https://www.tiromobiletyres.com.au/wp-content/uploads/2026/02/HANKOOK-HPX-RA43-img1.jpg,,,,,,,,,0,HANKOOK,"Product IP",1030866,1,1,"Tyre Type","4X4, SUV, UHP",1,1,Pattern,"DYNAPRO HPX RA43",1,1,Size,"255/50R19 107H",1,1,Width,255,1,1,Profile,50,1,1,Diameter,19,1,1,"Load Index",107,1,1,"Speed Rating",H,1,1,,,,,,,,,,,,,"DYNAPRO HPX RA43","255/50R19 107H",,has-errors,1785374725,sync-and-show,approved,,,,,,,,,,,,,83440984f597e2341769f7a473eca764
815,simple,,,"CONTINENTAL TECHCONTACT TC6 - 312484",1,0,visible,,,,,taxable,,1,,,0,0,,,,,1,,,235.00,Tyres,2555019,,https://www.tiromobiletyres.com.au/wp-content/uploads/2025/12/CONTINENTAL-TECHCONTACT-TC6-img.jpg,,,,,,,,,0,CONTINENTAL,"Product IP",312484,1,1,"Tyre Type",SUV,1,1,Pattern,"TECHCONTACT TC6 SUV",1,1,Size,"XL 255/50R19 107W",1,1,Width,255,1,1,Profile,50,1,1,Diameter,19,1,1,"Load Index",107,1,1,"Speed Rating",W,1,1,,,,,,,,,,,,,"TECHCONTACT TC6 SUV","XL 255/50R19 107W",,has-errors,1785374725,sync-and-show,approved,,,,,,,,,,,,,41f4cbcd6d6143028e28655f075f86ed
816,simple,,,"SUMAXX ALL TERRAIN - SNMAXX-013",1,0,visible,,,,,taxable,,1,,,0,0,,,,,0,,,195.00,"All Terrian","2555519, A/T",,https://www.tiromobiletyres.com.au/wp-content/uploads/2026/02/SUMAXX-ALL-TERRAIN-img1.jpg,,,,,,,,,0,SUMAXX,"Product IP",SNMAXX-013,1,1,"Tyre Type",4X4,1,1,Pattern,"ALL TERRAIN",1,1,Size,"255/55R19 115/112S",1,1,Width,255,1,1,Profile,55,1,1,Diameter,19,1,1,"Load Index",115/112,1,1,"Speed Rating",S,1,1,,,,,,,,,,,,,"ALL TERRAIN","255/55R19 115/112S",,has-errors,1785374725,sync-and-show,approved,,,,,,,,,,,,,12e32fe7db1aee147cc044937c4502e6
817,simple,,,"GENERAL GRABBER HT6 - 449215",1,0,visible,,,,,taxable,,1,,,0,0,,,,,0,,,246.16,"Highway Terrain, Tyres","2555519, H/T",,https://www.tiromobiletyres.com.au/wp-content/uploads/2026/02/GENERAL-GRABBER-HT6-img.jpg,,,,,,,,,0,GENERAL,"Product IP",449215,1,1,"Tyre Type",SUV,1,1,Pattern,"GRABBER HT6",1,1,Size,"255/55R19 111V",1,1,Width,255,1,1,Profile,55,1,1,Diameter,19,1,1,"Load Index",111,1,1,"Speed Rating",V,1,1,,,,,,,,,,,,,"GRABBER HT6","255/55R19 111V",,has-errors,1785374725,sync-and-show,,,,,,,,,,,,,,1670d5a3c67cbe95d56301f863b0c820
819,simple,,,"ZETA IMPERO - ZTAMST03.181.01",1,0,visible,,"<strong>Features:</strong>\n<ul>\n<li>The right tire for large size Sport Utility Vehicles and large diameter wheel applications.</li>\n<li>4 wide longitudinal grooves improve drainage and wet weather performance.</li>\n<li>Anti-Hydroplaning lateral grooves offer excellent wet performance.</li>\n<li>3 center block provide straight driving stability.</li>\n<li>Optimized shoulder blocks maximize grip during cornering, and provide a smooth quiet ride.</li>\n</ul>",,,taxable,,1,,,0,0,,,,,0,,,159.00,Tyres,2655019,,https://www.tiromobiletyres.com.au/wp-content/uploads/2026/01/ZETA-IMPERO-img.jpg,,,,,,,,,0,ZETA,"Product IP",ZTAMST03.181.01,1,1,"Tyre Type",UHP,1,1,Pattern,IMPERO,1,1,Size,"265/50R19 110Y",1,1,Width,265,1,1,Profile,50,1,1,Diameter,19,1,1,"Load Index",110,1,1,"Speed Rating",Y,1,1,,,,,,,,,,,,,IMPERO,"265/50R19 110Y",,synced,1787541301,sync-and-show,approved,,,,,,,,,,,,,
820,simple,,,"HANKOOK VENTUS S1 EVO3 SUV K127C - 1020904",1,0,visible,,,,,taxable,,1,,,0,0,,,,,0,,,338.13,Tyres,"2655019, Runflat",,https://www.tiromobiletyres.com.au/wp-content/uploads/2026/02/HANKOOK-VENTUS-S1-EVO3-–-1019631-1.jpg,,,,,,,,,0,HANKOOK,"Product IP",1020904,1,1,"Tyre Type","4X4, SUV, UHP",1,1,Pattern,"VENTUS S1 EVO3 SUV K127C",1,1,Size,"265/50R19 110W",1,1,Width,265,1,1,Profile,50,1,1,Diameter,19,1,1,"Load Index",110,1,1,"Speed Rating",W,1,1,,,,,,,,,,,,,"VENTUS S1 EVO3 SUV K127C","265/50R19 110W",,has-errors,1785374725,sync-and-show,approved,,,,,,,,,,,,,e3ce41100181aee9069b6a06efec8256
821,simple,,,"PIRELLI SCORPION VERDE ALL SEASON - 2283400",1,0,visible,,"'\nScorpion Verde All Season is a Pirelli’s Green Performance Crossover & SUV tyre that takes full advantage of the most modern resources, structures and tread patterns to guarantee savings, respect to the environment, comfort and safety on all road surfaces. The lateral stability and the traction on wet and light snow, ensure all season performances. Scorpion Verde™ All Season features the M+S marking engraved on the sidewall.\n\nThe ideal choice for Crossovers and SUVs. It is conceived for drivers who look for higher mileage and light off-road performances, without giving up comfort and safety on all road surfaces and in every conditions.\n\n<strong>Optimized pitch sequence and phasing:</strong> lower internal noise.\n\n<strong>Optimized profile and innovative  materials:</strong> reduced fuel consumption and CO2 emissions.\n\n<strong>Dedicated shoulder profile:</strong> improved stability also for large SUVs.\n\n<strong>Balanced silica ratio tread compound:</strong>  high mileage and stable performance. Innovative compound with special polymers: wet performance.",,,taxable,,1,,,0,0,,,,,0,,,373.01,Tyres,2655019,,https://www.tiromobiletyres.com.au/wp-content/uploads/2026/01/PIRELLI-SCORPION-VERDE-img.jpg,,,,,,,,,0,PIRELLI,"Product IP",2283400,1,1,"Tyre Type",SUV,1,1,Pattern,"SCORPION VERDE ALL SEASON",1,1,Size,"265/50R19 110V",1,1,Width,265,1,1,Profile,50,1,1,Diameter,19,1,1,"Load Index",110,1,1,"Speed Rating",V,1,1,,,,,,,,,,,,,"SCORPION VERDE ALL SEASON","265/50R19 110V",,synced,1787541301,sync-and-show,approved,,,,,,,,,,,,,
822,simple,,,"PIRELLI P ZERO - 1804000",1,0,visible,,"Car | SUV | Summer | Sporty\n\n<strong>THE PERFECT FIT</strong>\nP ZERO is the unique Ultra High Performance product combining Pirelli’s knowledge gained from competitive Motorsport and from Pirelli's alliance with the top car manufacturers, granting the perfect fit for the performance of each car.\n\nP ZERO is the unique Ultra High Performance product combining Pirelli's knowledge gained from competitive Motorsport with Pirelli's alliance with the top car manufacturers, granting the perfect fit for the performance of each car. New P ZERO™ has a range developed with the most prestigious OEMs that is able to meet any customisation needs in terms of size, technology and seasonality.  \n\n<strong>KEY FEATURES:</strong>\nA reference point for the Ultra High Performance segment, it is characterised by an asymmetric tread pattern. Ideal for all top of the range sports and high-powered cars, it can also be considered for powerful mid-range vehicles.\n\nA milestone in the development of the Pirelli range, P ZERO has been chosen as original equipment for the most performance orientated and powerful models on the market. Its asymmetric tread pattern improves braking performance and enhances handling and control. Excellent in wet conditions with improved safety in potential aquaplaning situations.\n\nIts new nano-composite compound ensures maximum grip and stability. The structural integrity of the tyre improves steering response, which is essential in sports driving, and also ensures uniform tread wear. \n\nThe special grooves in the tread area deliver lower cabin noise levels, enhancing driver comfort.",,,taxable,,1,,,0,0,,,,,0,,,435.00,Tyres,2655019,,https://www.tiromobiletyres.com.au/wp-content/uploads/2026/02/PIRELLI-P-ZERO-img.jpg,,,,,,,,,0,PIRELLI,"Product IP",1804000,1,1,"Tyre Type",SUV,1,1,Pattern,"P ZERO",1,1,Size,"265/50R19 110Y",1,1,Width,265,1,1,Profile,50,1,1,Diameter,19,1,1,"Load Index",110,1,1,"Speed Rating",Y,1,1,,,,,,,,,,,,,"P ZERO","265/50R19 110Y",,synced,1787541301,sync-and-show,approved,,,,,,,,,,,,,
824,simple,,,"CONTINENTAL CROSSCONTACT RX - 359495",1,0,visible,,,,,taxable,,1,,,0,0,,,,,0,,,209.00,Tyres,2655519,,https://www.tiromobiletyres.com.au/wp-content/uploads/2026/01/CONTINENTAL-CROSSCONTACT-RX-img.jpg,,,,,,,,,0,CONTINENTAL,"Product IP",359495,1,1,"Tyre Type",SUV,1,1,Pattern,"CROSSCONTACT RX",1,1,Size,"265/55R19 109H",1,1,Width,265,1,1,Profile,55,1,1,Diameter,19,1,1,"Load Index",109,1,1,"Speed Rating",H,1,1,,,,,,,,,,,,,"CROSSCONTACT RX","265/55R19 109H",,has-errors,1785374725,sync-and-show,approved,,,,,,,,,,,,,0b278cad9dd91933a66a30d13e78e309
825,simple,,,"PIRELLI SCORPION ALL TERRAIN PLUS - 4576600",1,0,visible,,"The new Scorpion™ All Terrain Plus is designed to deliver high off-road performance even on difficult surfaces: rocks, snow, mud, grass and sand. The new aggressive tread pattern design and its robust carcass make the new Scorpion™ All Terrain Plus the perfect choice to ride for long distances without any compromise in safety and comfort on road. Thanks to its specifically designed tread pattern it is able to evacuate water, mud, and stones. The sipes inserted inside the tread blocks deliver high level of grip on slippery surfaces.\n\nThe new Scorpion™ All Terrain Plus is suitable also on tough off-road conditions, thanks to its reinforced sidewall and the shape and dimensions of its blocks. The new Scorpion™ All Terrain Plus can also count on the three peaks mountain snowflake and the M+S marking.\n",,,taxable,,1,,,0,0,,,,,0,,,406.00,"All Terrian, Tyres","2655519, A/T",,https://www.tiromobiletyres.com.au/wp-content/uploads/2026/02/PIRELLI-SCORPION-ALL-TERRAIN-PLUS-img.jpg,,,,,,,,,0,PIRELLI,"Product IP",4576600,1,1,"Tyre Type","CAR, SUV",1,1,Pattern,"SCORPION ALL TERRAIN PLUS",1,1,Size,"265/55R19 113V",1,1,Width,265,1,1,Profile,55,1,1,Diameter,19,1,1,"Load Index",113,1,1,"Speed Rating",V,1,1,,,,,,,,,,,,,"SCORPION ALL TERRAIN PLUS","265/55R19 113V",,synced,1787541301,sync-and-show,approved,,,,,,,,,,,,,
827,simple,,,"PIRELLI SCORPION ZERO ALL SEASON - 3373500",1,0,visible,,"The Scorpion Zero All Season has been chosen by the best car makers to equip their SUV’s.",,,taxable,,1,,,0,0,,,,,0,,,415.00,"All Terrian, Tyres",2655519,,https://www.tiromobiletyres.com.au/wp-content/uploads/2026/02/PIRELLI-SCORPION-ZERO-ALL-SEASON-img.jpg,,,,,,,,,0,PIRELLI,"Product IP",3373500,1,1,"Tyre Type","SUV H",1,1,Pattern,"SCORPION ZERO ALL SEASON",1,1,Size,"265/55R19 109W",1,1,Width,265,1,1,Profile,55,1,1,Diameter,19,1,1,"Load Index",109,1,1,"Speed Rating",W,1,1,,,,,,,,,,,,,"SCORPION ZERO ALL SEASON","265/55R19 109W",,synced,1787541301,sync-and-show,approved,,,,,,,,,,,,,
828,simple,,,"ZETA ALVENTI - ZTAMS038",1,0,visible,,"New designed Asymmetric tread pattern , enhanced UHP tyre block stiffness for heavy loads, and ensure vehicle has been controlled perfect under any road conditions.\n\n<strong>KEY FEATURES:</strong>\n<ul>\n<li>Optimized pitch variance design & tread formula with high silica rubber reduces noise, innovative grip, improved mileage as well.</li>\n<li>4 straight grooves provide excellent smooth water dispersion and high levels of wet handling.</li>\n<li>Three solid longitudinal ribs improved braking and linear stability during high speed.</li>\n</ul>",,,taxable,,1,,,0,0,,,,,1,,,139.64,Tyres,2753519,,https://www.tiromobiletyres.com.au/wp-content/uploads/2025/10/Zeta-Alventi-img.jpg,,,,,,,,,0,ZETA,"Product IP",ZTAMS038,1,1,"Tyre Type",UHP,1,1,Pattern,ALVENTI,1,1,Size,"275/35R19 100Y",1,1,Width,275,1,1,Profile,35,1,1,Diameter,19,1,1,"Load Index",100,1,1,"Speed Rating",Y,1,1,,,,,,,,,,,,,ALVENTI,"275/35R19 100Y",,synced,1787541301,sync-and-show,approved,,,,,,,,,,,,,
830,simple,,,"DUNLOP GRANDTREK AT30 - AU10339967",1,0,visible,,,,,taxable,,1,,,0,0,,,,,0,,,367.44,"All Terrian, Tyres","2655519, A/T",,https://www.tiromobiletyres.com.au/wp-content/uploads/2025/12/image-coming-soon.jpg,,,,,,,,,0,DUNLOP,"Product IP",AU10339967,1,1,"Tyre Type","LT, PASSENGER",1,1,Pattern,"GRANDTREK AT30",1,1,Size,"265/55R19 109V",1,1,Width,265,1,1,Profile,55,1,1,Diameter,19,1,1,"Load Index",109,1,1,"Speed Rating",V,1,1,,,,,,,,,,,,,"GRANDTREK AT30","265/55R19 109V",,has-errors,1785374725,sync-and-show,approved,,,,,,,,,,,,,fe5927e2c41fe93dedb33af5b29f39ef
831,simple,,,"MINNELL SAFY M06 - 17441MI",1,0,visible,,,,,taxable,,1,,,0,0,,,,,1,,,119.00,Tyres,2353520,,https://www.tiromobiletyres.com.au/wp-content/uploads/2026/02/MINNELL-SAFY-M06-img.jpg,,,,,,,,,0,MINNELL,"Product IP",17441MI,1,1,"Tyre Type",PASSENGER,1,1,Pattern,"SAFY M06",1,1,Size,"235/35ZR20 92W",1,1,Width,235,1,1,Profile,35,1,1,Diameter,20,1,1,"Load Index",92,1,1,"Speed Rating",W,1,1,,,,,,,,,,,,,"SAFY M06","235/35ZR20 92W",,has-errors,1785374725,sync-and-show,approved,,,,,,,,,,,,,db6345775a2911d16b39402d3b8d1743
832,simple,,,"ARDUZZA EPOCH SPORT ES - ARDU089",1,0,visible,,,,,taxable,,1,,,0,0,,,,,1,,,145.00,Tyres,2753519,,https://www.tiromobiletyres.com.au/wp-content/uploads/2025/12/image-coming-soon.jpg,,,,,,,,,0,ARDUZZA,"Product IP",ARDU089,1,1,"Tyre Type",SUV,1,1,Pattern,"EPOCH SPORT ES",1,1,Size,"275/35/19 100XLw",1,1,Width,275,1,1,Profile,35,1,1,Diameter,19,1,1,"Load Index",100XL,1,1,"Speed Rating",W,1,1,,,,,,,,,,,,,"EPOCH SPORT ES","275/35/19 100XLw",,has-errors,1785374725,sync-and-show,approved,,,,,,,,,,,,,b452f0aff3a1a19ff8c316d33e89b8a5
834,simple,,,"ZETA ALVENTI - ZETAMS03.105.02",1,0,visible,,"New designed Asymmetric tread pattern , enhanced UHP tyre block stiffness for heavy loads, and ensure vehicle has been controlled perfect under any road conditions.\n\n<strong>KEY FEATURES:</strong>\n<ul>\n<li>Optimized pitch variance design & tread formula with high silica rubber reduces noise, innovative grip, improved mileage as well.</li>\n<li>4 straight grooves provide excellent smooth water dispersion and high levels of wet handling.</li>\n<li>Three solid longitudinal ribs improved braking and linear stability during high speed.</li>\n</ul>",,,taxable,,1,,,0,0,,,,,1,,,216.00,Tyres,"2753519, Runflat",,https://www.tiromobiletyres.com.au/wp-content/uploads/2025/10/Zeta-Alventi-img.jpg,,,,,,,,,0,ZETA,"Product IP",ZETAMS03.105.02,1,1,"Tyre Type",UHP,1,1,Pattern,ALVENTI,1,1,Size,"275/35R19 100Y",1,1,Width,275,1,1,Profile,35,1,1,Diameter,19,1,1,"Load Index",100,1,1,"Speed Rating",Y,1,1,,,,,,,,,,,,,ALVENTI,"275/35R19 100Y",,synced,1787541301,sync-and-show,approved,,,,,,,,,,,,,
835,simple,,,"PIRELLI P ZERO - 1874600",1,0,visible,,"Car | SUV | Summer | Sporty\n\n<strong>THE PERFECT FIT</strong>\nP ZERO is the unique Ultra High Performance product combining Pirelli’s knowledge gained from competitive Motorsport and from Pirelli's alliance with the top car manufacturers, granting the perfect fit for the performance of each car.\n\nP ZERO is the unique Ultra High Performance product combining Pirelli's knowledge gained from competitive Motorsport with Pirelli's alliance with the top car manufacturers, granting the perfect fit for the performance of each car. New P ZERO™ has a range developed with the most prestigious OEMs that is able to meet any customisation needs in terms of size, technology and seasonality.  \n\n<strong>KEY FEATURES:</strong>\nA reference point for the Ultra High Performance segment, it is characterised by an asymmetric tread pattern. Ideal for all top of the range sports and high-powered cars, it can also be considered for powerful mid-range vehicles.\n\nA milestone in the development of the Pirelli range, P ZERO has been chosen as original equipment for the most performance orientated and powerful models on the market. Its asymmetric tread pattern improves braking performance and enhances handling and control. Excellent in wet conditions with improved safety in potential aquaplaning situations.\n\nIts new nano-composite compound ensures maximum grip and stability. The structural integrity of the tyre improves steering response, which is essential in sports driving, and also ensures uniform tread wear. \n\nThe special grooves in the tread area deliver lower cabin noise levels, enhancing driver comfort.",,,taxable,,1,,,0,0,,,,,0,,,421.00,Tyres,2353520,,https://www.tiromobiletyres.com.au/wp-content/uploads/2026/02/PIRELLI-P-ZERO-img.jpg,,,,,,,,,0,PIRELLI,"Product IP",1874600,1,1,"Tyre Type",UHP,1,1,Pattern,"P ZERO",1,1,Size,"235/35R20 88Y",1,1,Width,235,1,1,Profile,35,1,1,Diameter,20,1,1,"Load Index",88,1,1,"Speed Rating",Y,1,1,,,,,,,,,,,,,"P ZERO","235/35R20 88Y",,synced,1787541301,sync-and-show,approved,,,,,,,,,,,,,
836,simple,,,"PIRELLI P ZERO PZ4 - 3828000",1,0,visible,,"THE PERFECT FIT...\n\nP ZERO is the unique Ultra High Performance product combining Pirelli’s knowledge gained from competitive Motorsport and from Pirelli’s alliance with the top car manufacturers, granting the perfect fit for the performance of each car.\n\nPirelli P Zero (PZ4) tyres are <strong>Max Performance Summer tyres</strong> derived from Pirelli's Formula 1 experience and developed for some of the most exclusive and highest-performing vehicles available. Initially introduced as Original Equipment on the Audi A3 and S3, Lamborghini Huracan LP 580-2 and the Porsche Boxster, Cayman and 911, the P Zero (PZ4) includes replacement tire sizes as well as original equipment fitments. Pirelli's warranty does not cover tires that develop compound cracking due to use in ambient temperatures below 45° Fahrenheit (7° Celsius), so the P Zero (PZ4), like all summer tires, is not intended to be serviced, stored nor driven in near-freezing temperatures, through snow or on ice.\n\n<strong>Pirelli Noise Cancelling System </strong>\nLimited sizes of the Pirelli P Zero (PZ4) are available with Pirelli Noise Cancelling System (PNCS), which involves the manufacturer adhering a layer of sound-absorbing foam to the inner liner of the tire to reduce cabin noise in the vehicle. These sizes are identified on the Specs page and in the search results.\n",,,taxable,,1,,,0,0,,,,,0,,,480.00,Tyres,2353520,,https://www.tiromobiletyres.com.au/wp-content/uploads/2026/02/PIRELLI-P-ZERO-PZ4-img.jpg,,,,,,,,,0,PIRELLI,"Product IP",3828000,1,1,"Tyre Type",PASSENGER,1,1,Pattern,"P ZERO PZ4",1,1,Size,"NCS Noise Cancelation 235/35R20 92Y",1,1,Width,235,1,1,Profile,35,1,1,Diameter,20,1,1,"Load Index",92,1,1,"Speed Rating",Y,1,1,,,,,,,,,,,,,"P ZERO PZ4","NCS Noise Cancelation 235/35R20 92Y",,synced,1787541302,sync-and-show,approved,,,,,,,,,,,,,
838,simple,,,"PIRELLI P ZERO PZ4 - 4448000",1,0,visible,,"THE PERFECT FIT...\n\nP ZERO is the unique Ultra High Performance product combining Pirelli’s knowledge gained from competitive Motorsport and from Pirelli’s alliance with the top car manufacturers, granting the perfect fit for the performance of each car.\n\nPirelli P Zero (PZ4) tyres are <strong>Max Performance Summer tyres</strong> derived from Pirelli's Formula 1 experience and developed for some of the most exclusive and highest-performing vehicles available. Initially introduced as Original Equipment on the Audi A3 and S3, Lamborghini Huracan LP 580-2 and the Porsche Boxster, Cayman and 911, the P Zero (PZ4) includes replacement tire sizes as well as original equipment fitments. Pirelli's warranty does not cover tires that develop compound cracking due to use in ambient temperatures below 45° Fahrenheit (7° Celsius), so the P Zero (PZ4), like all summer tires, is not intended to be serviced, stored nor driven in near-freezing temperatures, through snow or on ice.\n\n<strong>Pirelli Noise Cancelling System </strong>\nLimited sizes of the Pirelli P Zero (PZ4) are available with Pirelli Noise Cancelling System (PNCS), which involves the manufacturer adhering a layer of sound-absorbing foam to the inner liner of the tire to reduce cabin noise in the vehicle. These sizes are identified on the Specs page and in the search results.\n",,,taxable,,1,,,0,0,,,,,0,,,481.00,Tyres,2353520,,https://www.tiromobiletyres.com.au/wp-content/uploads/2026/02/PIRELLI-P-ZERO-PZ4-img.jpg,,,,,,,,,0,PIRELLI,"Product IP",4448000,1,1,"Tyre Type",CAR,1,1,Pattern,"P ZERO PZ4",1,1,Size,"ncs elt 235/35R20 92Y",1,1,Width,235,1,1,Profile,35,1,1,Diameter,20,1,1,"Load Index",92,1,1,"Speed Rating",Y,1,1,,,,,,,,,,,,,"P ZERO PZ4","ncs elt 235/35R20 92Y",,synced,1787541302,sync-and-show,approved,,,,,,,,,,,,,
840,simple,,,"CONTINENTAL CONTISPORTCONTACT 6 - 03122710007",1,0,visible,,"<strong>Features:</strong>\n<strong>Shorter braking distances in all weather conditions.</strong>\nThe new Micro Flexibility Compound ensures an optimum interlocking between tyre and road surface. This guarantees better acceleration and shorter braking distances at high and low temperatures – in wet or dry conditions.\n\n<strong>Force Vectoring for maximum control, a new era in tread pattern development.</strong>\nThe improved inner and outer tread pattern ensures best steering precision and support for lateral forces during cornering. The advanced Macro Block Design keeps you safe and in control at any manoeuvre. Stiff centre ribs and asymmetric concave longitudinal grooves greatly support overall stability.\n\n<strong>Aralon350, the new adaptive hybrid cap ply for maximum high speed up to 350 km/h.</strong>\nThe sophisticated Aralon350 technology accelerates your vehicle safely up to 350 km/h. This newly designed strong Hybrid Cap Ply provides a controlled tyre growth – even at highest speeds.\n",,,taxable,,1,,,0,0,,,,,0,,,235.00,Tyres,2655519,,https://www.tiromobiletyres.com.au/wp-content/uploads/2026/02/continental-sport-contact-6-img1.jpg,,,,,,,,,0,CONTINENTAL,"Product IP",03122710007,1,1,"Tyre Type",PASSENGER,1,1,Pattern,"CONTISPORTCONTACT 6",1,1,Size,"XL 275/35R19 100Y",1,1,Width,275,1,1,Profile,35,1,1,Diameter,19,1,1,"Load Index",100,1,1,"Speed Rating",Y,1,1,,,,,,,,,,,,,"CONTISPORTCONTACT 6","XL 275/35R19 100Y",,synced,1787541302,sync-and-show,approved,,,,,,,,,,,,,
842,simple,,,"MICHELIN PILOT SPORT 4S - 256460",1,0,visible,,"<strong>Ultra-High Performance</strong>\nGenuine Passion. Exceptional Drives. Derived from the legendary MICHELIN PILOT Super Sport, there is a new #1 in max performance summer tyres.\n\n<strong>Features:</strong>\nThe Maximum Combined Performance. - 1st in dry lap time.  - 1st in dry braking. - 1st in wet braking. \nFall in love with your car's untapped potential with the best max performance tire. Our Dynamic Response Technology continuously adapts to the road for ultra-precise steering, outstanding cornering power and remarkably good treadlife for a summer tire. And our revolutionary Multi-Compound Construction delivers unmatched levels of dry and wet grip exactly where you need it.\n\nExperience added miles of exhilarating drives with 9% better treadlife than the MICHELIN® PILOT® Super Sport.\nMICHELIN® Total Performance™ overcomes the usual tradeoff of wear for grip to deliver both incredible traction and improved tread life.\n \nPremium Design and Rim Protector.\nOur premium touch finish provides a dark velvet effect on the external sidewall, while a deep rim protector guards against light wheel damage.\n\nAcclaimed by Premium Car Manufacturers.\nHomologated by Mercedes-Benz AMG and Ferrari.\n \nMichelin always aims to bring together multiple performances.\nAt MICHELIN, we continuously push safety, durability and fuel efficiency, and even more performances, all at the same time and with no trade-offs. That’s what we mean by MICHELIN® Total Performance™, which has and will always be our difference ",,,taxable,,1,,,0,0,,,,,0,,,640.28,Tyres,2853519,,https://www.tiromobiletyres.com.au/wp-content/uploads/2025/12/MICHELIN-PILOT-SPORT-4-img.jpg,,,,,,,,,0,MICHELIN,"Product IP",256460,1,1,"Tyre Type",UHP,1,1,Pattern,"PILOT SPORT 4S",1,1,Size,"XL 285/35R19 103Y",1,1,Width,285,1,1,Profile,35,1,1,Diameter,19,1,1,"Load Index",103,1,1,"Speed Rating",Y,1,1,,,,,,,,,,,,,"PILOT SPORT 4S","XL 285/35R19 103Y",,synced,1787541302,sync-and-show,approved,,,,,,,,,,,,,
843,simple,,,"MICHELIN PILOT SUPER SPORT - 510217",1,0,visible,,"MICHELIN Pilot Super Sport is a high performance tyre specially designed for super sport cars and ultra high performance tuning.\n",,,taxable,,1,,,0,0,,,,,0,,,694.73,Tyres,"2853519, Runflat",,https://www.tiromobiletyres.com.au/wp-content/uploads/2026/02/MICHELIN-PILOT-SUPER-SPORT-img1.jpg,,,,,,,,,0,MICHELIN,"Product IP",510217,1,1,"Tyre Type",RUNFLAT,1,1,Pattern,"PILOT SUPER SPORT",1,1,Size,"Zero Pressure 285/35R19 99Y",1,1,Width,285,1,1,Profile,35,1,1,Diameter,19,1,1,"Load Index",99,1,1,"Speed Rating",Y,1,1,,,,,,,,,,,,,"PILOT SUPER SPORT","Zero Pressure 285/35R19 99Y",,synced,1787541302,sync-and-show,approved,,,,,,,,,,,,,
845,simple,,,"NANKANG AS-2 - NA2853519",1,0,visible,,,,,taxable,,1,,,0,0,,,,,1,,,257.54,Tyres,2853519,,https://www.tiromobiletyres.com.au/wp-content/uploads/2025/12/image-coming-soon.jpg,,,,,,,,,0,NANKANG,"Product IP",NA2853519,1,1,"Tyre Type",UHP,1,1,Pattern,AS-2,1,1,Size,"285/35ZR19 103Y",1,1,Width,285,1,1,Profile,35,1,1,Diameter,19,1,1,"Load Index",103,1,1,"Speed Rating",Y,1,1,,,,,,,,,,,,,AS-2,"285/35ZR19 103Y",,has-errors,1785374725,sync-and-show,approved,,,,,,,,,,,,,74c7341a7700d5727e500f29f766d5b5
846,simple,,,"KUMHO ECSTA PA51- 2262183",1,0,visible,,,,,taxable,,1,,,0,0,,,,,1,,,336.71,Tyres,2853519,,https://www.tiromobiletyres.com.au/wp-content/uploads/2026/02/KUMHO-ECSTA-PA51-images.jpg,,,,,,,,,0,KUMHO,"Product IP",2262183,1,1,"Tyre Type",UHP,1,1,Pattern,"ECSTA PA51",1,1,Size,"285/35R19 99W",1,1,Width,285,1,1,Profile,35,1,1,Diameter,19,1,1,"Load Index",99,1,1,"Speed Rating",W,1,1,,,,,,,,,,,,,"ECSTA PA51","285/35R19 99W",,has-errors,1785374725,sync-and-show,approved,,,,,,,,,,,,,6d2de7c0599684c6e369aa84d4560edd
850,simple,,,"CONTINENTAL CONTISPORTCONTACT 6 - 3576270",1,0,visible,,"<strong>Shorter braking distances in all weather conditions.</strong>\nThe new Micro Flexibility Compound ensures an optimum interlocking between tyre and road surface. This guarantees better acceleration and shorter braking distances at high and low temperatures – in wet or dry conditions.\n\n<strong>Force Vectoring for maximum control, a new era in tread pattern development.</strong>\nThe improved inner and outer tread pattern ensures best steering precision and support for lateral forces during cornering. The advanced Macro Block Design keeps you safe and in control at any manoeuvre. Stiff centre ribs and asymmetric concave longitudinal grooves greatly support overall stability.\n\n<strong>Aralon350, the new adaptive hybrid cap ply for maximum high speed up to 350 km/h.</strong>\nThe sophisticated Aralon350 technology accelerates your vehicle safely up to 350 km/h. This newly designed strong Hybrid Cap Ply provides a controlled tyre growth – even at highest speeds.",,,taxable,,1,,,0,0,,,,,0,,,390.00,Tyres,2953519,,https://www.tiromobiletyres.com.au/wp-content/uploads/2026/02/CONTINENTAL-CONTISPORTCONTACT-6-3576270-image.jpg,,,,,,,,,0,CONTINENTAL,"Product IP",3576270,1,1,"Tyre Type",PCR,1,1,Pattern,"CONTISPORTCONTACT 6",1,1,Size,"295/35R19 104Y",1,1,Width,295,1,1,Profile,35,1,1,Diameter,19,1,1,"Load Index",104,1,1,"Speed Rating",Y,1,1,,,,,,,,,,,,,"CONTISPORTCONTACT 6","295/35R19 104Y",,synced,1787541302,sync-and-show,approved,,,,,,,,,,,,,
853,simple,,,"MICHELIN PILOT SPORT 4S - 709882",1,0,visible,,"<strong>Ultra-High Performance</strong>\nGenuine Passion. Exceptional Drives. Derived from the legendary MICHELIN PILOT Super Sport, there is a new #1 in max performance summer tyres.\n\n<strong>The Maximum Combined Performance. - 1st in dry lap time.  - 1st in dry braking. - 1st in wet braking. </strong>\nFall in love with your car's untapped potential with the best max performance tire. Our Dynamic Response Technology continuously adapts to the road for ultra-precise steering, outstanding cornering power and remarkably good treadlife for a summer tire. And our revolutionary Multi-Compound Construction delivers unmatched levels of dry and wet grip exactly where you need it.\n\n<strong>Experience added miles of exhilarating drives with 9% better treadlife than the MICHELIN® PILOT® Super Sport.</strong>\nMICHELIN® Total Performance™ overcomes the usual tradeoff of wear for grip to deliver both incredible traction and improved tread life.\n \n<strong>Premium Design and Rim Protector.</strong>\nOur premium touch finish provides a dark velvet effect on the external sidewall, while a deep rim protector guards against light wheel damage.\n\n<strong>Acclaimed by Premium Car Manufacturers.</strong>\nHomologated by Mercedes-Benz AMG and Ferrari.\n \n<strong>Michelin always aims to bring together multiple performances.</strong>\nAt MICHELIN, we continuously push safety, durability and fuel efficiency, and even more performances, all at the same time and with no trade-offs. That’s what we mean by MICHELIN® Total Performance™, which has and will always be our difference ",,,taxable,,1,,,0,0,,,,,0,,,672.95,Tyres,2953519,,https://www.tiromobiletyres.com.au/wp-content/uploads/2025/12/MICHELIN-PILOT-SPORT-4-img.jpg,,,,,,,,,0,MICHELIN,"Product IP",709882,1,1,"Tyre Type",UHP,1,1,Pattern,"PILOT SPORT 4S",1,1,Size,"XL 295/35R19 104Y",1,1,Width,295,1,1,Profile,35,1,1,Diameter,19,1,1,"Load Index",104,1,1,"Speed Rating",Y,1,1,,,,,,,,,,,,,"PILOT SPORT 4S","XL 295/35R19 104Y",,synced,1787541302,sync-and-show,approved,,,,,,,,,,,,,
855,simple,,,"YOKOHAMA ADVAN SPORT V105 -  2953519V105N0",1,0,visible,,"The Yokohama ADVAN Sport V105 is a leader amongst some of the world’s most recognisable tyre brands. Crowned ‘Best Tyre’ in the Wheels Tyre Test 2015, the Yokohama ADVAN Sport V105 is one of Yokohama’s flagship tyres. It has performed exceptionally well not only in Australia but around the world, with a first and second place finish in French magazine “Motorsport” and the UK’s “Evo” magazine respectively.\n\n<strong>Key Features</strong>\n\n<strong>Orange Oil Tyre Technology</strong>\nLong mileage and wet grip.\n\n<strong>Matrix Body Ply Structure</strong>\nEnhances steering stability\n\n<strong>Asymmetrical Tread Design</strong>\nStrong wet & dry performance\n\n<strong>Three Wide Straight Grooves</strong>\nExceptional hydroplaning resistance\n\n<strong>Silent Sipe Tread Grooves</strong>\nSuppresses external vehicle noise\n\n<strong>Reduced Tyre Weight</strong>\nImproves steering response\nImproves fuel efficiency",,,taxable,,1,,,0,0,,,,,0,,,546.21,Tyres,2953519,,https://www.tiromobiletyres.com.au/wp-content/uploads/2026/02/YOKOHAMA-ADVAN-SPORT-V105-image.jpg,,,,,,,,,0,YOKOHAMA,"Product IP",2953519V105N0,1,1,"Tyre Type",PCR,1,1,Pattern,"ADVAN SPORT V105",1,1,Size,"295/35R19 100Y",1,1,Width,295,1,1,Profile,35,1,1,Diameter,19,1,1,"Load Index",100,1,1,"Speed Rating",Y,1,1,,,,,,,,,,,,,"ADVAN SPORT V105","295/35R19 100Y",,synced,1787541302,sync-and-show,approved,,,,,,,,,,,,,
858,simple,,,"YOKOHAMA V107 - 2953519V107MO",1,0,visible,,,,,taxable,,1,,,0,0,,,,,0,,,547.34,Tyres,2953519,,https://www.tiromobiletyres.com.au/wp-content/uploads/2026/02/YOKOHAMA-V107-image.jpg,,,,,,,,,0,YOKOHAMA,"Product IP",2953519V105N0,1,1,"Tyre Type",PC,1,1,Pattern,V107,1,1,Size,"MO 295/35R19 104Y",1,1,Width,295,1,1,Profile,35,1,1,Diameter,19,1,1,"Load Index",104,1,1,"Speed Rating",Y,1,1,,,,,,,,,,,,,V107,"MO 295/35R19 104Y",,has-errors,1785374725,sync-and-show,approved,,,,,,,,,,,,,25f0a76333f40033c23b48b0d08dd030
862,simple,,,"FORCELAND VITALITY F22 - FC01520",1,0,visible,,,,,taxable,,1,,,0,0,,,,,1,,,118.64,Tyres,2453520,,https://www.tiromobiletyres.com.au/wp-content/uploads/2025/10/VITALITY-F22.jpg,,,,,,,,,0,Forceland,"Product IP",FC01520,1,1,Pattern,"Vitality F22",1,1,Size,"245/35ZR20 95W",1,1,Width,245,1,1,Profile,35,1,1,Diameter,20,1,1,"Load Index",95,1,1,"Speed Rating",W,1,1,,,,,,,,,,,,,,,,,"Vitality F22","245/35ZR20 95W",,has-errors,1785374725,sync-and-show,approved,,,,,,,,,,,,,9e8fb771406ae622d34f11945ed6454e
864,simple,,,"ZETA ALVENTI - ZTAMS301",1,0,visible,,"New designed Asymmetric tread pattern , enhanced UHP tyre block stiffness for heavy loads, and ensure vehicle has been controlled perfect under any road conditions.\n\n<strong>KEY FEATURES:</strong>\n<ul>\n<li>Optimized pitch variance design & tread formula with high silica rubber reduces noise, innovative grip, improved mileage as well.</li>\n<li>4 straight grooves provide excellent smooth water dispersion and high levels of wet handling.</li>\n<li>Three solid longitudinal ribs improved braking and linear stability during high speed.</li>\n</ul>",,,taxable,,1,,,0,0,,,,,1,,,132.90,Tyres,2453520,,https://www.tiromobiletyres.com.au/wp-content/uploads/2025/10/Zeta-Alventi-img.jpg,,,,,,,,,0,ZETA,"Product IP",ZTAMS301,1,1,"Tyre Type",UHP,1,1,Pattern,ALVENTI,1,1,Size,"245/35R20 95Y",1,1,Width,245,1,1,Profile,35,1,1,Diameter,20,1,1,"Load Index",95,1,1,"Speed Rating",Y,1,1,,,,,,,,,,,,,ALVENTI,"245/35R20 95Y",,synced,1787541302,sync-and-show,approved,,,,,,,,,,,,,
865,simple,,,"HIFLY HF805 - 2035048.3",1,0,visible,,"Ultra high performance & asymmetrical pattern design\n\n<strong>KEY FEATURES:</strong>\n<ul>\n <li>Provide efficient water evacuation,</li>\n <li>out standing wet performance and</li>\n <li>enhanced stability at high speed</li>\n <li>cornering</li>\n <li>Superior comfort and quiet ride</li>\n <li>Provide better performance on wet</li>\n <li>surface and reduce rolling</li>\n <li>Protect wheels from curb damage</li>\n</ul>",,,taxable,,1,,,0,0,,,,,1,,,181.53,Tyres,2453520,,https://www.tiromobiletyres.com.au/wp-content/uploads/2026/02/HIFLY-HF805-img1.jpg,,,,,,,,,0,HIFLY,"Product IP",2035048.3,1,1,"Tyre Type",UHP,1,1,Pattern,HF805,1,1,Size,"245/35R20 95W",1,1,Width,245,1,1,Profile,35,1,1,Diameter,20,1,1,"Load Index",95,1,1,"Speed Rating",W,1,1,,,,,,,,,,,,,HF805,"245/35R20 95W",,synced,1787541302,sync-and-show,approved,,,,,,,,,,,,,
867,simple,,,"NANKANG NOBLE SPORT NS20 -  NA245352020",1,0,visible,,"Ultra High Performance\n\n<strong>Key Features:</strong>\n<ul>\n <li>– New generation sophisticated performance</li>\n <li>– Hangs on like the proverbial</li>\n <li>– Yet quiet and comfortable</li>\n</ul>",,,taxable,,1,,,0,0,,,,,1,,,203.31,Tyres,2453520,,https://www.tiromobiletyres.com.au/wp-content/uploads/2026/02/NANKANG-NOBLE-SPORT-NS20-img1.jpg,,,,,,,,,0,NANKANG,"Product IP",NA245352020,1,1,"Tyre Type",UHP,1,1,Pattern,"NOBLE SPORT NS20",1,1,Size,"245/35R20 95Y",1,1,Width,245,1,1,Profile,35,1,1,Diameter,20,1,1,"Load Index",95,1,1,"Speed Rating",Y,1,1,,,,,,,,,,,,,"NOBLE SPORT NS20","245/35R20 95Y",,synced,1787541302,sync-and-show,approved,,,,,,,,,,,,,
869,simple,,,"ZETA ALVENTI - ZTAMS342",1,0,visible,,"New designed Asymmetric tread pattern , enhanced UHP tyre block stiffness for heavy loads, and ensure vehicle has been controlled perfect under any road conditions.\n\n<strong>KEY FEATURES:</strong>\n<ul>\n <li>Optimized pitch variance design & tread formula with high silica rubber reduces noise, innovative grip, improved mileage as well.</li>\n <li>4 straight grooves provide excellent smooth water dispersion and high levels of wet handling.</li>\n <li>Three solid longitudinal ribs improved braking and linear stability during high speed.</li>\n</ul>",,,taxable,,1,,,0,0,,,,,1,,,145.00,Tyres,2553520,,https://www.tiromobiletyres.com.au/wp-content/uploads/2025/10/Zeta-Alventi-img.jpg,,,,,,,,,0,ZETA,"Product IP",ZTAMS342,1,1,"Tyre Type",UHP,1,1,Pattern,ALVENTI,1,1,Size,"255/35R20 97W",1,1,Width,255,1,1,Profile,35,1,1,Diameter,20,1,1,"Load Index",97,1,1,"Speed Rating",W,1,1,,,,,,,,,,,,,ALVENTI,"255/35R20 97W",,synced,1787541302,sync-and-show,approved,,,,,,,,,,,,,
870,simple,,,"WINRUN R330 - MSWIN212",1,0,visible,,"An Ultra High Performance tyre designed for use on passenger cars\n\n<strong>Features:</strong>\n<ul>\n <li>Asymmetric UHP pattern</li>\n <li>Advanced silica compound</li>\n <li>Anti-hydroplaning design for main grooves</li>\n <li>Improved braking distance and reduced driving noise</li>\n <li>Excellent performance in wet & dry handling</li>\n</ul>",,,taxable,,1,,,0,0,,,,,0,,,150.00,Tyres,2553520,,https://www.tiromobiletyres.com.au/wp-content/uploads/2026/02/WINRUN-R330-img.jpg,,,,,,,,,0,WINRUN,"Product IP",MSWIN212,1,1,"Tyre Type",PCR,1,1,Pattern,R330,1,1,Size,"255/35R20 97W",1,1,Width,255,1,1,Profile,35,1,1,Diameter,20,1,1,"Load Index",97,1,1,"Speed Rating",W,1,1,,,,,,,,,,,,,R330,"255/35R20 97W",,synced,1787541302,sync-and-show,approved,,,,,,,,,,,,,
871,simple,,,"LAUFENN LK01 - 1026628",1,0,visible,,,,,taxable,,1,,,0,0,,,,,0,,,195.00,Tyres,2553520,,https://www.tiromobiletyres.com.au/wp-content/uploads/2025/12/image-coming-soon.jpg,,,,,,,,,0,LAUFENN,"Product IP",1026628,1,1,"Tyre Type",UHP,1,1,Pattern,LK01,1,1,Size,"255/35R20 97Y",1,1,Width,255,1,1,Profile,35,1,1,Diameter,20,1,1,"Load Index",97,1,1,"Speed Rating",Y,1,1,,,,,,,,,,,,,LK01,"255/35R20 97Y",,has-errors,1785374725,sync-and-show,,,,,,,,,,,,,,4d956a6d4bcf5d768c33ba00e07cb1ad
872,simple,,,"NITTO NT555 - NIT2553520NT555",1,0,visible,,"SUMMER ULTRA HIGH PERFORMANCE\n\nThe NT555 is an ultra high performance summer tire designed with the performance driver in mind. With increased traction and handling capabilities, the NT555 will get you off the line quickly, provide stability in the straights and confidence in the corners. Enjoy performance and prolonged treadlife.\n\n<strong>FEATURES AND BENEFITS</strong>\n<strong>A Perfect Pair</strong>\nThe NT555 summer performance tire can be paired with the NT555R drag radial on the rear axle. When developing both product lines, Nitto matched the tread pattern and sizing to fit modern performance vehicles.\n\n<strong>Tread Compound</strong>\nThe advanced tread compound balances dry traction and treadlife.\n\n<strong>Handling Stability</strong>\nThe tread blocks were reinforced to provide great rigidity and stability. This creates a consistent contact patch under various driving conditions.\n\n<strong>Large Contact Patch</strong>\nThe tread blocks were reinforced to provide great rigidity and stability. This creates a consistent contact patch under various driving conditions.",,,taxable,,1,,,0,0,,,,,0,,,214.08,Tyres,2553520,,https://www.tiromobiletyres.com.au/wp-content/uploads/2026/02/NITTO-NT555-img1.jpg,,,,,,,,,0,NITTO,"Product IP",NIT2553520NT555,1,1,"Tyre Type",UHP,1,1,Pattern,NT555,1,1,Size,"255/35R20 97W",1,1,Width,255,1,1,Profile,35,1,1,Diameter,20,1,1,"Load Index",97,1,1,"Speed Rating",W,1,1,,,,,,,,,,,,,NT555,"255/35R20 97W",,synced,1787541302,sync-and-show,approved,,,,,,,,,,,,,
874,simple,,,"ZETA ALVENTI - ZTAMS302",1,0,visible,,"New designed Asymmetric tread pattern , enhanced UHP tyre block stiffness for heavy loads, and ensure vehicle has been controlled perfect under any road conditions.\n\n<strong>KEY FEATURES:</strong>\n<ul>\n <li>Optimized pitch variance design & tread formula with high silica rubber reduces noise, innovative grip, improved mileage as well.</li>\n <li>4 straight grooves provide excellent smooth water dispersion and high levels of wet handling.</li>\n <li>Three solid longitudinal ribs improved braking and linear stability during high speed.</li>\n</ul>",,,taxable,,1,,,0,0,,,,,1,,,150.11,Tyres,2753020,,https://www.tiromobiletyres.com.au/wp-content/uploads/2025/10/Zeta-Alventi-img.jpg,,,,,,,,,0,ZETA,"Product IP",ZTAMS302,1,1,"Tyre Type",UHP,1,1,Pattern,ALVENTI,1,1,Size,"275/30R20 102Y",1,1,Width,275,1,1,Profile,30,1,1,Diameter,20,1,1,"Load Index",102,1,1,"Speed Rating",Y,1,1,,,,,,,,,,,,,ALVENTI,"275/30R20 102Y",,synced,1787541302,sync-and-show,approved,,,,,,,,,,,,,
875,simple,,,"NANKANG NOBLE SPORT NS20 - NAMS218",1,0,visible,,"Ultra High Performance\n\n<strong>Key Features:</strong>\n<ul>\n <li>– New generation sophisticated performance</li>\n <li>– Hangs on like the proverbial</li>\n <li>– Yet quiet and comfortable</li>\n</ul>",,,taxable,,1,,,0,0,,,,,1,,,255.06,Tyres,2753020,,https://www.tiromobiletyres.com.au/wp-content/uploads/2026/02/NANKANG-NOBLE-SPORT-NS20-img1.jpg,,,,,,,,,0,NANKANG,"Product IP",NAMS218,1,1,"Tyre Type",UHP,1,1,Pattern,"NOBLE SPORT NS20",1,1,Size,"275/30R20 97Y",1,1,Width,275,1,1,Profile,30,1,1,Diameter,20,1,1,"Load Index",97,1,1,"Speed Rating",Y,1,1,,,,,,,,,,,,,"NOBLE SPORT NS20","275/30R20 97Y",,synced,1787541302,sync-and-show,approved,,,,,,,,,,,,,
876,simple,,,"PIRELLI POWERGY - 4010500",1,0,visible,,"<strong>PIRELLI POWERGY</strong>\n- Car\n- Summer\n\nThe smart & safe choice\n \nPowergy is the new Pirelli Summer line for cars and SUVs. It’s the smart choice for drivers looking for safety and green performance with a low environmental impact.\n\nWith high levels of wet grip (EU Label Wet Grip A Rating on full range) and braking, Powergy helps to provides precise handling in all road conditions and reduces the risk of aquaplaning.\n\nThe low rolling resistance ensures low fuel consumption and high levels of comfort.",,,taxable,,1,,,0,0,,,,,1,,,346.00,Tyres,2753020,,https://www.tiromobiletyres.com.au/wp-content/uploads/2025/10/pirelli-powergy.jpg,,,,,,,,,0,PIRELLI,"Product IP",4010500,1,1,"Tyre Type",PASSENGER,1,1,Pattern,POWERGY,1,1,Size,"275/30R20 97Y",1,1,Width,275,1,1,Profile,30,1,1,Diameter,20,1,1,"Load Index",97,1,1,"Speed Rating",Y,1,1,,,,,,,,,,,,,POWERGY,"275/30R20 97Y",,synced,1787541302,sync-and-show,approved,,,,,,,,,,,,,
877,simple,,,"PIRELLI DRAGON SPORT - 2646300",1,0,visible,,"Car | Summer | Sporty\n\nTHE PLEASURE TO BE SPORTY. THE INDULGENCE OF PIRELLI SAFETY\nA premium tyre particularly developed for Australasian market, improving handling performance in wet and dry while guaranteeing safety and comfort. The pleasure to be sporty. The indulgence in Pirelli safety.\n\n<strong>KEY FEATURES</strong>\n<ul>\n<li><strong>Optimized tread pattern :</strong> enhancing handling performance for sport driving on wet and improve safety.</li>\n <li><strong>Optimized tyre contour :</strong> fuel saving and comfort.</li>\n <li><strong>Squared footprint :</strong> improved safety on wet and dry.</li>\n <li><strong>Innovative compound :</strong> improved handling and safety on wet and dry.</li>\n</ul> ",,,taxable,,1,,,0,0,,,,,1,,,373.48,Tyres,2753020,,https://www.tiromobiletyres.com.au/wp-content/uploads/2026/02/PIRELLI-DRAGON-SPORT-img1.jpg,,,,,,,,,0,PIRELLI,"Product IP",2646300,1,1,"Tyre Type",UHP,1,1,Pattern,"DRAGON SPORT",1,1,Size,"275/30R20 97Y",1,1,Width,275,1,1,Profile,30,1,1,Diameter,20,1,1,"Load Index",97,1,1,"Speed Rating",Y,1,1,,,,,,,,,,,,,"DRAGON SPORT","275/30R20 97Y",,synced,1787541302,sync-and-show,approved,,,,,,,,,,,,,
881,simple,,,"ZETA ALVENTI -  ZTAMS0177",1,0,visible,,"New designed Asymmetric tread pattern , enhanced UHP tyre block stiffness for heavy loads, and ensure vehicle has been controlled perfect under any road conditions.\n\n<strong>KEY FEATURES:</strong>\n<ul>\n <li>Optimized pitch variance design & tread formula with high silica rubber reduces noise, innovative grip, improved mileage as well.</li>\n <li>4 straight grooves provide excellent smooth water dispersion and high levels of wet handling.</li>\n <li>Three solid longitudinal ribs improved braking and linear stability during high speed.</li>\n</ul>",,,taxable,,1,,,0,0,,,,,1,,,155.01,Tyres,2753520,,https://www.tiromobiletyres.com.au/wp-content/uploads/2025/10/Zeta-Alventi-img.jpg,,,,,,,,,0,ZETA,"Product IP",ZTAMS0177,1,1,"Tyre Type",UHP,1,1,Pattern,ALVENTI,1,1,Size,"275/35R20 102Y",1,1,Width,275,1,1,Profile,35,1,1,Diameter,20,1,1,"Load Index",102,1,1,"Speed Rating",Y,1,1,,,,,,,,,,,,,ALVENTI,"275/35R20 102Y",,synced,1787541302,sync-and-show,approved,,,,,,,,,,,,,
882,simple,,,"ZETA ALVENTI - ZETAMS03.178.02",1,0,visible,,"New designed Asymmetric tread pattern , enhanced UHP tyre block stiffness for heavy loads, and ensure vehicle has been controlled perfect under any road conditions.\n\n<strong>KEY FEATURES:</strong>\n<ul>\n <li>Optimized pitch variance design & tread formula with high silica rubber reduces noise, innovative grip, improved mileage as well.</li>\n <li>4 straight grooves provide excellent smooth water dispersion and high levels of wet handling.</li>\n <li>Three solid longitudinal ribs improved braking and linear stability during high speed.</li>\n</ul>",,,taxable,,1,,,0,0,,,,,1,,,230.65,Tyres,"2753520, Runflat",,https://www.tiromobiletyres.com.au/wp-content/uploads/2025/10/Zeta-Alventi-img.jpg,,,,,,,,,0,ZETA,"Product IP",ZETAMS03.178.02,1,1,"Tyre Type",RUNFLAT,1,1,Pattern,ALVENTI,1,1,Size,"275/35R20 102Y",1,1,Width,275,1,1,Profile,35,1,1,Diameter,20,1,1,"Load Index",102,1,1,"Speed Rating",Y,1,1,,,,,,,,,,,,,ALVENTI,"275/35R20 102Y",,synced,1787541302,sync-and-show,approved,,,,,,,,,,,,,
883,simple,,,"NITTO NT555 - NIT2753520555",1,0,visible,,"SUMMER ULTRA HIGH PERFORMANCE\n\nThe NT555 is an ultra high performance summer tire designed with the performance driver in mind. With increased traction and handling capabilities, the NT555 will get you off the line quickly, provide stability in the straights and confidence in the corners. Enjoy performance and prolonged treadlife.\n\n<strong>FEATURES AND BENEFITS</strong>\n<strong>A Perfect Pair</strong>\nThe NT555 summer performance tire can be paired with the NT555R drag radial on the rear axle. When developing both product lines, Nitto matched the tread pattern and sizing to fit modern performance vehicles.\n\n<strong>Tread Compound</strong>\nThe advanced tread compound balances dry traction and treadlife.\n\n<strong>Handling Stability</strong>\nThe tread blocks were reinforced to provide great rigidity and stability. This creates a consistent contact patch under various driving conditions.\n\n<strong>Large Contact Patch</strong>\nThe tread blocks were reinforced to provide great rigidity and stability. This creates a consistent contact patch under various driving conditions.",,,taxable,,1,,,0,0,,,,,0,,,250.20,Tyres,2753520,,https://www.tiromobiletyres.com.au/wp-content/uploads/2026/02/NITTO-NT555-img1.jpg,,,,,,,,,0,NITTO,"Product IP",NIT2753520555,1,1,"Tyre Type",UHP,1,1,Pattern,NT555,1,1,Size,"275/35R20 102W",1,1,Width,275,1,1,Profile,35,1,1,Diameter,20,1,1,"Load Index",102,1,1,"Speed Rating",W,1,1,,,,,,,,,,,,,NT555,"275/35R20 102W",,synced,1787541302,sync-and-show,approved,,,,,,,,,,,,,
884,simple,,,"CONTINENTAL CONTIMAXCONTACT MC6 - 3576150",1,0,visible,,"<strong>MAX benefits for your car:</strong>\n\nMaximum Safety by offering confident braking in wet and dry conditions.\n\nMaximum Confidence thanks to sporty handling and direct feedback from the road.\n\nMaximum Value from the perfect combination of good mileage and low noise.\n\n\n<strong>Multiple features guarantee outstanding performance:</strong>\nDedicated areas on MaxContact™ MC6's tread design deliver high levels of performance from the tyre. These features cover all four directional forces that are applied to the tyre tread. \n\n\n<strong>Stabiliser Bars</strong>\nFix and stabilise the outside shoulder blocks and the longitudinal rib to form one stable unit, for enhanced handling and cornering grip. Depending on the dimension, there are about 50 stabiliser bars positioned around the tyre's circumference. \n\n\n<strong>Asymmetric Rib Geometry</strong>\nThe supporting angles of the rib-shoulders prevent slanting of the ribs under heavy cornering manoeuvres and sharp changes of steering direction, thus ensuring an enhanced cornering response.\n\n\n<strong>Longitudinal Chamfered Edges</strong>\nPrevent the rolling-in-effect of the ribs in the lateral direction for maximum contact area to achieve enhanced cornering grip and stability.\n\n\n<strong>Chevron Grip Elements</strong>\nPerformance designed Chevron Grip Elements allow even pressure distribution during cornering even on the inside tyre of the vehicle resulting in enhanced grip, better wet braking and handling.\n\n\n<strong>Stable Rib Structure </strong>\nTo achieve faster dry braking and efficient traction for acceleration, these longitudinal ribs are engineered to avoid block distortion by transferring circumferential forces efficiently to the road. \n\n\n<strong>Noise Breaker 2.0</strong>\nBreaks down the noise waves which flow through the grooves to ensure a comfortable low noise ride.\n",,,taxable,,1,,,0,0,,,,,0,,,285.00,Tyres,2753520,,https://www.tiromobiletyres.com.au/wp-content/uploads/2026/01/CONTINENTAL-CONTIMAXCONT-img.jpg,,,,,,,,,0,CONTINENTAL,"Product IP",3576150,1,1,"Tyre Type",PCR,1,1,Pattern,"CONTIMAXCONTACT MC6",1,1,Size,"275/35R20 102Y",1,1,Width,275,1,1,Profile,35,1,1,Diameter,20,1,1,"Load Index",102,1,1,"Speed Rating",Y,1,1,,,,,,,,,,,,,"CONTIMAXCONTACT MC6","275/35R20 102Y",,synced,1787541302,sync-and-show,approved,,,,,,,,,,,,,
885,simple,,,"ZETA ALVENTI - ZTAMS148",1,0,visible,,"New designed Asymmetric tread pattern , enhanced UHP tyre block stiffness for heavy loads, and ensure vehicle has been controlled perfect under any road conditions.\n\n<strong>KEY FEATURES:</strong>\n<ul>\n <li>Optimized pitch variance design & tread formula with high silica rubber reduces noise, innovative grip, improved mileage as well.</li>\n <li>4 straight grooves provide excellent smooth water dispersion and high levels of wet handling.</li>\n <li>Three solid longitudinal ribs improved braking and linear stability during high speed.</li>\n</ul>",,,taxable,,1,,,0,0,,,,,1,,,165.42,Tyres,2853020,,https://www.tiromobiletyres.com.au/wp-content/uploads/2025/10/Zeta-Alventi-img.jpg,,,,,,,,,0,ZETA,"Product IP",ZTAMS148,1,1,"Tyre Type",UHP,1,1,Pattern,ALVENTI,1,1,Size,"285/30R20 99W",1,1,Width,285,1,1,Profile,30,1,1,Diameter,20,1,1,"Load Index",99,1,1,"Speed Rating",W,1,1,,,,,,,,,,,,,ALVENTI,"285/30R20 99W",,synced,1787541302,sync-and-show,approved,,,,,,,,,,,,,
886,simple,,,"PIRELLI P ZERO PZ4 - 3258700",1,0,visible,,"THE PERFECT FIT...\n\nP ZERO is the unique Ultra High Performance product combining Pirelli’s knowledge gained from competitive Motorsport and from Pirelli’s alliance with the top car manufacturers, granting the perfect fit for the performance of each car.\n\nPirelli P Zero (PZ4) tyres are <strong>Max Performance Summer tyres</strong> derived from Pirelli's Formula 1 experience and developed for some of the most exclusive and highest-performing vehicles available. Initially introduced as Original Equipment on the Audi A3 and S3, Lamborghini Huracan LP 580-2 and the Porsche Boxster, Cayman and 911, the P Zero (PZ4) includes replacement tire sizes as well as original equipment fitments. Pirelli's warranty does not cover tires that develop compound cracking due to use in ambient temperatures below 45° Fahrenheit (7° Celsius), so the P Zero (PZ4), like all summer tires, is not intended to be serviced, stored nor driven in near-freezing temperatures, through snow or on ice.\n\n<strong>Pirelli Noise Cancelling System </strong>\nLimited sizes of the Pirelli P Zero (PZ4) are available with Pirelli Noise Cancelling System (PNCS), which involves the manufacturer adhering a layer of sound-absorbing foam to the inner liner of the tire to reduce cabin noise in the vehicle. These sizes are identified on the Specs page and in the search results.\n",,,taxable,,1,,,0,0,,,,,0,,,531.00,Tyres,2853020,,https://www.tiromobiletyres.com.au/wp-content/uploads/2026/02/PIRELLI-P-ZERO-PZ4-img.jpg,,,,,,,,,0,PIRELLI,"Product IP",3258700,1,1,"Tyre Type",PASSENGER,1,1,Pattern,"P ZERO PZ4",1,1,Size,"285/30ZR20 99Y",1,1,Width,285,1,1,Profile,30,1,1,Diameter,20,1,1,"Load Index",99,1,1,"Speed Rating",Y,1,1,,,,,,,,,,,,,"P ZERO PZ4","285/30ZR20 99Y",,synced,1787541302,sync-and-show,approved,,,,,,,,,,,,,
887,simple,,,"PIRELLI P ZERO PZ4 - 2787700",1,0,visible,,"THE PERFECT FIT...\n\nP ZERO is the unique Ultra High Performance product combining Pirelli’s knowledge gained from competitive Motorsport and from Pirelli’s alliance with the top car manufacturers, granting the perfect fit for the performance of each car.\n\nPirelli P Zero (PZ4) tyres are <strong>Max Performance Summer tyres</strong> derived from Pirelli's Formula 1 experience and developed for some of the most exclusive and highest-performing vehicles available. Initially introduced as Original Equipment on the Audi A3 and S3, Lamborghini Huracan LP 580-2 and the Porsche Boxster, Cayman and 911, the P Zero (PZ4) includes replacement tire sizes as well as original equipment fitments. Pirelli's warranty does not cover tires that develop compound cracking due to use in ambient temperatures below 45° Fahrenheit (7° Celsius), so the P Zero (PZ4), like all summer tires, is not intended to be serviced, stored nor driven in near-freezing temperatures, through snow or on ice.\n\n<strong>Pirelli Noise Cancelling System </strong>\nLimited sizes of the Pirelli P Zero (PZ4) are available with Pirelli Noise Cancelling System (PNCS), which involves the manufacturer adhering a layer of sound-absorbing foam to the inner liner of the tire to reduce cabin noise in the vehicle. These sizes are identified on the Specs page and in the search results.\n",,,taxable,,1,,,0,0,,,,,0,,,559.11,Tyres,2853020,,https://www.tiromobiletyres.com.au/wp-content/uploads/2026/02/PIRELLI-P-ZERO-PZ4-img.jpg,,,,,,,,,0,PIRELLI,"Product IP",2787700,1,1,"Tyre Type",PASSENGER,1,1,Pattern,"P ZERO PZ4",1,1,Size,"285/30ZR20 99Y",1,1,Width,285,1,1,Profile,30,1,1,Diameter,20,1,1,"Load Index",99,1,1,"Speed Rating",Y,1,1,,,,,,,,,,,,,"P ZERO PZ4","285/30ZR20 99Y",,synced,1787541302,sync-and-show,approved,,,,,,,,,,,,,
888,simple,,,"MICHELIN PILOT SPORT 4S - 710250",1,0,visible,,"<strong>Ultra-High Performance</strong>\nGenuine Passion. Exceptional Drives. Derived from the legendary MICHELIN PILOT Super Sport, there is a new #1 in max performance summer tyres.\n\n<strong>Features:</strong>\n<strong>The Maximum Combined Performance. - 1st in dry lap time.  - 1st in dry braking. - 1st in wet braking. </strong>\nFall in love with your car's untapped potential with the best max performance tire. Our Dynamic Response Technology continuously adapts to the road for ultra-precise steering, outstanding cornering power and remarkably good treadlife for a summer tire. And our revolutionary Multi-Compound Construction delivers unmatched levels of dry and wet grip exactly where you need it.\n\n<strong>Experience added miles of exhilarating drives with 9% better treadlife than the MICHELIN® PILOT® Super Sport.</strong>\nMICHELIN® Total Performance™ overcomes the usual tradeoff of wear for grip to deliver both incredible traction and improved tread life.\n \n<strong>Premium Design and Rim Protector.</strong>\nOur premium touch finish provides a dark velvet effect on the external sidewall, while a deep rim protector guards against light wheel damage.\n\n<strong>Acclaimed by Premium Car Manufacturers.</strong>\nHomologated by Mercedes-Benz AMG and Ferrari.\n \n<strong>Michelin always aims to bring together multiple performances.</strong>\nAt MICHELIN, we continuously push safety, durability and fuel efficiency, and even more performances, all at the same time and with no trade-offs. That’s what we mean by MICHELIN® Total Performance™, which has and will always be our difference ",,,taxable,,1,,,0,0,,,,,0,,,651.17,Tyres,2853020,,https://www.tiromobiletyres.com.au/wp-content/uploads/2025/12/MICHELIN-PILOT-SPORT-4-img.jpg,,,,,,,,,0,MICHELIN,"Product IP",710250,1,1,"Tyre Type",UHP,1,1,Pattern,"PILOT SPORT 4S",1,1,Size,"285/30R20 99Y",1,1,Width,285,1,1,Profile,30,1,1,Diameter,20,1,1,"Load Index",99,1,1,"Speed Rating",Y,1,1,,,,,,,,,,,,,"PILOT SPORT 4S","285/30R20 99Y",,synced,1787541302,sync-and-show,approved,,,,,,,,,,,,,
889,simple,,,"CONTINENTAL CONTISPORTCONTACT 6 - 356461",1,0,visible,,"<strong>Features:</strong>\n<strong>Shorter braking distances in all weather conditions.</strong>\nThe new Micro Flexibility Compound ensures an optimum interlocking between tyre and road surface. This guarantees better acceleration and shorter braking distances at high and low temperatures – in wet or dry conditions.\n\n<strong>Force Vectoring for maximum control, a new era in tread pattern development.</strong>\nThe improved inner and outer tread pattern ensures best steering precision and support for lateral forces during cornering. The advanced Macro Block Design keeps you safe and in control at any manoeuvre. Stiff centre ribs and asymmetric concave longitudinal grooves greatly support overall stability.\n\n<strong>Aralon350, the new adaptive hybrid cap ply for maximum high speed up to 350 km/h.</strong>\nThe sophisticated Aralon350 technology accelerates your vehicle safely up to 350 km/h. This newly designed strong Hybrid Cap Ply provides a controlled tyre growth – even at highest speeds.",,,taxable,,1,,,0,0,,,,,0,,,435.00,Tyres,2953020,,https://www.tiromobiletyres.com.au/wp-content/uploads/2026/02/CONTINENTAL-CONTISPORTCONTACT-6-3576270-image.jpg,,,,,,,,,0,CONTINENTAL,"Product IP",356461,1,1,"Tyre Type",UHP,1,1,Pattern,"CONTISPORTCONTACT 6",1,1,Size,"295/30R20 101Y",1,1,Width,295,1,1,Profile,30,1,1,Diameter,20,1,1,"Load Index",101,1,1,"Speed Rating",Y,1,1,,,,,,,,,,,,,"CONTISPORTCONTACT 6","295/30R20 101Y",,synced,1787541302,sync-and-show,approved,,,,,,,,,,,,,
890,simple,,,"PIRELLI P ZERO - 2039300",1,0,visible,,"Car | SUV | Summer | Sporty\n\n<strong>THE PERFECT FIT</strong>\nP ZERO is the unique Ultra High Performance product combining Pirelli’s knowledge gained from competitive Motorsport and from Pirelli's alliance with the top car manufacturers, granting the perfect fit for the performance of each car.\n\nP ZERO is the unique Ultra High Performance product combining Pirelli's knowledge gained from competitive Motorsport with Pirelli's alliance with the top car manufacturers, granting the perfect fit for the performance of each car. New P ZERO™ has a range developed with the most prestigious OEMs that is able to meet any customisation needs in terms of size, technology and seasonality.  \n\n<strong>KEY FEATURES:</strong>\nA reference point for the Ultra High Performance segment, it is characterised by an asymmetric tread pattern. Ideal for all top of the range sports and high-powered cars, it can also be considered for powerful mid-range vehicles.\n\nA milestone in the development of the Pirelli range, P ZERO has been chosen as original equipment for the most performance orientated and powerful models on the market. Its asymmetric tread pattern improves braking performance and enhances handling and control. Excellent in wet conditions with improved safety in potential aquaplaning situations.\n\nIts new nano-composite compound ensures maximum grip and stability. The structural integrity of the tyre improves steering response, which is essential in sports driving, and also ensures uniform tread wear. \n\nThe special grooves in the tread area deliver lower cabin noise levels, enhancing driver comfort.",,,taxable,,1,,,0,0,,,,,0,,,535.00,Tyres,2953020,,https://www.tiromobiletyres.com.au/wp-content/uploads/2026/02/PIRELLI-P-ZERO-img.jpg,,,,,,,,,0,PIRELLI,"Product IP",2039300,1,1,"Tyre Type",PASSENGER,1,1,Pattern,"P ZERO",1,1,Size,"295/30R20 101Y",1,1,Width,295,1,1,Profile,30,1,1,Diameter,20,1,1,"Load Index",101,1,1,"Speed Rating",Y,1,1,,,,,,,,,,,,,"P ZERO","295/30R20 101Y",,synced,1787541302,sync-and-show,approved,,,,,,,,,,,,,
891,simple,,,"PIRELLI P ZERO PZ4 - 2691700",1,0,visible,,"THE PERFECT FIT...\n\nP ZERO is the unique Ultra High Performance product combining Pirelli’s knowledge gained from competitive Motorsport and from Pirelli’s alliance with the top car manufacturers, granting the perfect fit for the performance of each car.\n\nPirelli P Zero (PZ4) tyres are <strong>Max Performance Summer tyres</strong> derived from Pirelli's Formula 1 experience and developed for some of the most exclusive and highest-performing vehicles available. Initially introduced as Original Equipment on the Audi A3 and S3, Lamborghini Huracan LP 580-2 and the Porsche Boxster, Cayman and 911, the P Zero (PZ4) includes replacement tire sizes as well as original equipment fitments. Pirelli's warranty does not cover tires that develop compound cracking due to use in ambient temperatures below 45° Fahrenheit (7° Celsius), so the P Zero (PZ4), like all summer tires, is not intended to be serviced, stored nor driven in near-freezing temperatures, through snow or on ice.\n\n<strong>Pirelli Noise Cancelling System </strong>\nLimited sizes of the Pirelli P Zero (PZ4) are available with Pirelli Noise Cancelling System (PNCS), which involves the manufacturer adhering a layer of sound-absorbing foam to the inner liner of the tire to reduce cabin noise in the vehicle. These sizes are identified on the Specs page and in the search results.\n",,,taxable,,1,,,0,0,,,,,0,,,546.00,Tyres,2953020,,https://www.tiromobiletyres.com.au/wp-content/uploads/2026/02/PIRELLI-P-ZERO-PZ4-img.jpg,,,,,,,,,0,PIRELLI,"Product IP",2691700,1,1,"Tyre Type",UHP,1,1,Pattern,"P ZERO PZ4",1,1,Size,"295/30R20 101Y",1,1,Width,295,1,1,Profile,30,1,1,Diameter,20,1,1,"Load Index",101,1,1,"Speed Rating",Y,1,1,,,,,,,,,,,,,"P ZERO PZ4","295/30R20 101Y",,synced,1787541302,sync-and-show,approved,,,,,,,,,,,,,
892,simple,,,"PIRELLI P ZERO - 2361300",1,0,visible,,"Car | SUV | Summer | Sporty\n\n<strong>THE PERFECT FIT</strong>\nP ZERO is the unique Ultra High Performance product combining Pirelli’s knowledge gained from competitive Motorsport and from Pirelli's alliance with the top car manufacturers, granting the perfect fit for the performance of each car.\n\nP ZERO is the unique Ultra High Performance product combining Pirelli's knowledge gained from competitive Motorsport with Pirelli's alliance with the top car manufacturers, granting the perfect fit for the performance of each car. New P ZERO™ has a range developed with the most prestigious OEMs that is able to meet any customisation needs in terms of size, technology and seasonality.  \n\n<strong>KEY FEATURES:</strong>\nA reference point for the Ultra High Performance segment, it is characterised by an asymmetric tread pattern. Ideal for all top of the range sports and high-powered cars, it can also be considered for powerful mid-range vehicles.\n\nA milestone in the development of the Pirelli range, P ZERO has been chosen as original equipment for the most performance orientated and powerful models on the market. Its asymmetric tread pattern improves braking performance and enhances handling and control. Excellent in wet conditions with improved safety in potential aquaplaning situations.\n\nIts new nano-composite compound ensures maximum grip and stability. The structural integrity of the tyre improves steering response, which is essential in sports driving, and also ensures uniform tread wear. \n\nThe special grooves in the tread area deliver lower cabin noise levels, enhancing driver comfort.",,,taxable,,1,,,0,0,,,,,0,,,553.66,Tyres,2953020,,https://www.tiromobiletyres.com.au/wp-content/uploads/2026/02/PIRELLI-P-ZERO-img.jpg,,,,,,,,,0,PIRELLI,"Product IP",2361300,1,1,"Tyre Type",UHP,1,1,Pattern,"P ZERO",1,1,Size,"295/30R20 101Y",1,1,Width,295,1,1,Profile,30,1,1,Diameter,20,1,1,"Load Index",101,1,1,"Speed Rating",Y,1,1,,,,,,,,,,,,,"P ZERO","295/30R20 101Y",,synced,1787541302,sync-and-show,approved,,,,,,,,,,,,,
893,simple,,,"DUNLOP SP SPORT MAXX RACE 2 - MSDUNS5660",1,0,visible,,,,,taxable,,1,,,0,0,,,,,0,,,465.00,Tyres,3053020,,https://www.tiromobiletyres.com.au/wp-content/uploads/2026/02/DUNLOP-SP-SPORT-MAXX-RACE-2-img1.jpg,,,,,,,,,0,DUNLOP,"Product IP",MSDUNS5660,1,1,"Tyre Type",UHP,1,1,Pattern,"SP SPORT MAXX RACE 2",1,1,Size,"305/30R20 95Y",1,1,Width,305,1,1,Profile,30,1,1,Diameter,20,1,1,"Load Index",95,1,1,"Speed Rating",Y,1,1,,,,,,,,,,,,,"SP SPORT MAXX RACE 2","305/30R20 95Y",,has-errors,1785374725,sync-and-show,approved,,,,,,,,,,,,,b6b69716aa1de1bd0018dda8386bed80
895,simple,,,"CONTINENTAL CONTISPORTCONTACT 6 - 358394",1,0,visible,,"<strong>Features:</strong>\n<strong>Shorter braking distances in all weather conditions.</strong>\nThe new Micro Flexibility Compound ensures an optimum interlocking between tyre and road surface. This guarantees better acceleration and shorter braking distances at high and low temperatures – in wet or dry conditions.\n\n<strong>Force Vectoring for maximum control, a new era in tread pattern development.</strong>\nThe improved inner and outer tread pattern ensures best steering precision and support for lateral forces during cornering. The advanced Macro Block Design keeps you safe and in control at any manoeuvre. Stiff centre ribs and asymmetric concave longitudinal grooves greatly support overall stability.\n\n<strong>Aralon350, the new adaptive hybrid cap ply for maximum high speed up to 350 km/h.</strong>\nThe sophisticated Aralon350 technology accelerates your vehicle safely up to 350 km/h. This newly designed strong Hybrid Cap Ply provides a controlled tyre growth – even at highest speeds.",,,taxable,,1,,,0,0,,,,,0,,,535.00,Tyres,3053020,,https://www.tiromobiletyres.com.au/wp-content/uploads/2026/02/CONTINENTAL-CONTISPORTCONTACT-6-3576270-image.jpg,,,,,,,,,0,CONTINENTAL,"Product IP",358394,1,1,"Tyre Type",UHP,1,1,Pattern,"CONTISPORTCONTACT 6",1,1,Size,"305/30R20 103Y",1,1,Width,305,1,1,Profile,30,1,1,Diameter,20,1,1,"Load Index",103,1,1,"Speed Rating",Y,1,1,,,,,,,,,,,,,"CONTISPORTCONTACT 6","305/30R20 103Y",,synced,1787541302,sync-and-show,approved,,,,,,,,,,,,,
896,simple,,,"PIRELLI P ZERO - 2617500",1,0,visible,,"Car | SUV | Summer | Sporty\n\n<strong>THE PERFECT FIT</strong>\nP ZERO is the unique Ultra High Performance product combining Pirelli’s knowledge gained from competitive Motorsport and from Pirelli's alliance with the top car manufacturers, granting the perfect fit for the performance of each car.\n\nP ZERO is the unique Ultra High Performance product combining Pirelli's knowledge gained from competitive Motorsport with Pirelli's alliance with the top car manufacturers, granting the perfect fit for the performance of each car. New P ZERO™ has a range developed with the most prestigious OEMs that is able to meet any customisation needs in terms of size, technology and seasonality.  \n\n<strong>KEY FEATURES:</strong>\nA reference point for the Ultra High Performance segment, it is characterised by an asymmetric tread pattern. Ideal for all top of the range sports and high-powered cars, it can also be considered for powerful mid-range vehicles.\n\nA milestone in the development of the Pirelli range, P ZERO has been chosen as original equipment for the most performance orientated and powerful models on the market. Its asymmetric tread pattern improves braking performance and enhances handling and control. Excellent in wet conditions with improved safety in potential aquaplaning situations.\n\nIts new nano-composite compound ensures maximum grip and stability. The structural integrity of the tyre improves steering response, which is essential in sports driving, and also ensures uniform tread wear. \n\nThe special grooves in the tread area deliver lower cabin noise levels, enhancing driver comfort.",,,taxable,,1,,,0,0,,,,,0,,,587.00,Tyres,3053020,,https://www.tiromobiletyres.com.au/wp-content/uploads/2026/02/PIRELLI-P-ZERO-img.jpg,,,,,,,,,0,PIRELLI,"Product IP",2617500,1,1,"Tyre Type",UHP,1,1,Pattern,"P ZERO",1,1,Size,"305/30R20 103Y",1,1,Width,305,1,1,Profile,30,1,1,Diameter,20,1,1,"Load Index",103,1,1,"Speed Rating",Y,1,1,,,,,,,,,,,,,"P ZERO","305/30R20 103Y",,synced,1787541302,sync-and-show,approved,,,,,,,,,,,,,
897,simple,,,"BRIDGESTONE POTENZA SPORT - 11005618",1,0,visible,,,,,taxable,,1,,,0,0,,,,,0,,,601.72,Tyres,3053020,,https://www.tiromobiletyres.com.au/wp-content/uploads/2026/02/BRIDGESTONE-POTENZA-SPORT-img1-1.jpg,,,,,,,,,0,BRIDGESTONE,"Product IP",11005618,1,1,"Tyre Type",UHP,1,1,Pattern,"POTENZA SPORT",1,1,Size,"305/30R20 103Y",1,1,Width,305,1,1,Profile,30,1,1,Diameter,20,1,1,"Load Index",103,1,1,"Speed Rating",Y,1,1,,,,,,,,,,,,,"POTENZA SPORT","305/30R20 103Y",,has-errors,1785374725,sync-and-show,approved,,,,,,,,,,,,,c9cd4055a9411ba1ba61efea7eb4e024
900,simple,,,"ZETA IMPERO - ZETAMS03.167.02",1,0,visible,,"<strong>Features:</strong>\n<ul>\n<li>The right tire for large size Sport Utility Vehicles and large diameter wheel applications.</li>\n<li>4 wide longitudinal grooves improve drainage and wet weather performance.</li>\n<li>Anti-Hydroplaning lateral grooves offer excellent wet performance.</li>\n<li>3 center block provide straight driving stability.</li>\n<li>Optimized shoulder blocks maximize grip during cornering, and provide a smooth quiet ride.</li>\n</ul>",,,taxable,,1,,,0,0,,,,,0,,,161.00,Tyres,2454520,,https://www.tiromobiletyres.com.au/wp-content/uploads/2026/01/ZETA-IMPERO-img.jpg,,,,,,,,,0,ZETA,"Product IP",ZETAMS03.167.02,1,1,"Tyre Type",SUV,1,1,Pattern,IMPERO,1,1,Size,"245/45ZR20 103W",1,1,Width,245,1,1,Profile,45,1,1,Diameter,20,1,1,"Load Index",103,1,1,"Speed Rating",W,1,1,,,,,,,,,,,,,IMPERO,"245/45ZR20 103W",,synced,1787541302,sync-and-show,approved,,,,,,,,,,,,,
901,simple,,,"GENERAL GRABBER HT6 - 04492180000",1,0,visible,,,,,taxable,,1,,,0,0,,,,,0,,,165.00,"Highway Terrain, Tyres",2454520,,https://www.tiromobiletyres.com.au/wp-content/uploads/2026/02/GENERAL-GRABBER-HT6-img.jpg,,,,,,,,,0,GENERAL,"Product IP",04492180000,1,1,"Tyre Type",SUV,1,1,Pattern,"GRABBER HT6",1,1,Size,"XL 245/45R20 103V",1,1,Width,245,1,1,Profile,45,1,1,Diameter,20,1,1,"Load Index",103,1,1,"Speed Rating",V,1,1,,,,,,,,,,,,,"GRABBER HT6","XL 245/45R20 103V",,has-errors,1785374725,sync-and-show,approved,,,,,,,,,,,,,e47e412053505c9833f270b0d482a638
902,simple,,,"HANKOOK ION EVO AS SUV IH01A - 1033185",1,0,visible,,,,,taxable,,1,,,0,0,,,,,0,,,215.00,Tyres,2454520,,https://www.tiromobiletyres.com.au/wp-content/uploads/2026/03/HANKOOK-ION-EVO-AS-SUV-IH01A-img.jpg,,,,,,,,,0,HANKOOK,"Product IP",1033185,1,1,"Tyre Type","4X4, EV UHP, SUV",1,1,Pattern,"ION EVO AS SUV IH01A",1,1,Size,"245/45R20 103Y",1,1,Width,245,1,1,Profile,45,1,1,Diameter,20,1,1,"Load Index",103,1,1,"Speed Rating",Y,1,1,,,,,,,,,,,,,"ION EVO AS SUV IH01A","245/45R20 103Y",,has-errors,1785374725,sync-and-show,approved,,,,,,,,,,,,,895212f48c07e1596227d3416e810b06
904,simple,,,"CONTINENTAL CONTIMAXCONTACT MC6 - 03587290000",1,0,visible,,"<strong>MAX benefits for your car:</strong>\n\nMaximum Safety by offering confident braking in wet and dry conditions.\n\nMaximum Confidence thanks to sporty handling and direct feedback from the road.\n\nMaximum Value from the perfect combination of good mileage and low noise.\n\n\n<strong>Multiple features guarantee outstanding performance:</strong>\nDedicated areas on MaxContact™ MC6's tread design deliver high levels of performance from the tyre. These features cover all four directional forces that are applied to the tyre tread. \n\n\n<strong>Stabiliser Bars</strong>\nFix and stabilise the outside shoulder blocks and the longitudinal rib to form one stable unit, for enhanced handling and cornering grip. Depending on the dimension, there are about 50 stabiliser bars positioned around the tyre's circumference. \n\n\n<strong>Asymmetric Rib Geometry</strong>\nThe supporting angles of the rib-shoulders prevent slanting of the ribs under heavy cornering manoeuvres and sharp changes of steering direction, thus ensuring an enhanced cornering response.\n\n\n<strong>Longitudinal Chamfered Edges</strong>\nPrevent the rolling-in-effect of the ribs in the lateral direction for maximum contact area to achieve enhanced cornering grip and stability.\n\n\n<strong>Chevron Grip Elements</strong>\nPerformance designed Chevron Grip Elements allow even pressure distribution during cornering even on the inside tyre of the vehicle resulting in enhanced grip, better wet braking and handling.\n\n\n<strong>Stable Rib Structure </strong>\nTo achieve faster dry braking and efficient traction for acceleration, these longitudinal ribs are engineered to avoid block distortion by transferring circumferential forces efficiently to the road. \n\n\n<strong>Noise Breaker 2.0</strong>\nBreaks down the noise waves which flow through the grooves to ensure a comfortable low noise ride.\n",,,taxable,,1,,,0,0,,,,,0,,,225.00,Tyres,2454520,,https://www.tiromobiletyres.com.au/wp-content/uploads/2026/01/CONTINENTAL-CONTIMAXCONT-img.jpg,,,,,,,,,0,CONTINENTAL,"Product IP",03587290000,1,1,"Tyre Type",PASSENGER,1,1,Pattern,"CONTIMAXCONTACT MC6",1,1,Size,"XL 245/45R20 103V",1,1,Width,245,1,1,Profile,45,1,1,Diameter,20,1,1,"Load Index",103,1,1,"Speed Rating",V,1,1,,,,,,,,,,,,,"CONTIMAXCONTACT MC6","XL 245/45R20 103V",,synced,1787541302,sync-and-show,approved,,,,,,,,,,,,,
906,simple,,,"ZETA ALVENTI - ZTAMS083",1,0,visible,,"New designed Asymmetric tread pattern , enhanced UHP tyre block stiffness for heavy loads, and ensure vehicle has been controlled perfect under any road conditions.\n\n<strong>KEY FEATURES:</strong>\n<ul>\n <li>Optimized pitch variance design & tread formula with high silica rubber reduces noise, innovative grip, improved mileage as well.</li>\n <li>4 straight grooves provide excellent smooth water dispersion and high levels of wet handling.</li>\n <li>Three solid longitudinal ribs improved braking and linear stability during high speed.</li>\n</ul>",,,taxable,,1,,,0,0,,,,,1,,,155.50,Tyres,2554520,,https://www.tiromobiletyres.com.au/wp-content/uploads/2025/10/Zeta-Alventi-img.jpg,,,,,,,,,0,ZETA,"Product IP",ZTAMS083,1,1,"Tyre Type",UHP,1,1,Pattern,ALVENTI,1,1,Size,"255/45R20 105Y",1,1,Width,255,1,1,Profile,45,1,1,Diameter,20,1,1,"Load Index",105,1,1,"Speed Rating",Y,1,1,,,,,,,,,,,,,ALVENTI,"255/45R20 105Y",,synced,1787541302,sync-and-show,approved,,,,,,,,,,,,,
907,simple,,,"CONTINENTAL CROSSCONTACT RX - 03593330000",1,0,visible,,,,,taxable,,1,,,0,0,,,,,0,,,235.00,Tyres,2554520,,https://www.tiromobiletyres.com.au/wp-content/uploads/2026/01/CONTINENTAL-CROSSCONTACT-RX-img.jpg,,,,,,,,,0,CONTINENTAL,"Product IP",03593330000,1,1,"Tyre Type",SUV,1,1,Pattern,"CROSSCONTACT RX",1,1,Size,"255/45R20 105H",1,1,Width,255,1,1,Profile,45,1,1,Diameter,20,1,1,"Load Index",105,1,1,"Speed Rating",H,1,1,,,,,,,,,,,,,"CROSSCONTACT RX","255/45R20 105H",,has-errors,1785374725,sync-and-show,approved,,,,,,,,,,,,,b9d2df21a93361b8ef5d189fea9df148
908,simple,,,"GENERAL GRABBER HT6 - 04492930000",1,0,visible,,,,,taxable,,1,,,0,0,,,,,0,,,239.00,"Highway Terrain, Tyres",2554520,,https://www.tiromobiletyres.com.au/wp-content/uploads/2026/02/GENERAL-GRABBER-HT6-img.jpg,,,,,,,,,0,GENERAL,"Product IP",04492930000,1,1,"Tyre Type",SUV,1,1,Pattern,"GRABBER HT6",1,1,Size,"XL 255/45R20 105W",1,1,Width,255,1,1,Profile,45,1,1,Diameter,20,1,1,"Load Index",105,1,1,"Speed Rating",W,1,1,,,,,,,,,,,,,"GRABBER HT6","XL 255/45R20 105W",,has-errors,1785374725,sync-and-show,,,,,,,,,,,,,,7a6a46b26cf662609409b090c7e03c97
909,simple,,,"ZETA ALVENTI - ZTAMS03.209.01",1,0,visible,,"New designed Asymmetric tread pattern , enhanced UHP tyre block stiffness for heavy loads, and ensure vehicle has been controlled perfect under any road conditions.\n\n<strong>KEY FEATURES:</strong>\n<ul>\n <li>Optimized pitch variance design & tread formula with high silica rubber reduces noise, innovative grip, improved mileage as well.</li>\n <li>4 straight grooves provide excellent smooth water dispersion and high levels of wet handling.</li>\n <li>Three solid longitudinal ribs improved braking and linear stability during high speed.</li>\n</ul>",,,taxable,,1,,,0,0,,,,,1,,,255.00,Tyres,"2554520, Runflat",,https://www.tiromobiletyres.com.au/wp-content/uploads/2025/10/Zeta-Alventi-img.jpg,,,,,,,,,0,ZETA,"Product IP",ZTAMS03.209.01,1,1,"Tyre Type",SUV,1,1,Pattern,ALVENTI,1,1,Size,"255/45R20 105W",1,1,Width,255,1,1,Profile,45,1,1,Diameter,20,1,1,"Load Index",105,1,1,"Speed Rating",W,1,1,,,,,,,,,,,,,ALVENTI,"255/45R20 105W",,synced,1787541302,sync-and-show,approved,,,,,,,,,,,,,
910,simple,,,"TOLEDO RAGNAR R9 - 117.007.05",1,0,visible,,,,,taxable,,1,,,0,0,,,,,0,,,179.00,Tyres,2655020,,https://www.tiromobiletyres.com.au/wp-content/uploads/2026/01/TOLEDO-RAGNAR-R9-img.jpg,,,,,,,,,0,TOLEDO,"Product IP",117.007.05,1,1,"Tyre Type",R/T,1,1,Pattern,"RAGNAR R9",1,1,Size,"265/50R20 111Q",1,1,Width,265,1,1,Profile,50,1,1,Diameter,20,1,1,"Load Index",111,1,1,"Speed Rating",Q,1,1,,,,,,,,,,,,,"RAGNAR R9","265/50R20 111Q",,has-errors,1785374725,sync-and-show,approved,,,,,,,,,,,,,1e16ea9d7e21bbc956f1fed15411a3f6
911,simple,,,"SUMAXX ALL TERRAIN - SNMAXX-002",1,0,visible,,,,,taxable,,1,,,0,0,,,,,0,,,179.00,"All Terrian, Tyres","2655020, A/T",,https://www.tiromobiletyres.com.au/wp-content/uploads/2026/02/SUMAXX-ALL-TERRAIN-img1.jpg,,,,,,,,,0,SUMAXX,"Product IP",SNMAXX-002,1,1,"Tyre Type",4X4,1,1,Pattern,"ALL TERRAIN",1,1,Size,"265/50R20 111T",1,1,Width,265,1,1,Profile,50,1,1,Diameter,20,1,1,"Load Index",111,1,1,"Speed Rating",T,1,1,,,,,,,,,,,,,"ALL TERRAIN","265/50R20 111T",,has-errors,1785374725,sync-and-show,approved,,,,,,,,,,,,,3896bc76a3a262fe94c2b358709356d5
912,simple,,,"ZETA ZIVARO A/T - ZETAMS03.191.01",1,0,visible,,"The Zeta ZIVARO is high-performance tyre designed for the most demanding applications. The tread pattern is designed for fast and safe operation in the A/T segment.",,,taxable,,1,,,0,0,,,,,0,,,189.00,"All Terrian, Tyres","2655020, A/T",,https://www.tiromobiletyres.com.au/wp-content/uploads/2025/12/ZETA-ZIVARO-AT-img-1.jpg,,,,,,,,,0,ZETA,"Product IP",ZETAMS03.191.01,1,1,"Tyre Type",4X4,1,1,Pattern,"ZIVARO A/T",1,1,Size,"265/50R20 111V",1,1,Width,265,1,1,Profile,50,1,1,Diameter,20,1,1,"Load Index",111,1,1,"Speed Rating",V,1,1,,,,,,,,,,,,,"ZIVARO A/T","265/50R20 111V",,synced,1787541302,sync-and-show,approved,,,,,,,,,,,,,
913,simple,,,"CONTINENTAL ULTRACONTACT UC6 - 354961",1,0,visible,,"The Continental Ultra Contact UC6 uses cutting-edge design for an enhanced driving experience. This tyre promises the best performance on all levels for your choice car. The tread compound includes a special blend of polymers that enhances grip by transforming energy into heat for exceptional braking capacity and unparalleled control on wet and dry road surfaces. Its tread block pattern has been fine-tuned for shorter braking distances with adjustments to the pattern that allow for a more even distribution of braking force.\n\n<strong>Features:</strong>\n<ul>\n<li>Innovative combination of surface sipes and grooves</li>\n<li>Unique Diamond Edge block pattern for shorter, cleaner braking distances</li>\n<li>Noise Breakers embedded within the tread grooves diminishing sound for a quiet ride</li>\n<li>Low noise levels</li>\n<li>Smooth and comfortable ride</li>\n<li>Tight grip</li>\n</ul>",,,taxable,,1,,,0,0,,,,,0,,,249.00,Tyres,2655020,,https://www.tiromobiletyres.com.au/wp-content/uploads/2026/01/ULTRACONTACT-UC6-SUV-img.jpg,,,,,,,,,0,CONTINENTAL,"Product IP",354961,1,1,"Tyre Type",SUV,1,1,Pattern,"ULTRACONTACT UC6",1,1,Size,"XL 265/50R20 111V",1,1,Width,265,1,1,Profile,50,1,1,Diameter,20,1,1,"Load Index",111,1,1,"Speed Rating",V,1,1,,,,,,,,,,,,,"ULTRACONTACT UC6","XL 265/50R20 111V",,synced,1787541302,sync-and-show,approved,,,,,,,,,,,,,
914,simple,,,"DUNLOP GRANDTREK AT30 - AU10350529",1,0,visible,,,,,taxable,,1,,,0,0,,,,,0,,,383.42,"All Terrian, Tyres","2655520, A/T",,https://www.tiromobiletyres.com.au/wp-content/uploads/2025/12/image-coming-soon.jpg,,,,,,,,,0,DUNLOP,"Product IP",AU10350529,1,1,"Tyre Type","LT, PASSENGER",1,1,Pattern,"GRANDTREK AT30",1,1,Size,"265/55R20 113V",1,1,Width,265,1,1,Profile,55,1,1,Diameter,20,1,1,"Load Index",113,1,1,"Speed Rating",V,1,1,,,,,,,,,,,,,"GRANDTREK AT30","265/55R20 113V",,has-errors,1785374725,sync-and-show,approved,,,,,,,,,,,,,49fed6d1aa619f02b5a5537255cd68fa
915,simple,,,"YOKOHAMA GEOLANDAR X-CV G057 - 2655520G057",1,0,visible,,"The Geolandar X-CV is the all new high performance tyre product for Premium Crossover SUVs. Geolandar X-CV boasts an Asymmetrical tread pattern that allows for better grip, handling and comfort. It features long lasting mileage performance and has a Treadwear rating of 520. The Geolandar X-CV performance is outstanding in all weather conditions providing exceptional reliability all year round.",,,taxable,,1,,,0,0,,,,,0,,,432.66,Tyres,2655520,,https://www.tiromobiletyres.com.au/wp-content/uploads/2026/02/YOKOHAMA-GEOLANDAR-X-CV-G057-img1-1.jpg,,,,,,,,,0,YOKOHAMA,"Product IP",2655520G057,1,1,"Tyre Type",4WD,1,1,Pattern,"GEOLANDAR X-CV G057",1,1,Size,"265/55R20 109V",1,1,Width,265,1,1,Profile,55,1,1,Diameter,20,1,1,"Load Index",109,1,1,"Speed Rating",V,1,1,,,,,,,,,,,,,"GEOLANDAR X-CV G057","265/55R20 109V",,synced,1787541302,sync-and-show,approved,,,,,,,,,,,,,
918,simple,,,"BRIDGESTONE DUELER A/T D693 - 11006523",1,0,visible,,"Designed to meet the demands of high performance 4x4s, this all terrain tyre offers excellent performance off road without compromising on highway comfort or handling.\n\n<ul>\n <li>Comfortable, quiet ride on the road</li>\n <li>Exceptional puncture resistance</li>\n <li>Excellent load carrying capacity</li>\n <li>Longer wear life</li>\n</ul>",,,taxable,,1,,,0,0,,,,,0,,,442.37,"All Terrian, Tyres",2655520,,https://www.tiromobiletyres.com.au/wp-content/uploads/2026/02/BRIDGESTONE-DUELER-AT-D693-img1.jpg,,,,,,,,,0,BRIDGESTONE,"Product IP",11006523,1,1,"Tyre Type",SUV,1,1,Pattern,"DUELER A/T D693",1,1,Size,"265/55R20 113V",1,1,Width,265,1,1,Profile,55,1,1,Diameter,20,1,1,"Load Index",113,1,1,"Speed Rating",V,1,1,,,,,,,,,,,,,"DUELER A/T D693","265/55R20 113V",,synced,1787541302,sync-and-show,approved,,,,,,,,,,,,,
920,simple,,,"ZETA IMPERO - ZETAMS03.048.03",1,0,visible,,"<strong>Features:</strong>\n<ul>\n<li>The right tire for large size Sport Utility Vehicles and large diameter wheel applications.</li>\n<li>4 wide longitudinal grooves improve drainage and wet weather performance.</li>\n<li>Anti-Hydroplaning lateral grooves offer excellent wet performance.</li>\n<li>3 center block provide straight driving stability.</li>\n<li>Optimized shoulder blocks maximize grip during cornering, and provide a smooth quiet ride.</li>\n</ul>",,,taxable,,1,,,0,0,,,,,0,,,165.00,Tyres,2754020,,https://www.tiromobiletyres.com.au/wp-content/uploads/2026/01/ZETA-IMPERO-img.jpg,,,,,,,,,0,ZETA,"Product IP",ZETAMS03.048.03,1,1,"Tyre Type",SUV,1,1,Pattern,IMPERO,1,1,Size,"275/40ZR20 106W",1,1,Width,275,1,1,Profile,40,1,1,Diameter,20,1,1,"Load Index",106,1,1,"Speed Rating",W,1,1,,,,,,,,,,,,,IMPERO,"275/40ZR20 106W",,synced,1787541302,sync-and-show,approved,,,,,,,,,,,,,
921,simple,,,"ZETA IMPERO - ZETAMS03.048.04",1,0,visible,,"<strong>Features:</strong>\n<ul>\n<li>The right tire for large size Sport Utility Vehicles and large diameter wheel applications.</li>\n<li>4 wide longitudinal grooves improve drainage and wet weather performance.</li>\n<li>Anti-Hydroplaning lateral grooves offer excellent wet performance.</li>\n<li>3 center block provide straight driving stability.</li>\n<li>Optimized shoulder blocks maximize grip during cornering, and provide a smooth quiet ride.</li>\n</ul>",,,taxable,,1,,,0,0,,,,,0,,,224.14,Tyres,"2754020, Runflat",,https://www.tiromobiletyres.com.au/wp-content/uploads/2026/01/ZETA-IMPERO-img.jpg,,,,,,,,,0,ZETA,"Product IP",ZETAMS03.048.04,1,1,"Tyre Type",UHP,1,1,Pattern,IMPERO,1,1,Size,"275/40R20 106W",1,1,Width,275,1,1,Profile,40,1,1,Diameter,20,1,1,"Load Index",106,1,1,"Speed Rating",W,1,1,,,,,,,,,,,,,IMPERO,"275/40R20 106W",,synced,1787541302,sync-and-show,approved,,,,,,,,,,,,,
922,simple,,,"PIRELLI PZERO NERO ALL SEASON - MSP2754020",1,0,visible,,"CAR | ALL SEASON | PERFORMANCE\n\nWinning combination of quiet ride, precise cornering and superior grip in both wet and dry driving conditions\n\nThe P Zero Nero All Season is Pirelli's Ultra High Performance All-Season tyre designed to provide all-season traction and handling. It was developed for drivers who operate their vehicles in America's various weather conditions, including in light snow.\n\nThis line originated as the P Zero Nero M+S ""Pinna"" line that identified Pirelli use of a tread design that features additional sipes to enhance snow traction compared to P Zero Nero M+S tires. The sidewalls of all existing O.E. conventional and run-flat P Zero Nero M+S Pinna tires will be rebranded to add the ""All Season"" identification and will be available under the P Zero Nero All Season name as the line moves forward. P Zero Nero All Season tires are fully compatible with the P Zero Nero M+S Pinna tires and may be used to replace them individually, in pairs or sets.\n\nThe P Zero Nero All Season features a silica-enhanced tread compound blended to provide traction during high temperatures in the dry and low temperatures in the wet or snow. This compound is molded into an asymmetric tread design that features stable outside shoulder blocks combined with siped, continuous intermediate and center ribs that increase footprint rigidity to enhance dry grip during acceleration and braking. Shoulder grooves and circumferential channels allow water to flow through the tread design to resist hydroplaning and enhance wet traction. The tire's internal structure includes twin steel belts to provide strength and durability on top of a polyester cord body.\n\n\n",,,taxable,,1,,,0,0,,,,,0,,,267.70,Tyres,2754020,,https://www.tiromobiletyres.com.au/wp-content/uploads/2026/02/PIRELLI-PZERO-NERO-ALL-SEASON-img1.jpg,,,,,,,,,0,PIRELLI,"Product IP",MSP2754020,1,1,"Tyre Type",UHP,1,1,Pattern,"PZERO NERO ALL SEASON",1,1,Size,"XL DOT 2021275/40R20 106Y",1,1,Width,275,1,1,Profile,40,1,1,Diameter,20,1,1,"Load Index",106,1,1,"Speed Rating",Y,1,1,,,,,,,,,,,,,"PZERO NERO ALL SEASON","XL DOT 2021275/40R20 106Y",,synced,1787541302,sync-and-show,approved,,,,,,,,,,,,,
924,simple,,,"BRIDGESTONE A001 - 11004063",1,0,visible,,"The Dueler H/L Alenza beautifully blends form with function, taking comfort and control to a higher level while complementing the contemporary design of luxury SUVs, CUVs and Light Trucks with a sleek tread design and EverBlack sidewall technology. Featuring dual layer tread compounds, as the Bridgestone Dueler H/L Alenza wears, the underlying high-grip rubber is exposed, helping offset the effects of wear on wet traction. Take control of the road with the quiet and comfortable Dueler H/L Alenza light truck tire. \n\n",,,taxable,,1,,,0,0,,,,,0,,,316.28,Tyres,2754020,,https://www.tiromobiletyres.com.au/wp-content/uploads/2026/02/BRIDGESTONE-A001-img1.jpg,,,,,,,,,0,BRIDGESTONE,"Product IP",11004063,1,1,"Tyre Type",SUV,1,1,Pattern,A001,1,1,Size,"275/40R20 106Y",1,1,Width,275,1,1,Profile,40,1,1,Diameter,20,1,1,"Load Index",106,1,1,"Speed Rating",Y,1,1,,,,,,,,,,,,,A001,"275/40R20 106Y",,synced,1787541302,sync-and-show,approved,,,,,,,,,,,,,
926,simple,,,"ZETA IMPERO - ZETAMS03.063.02",1,0,visible,,"<strong>Features:</strong>\n<ul>\n<li>The right tire for large size Sport Utility Vehicles and large diameter wheel applications.</li>\n<li>4 wide longitudinal grooves improve drainage and wet weather performance.</li>\n<li>Anti-Hydroplaning lateral grooves offer excellent wet performance.</li>\n<li>3 center block provide straight driving stability.</li>\n<li>Optimized shoulder blocks maximize grip during cornering, and provide a smooth quiet ride.</li>\n</ul>",,,taxable,,1,,,0,0,,,,,0,,,173.00,Tyres,2754520,,https://www.tiromobiletyres.com.au/wp-content/uploads/2026/01/ZETA-IMPERO-img.jpg,,,,,,,,,0,ZETA,"Product IP",ZETAMS03.063.02,1,1,"Tyre Type",SUV,1,1,Pattern,IMPERO,1,1,Size,"275/45R20 110W",1,1,Width,275,1,1,Profile,45,1,1,Diameter,20,1,1,"Load Index",110,1,1,"Speed Rating",W,1,1,,,,,,,,,,,,,IMPERO,"275/45R20 110W",,synced,1787541302,sync-and-show,approved,,,,,,,,,,,,,
927,simple,,,"HANKOOK ION EVO AS SUV IH01A - 1033172",1,0,visible,,,,,taxable,,1,,,0,0,,,,,0,,,285.00,Tyres,2754520,,https://www.tiromobiletyres.com.au/wp-content/uploads/2026/03/HANKOOK-ION-EVO-AS-SUV-IH01A-img.jpg,,,,,,,,,0,HANKOOK,"Product IP",1033172,1,1,"Tyre Type","4X4, EV UHP, SUV",1,1,Pattern,"ION EVO AS SUV IH01A",1,1,Size,"275/45R20 110V",1,1,Width,275,1,1,Profile,45,1,1,Diameter,20,1,1,"Load Index",110,1,1,"Speed Rating",V,1,1,,,,,,,,,,,,,"ION EVO AS SUV IH01A","275/45R20 110V",,has-errors,1785374725,sync-and-show,approved,,,,,,,,,,,,,1e765ec8912415a9a0e817b759308872
929,simple,,,"ZETA IMPERO - ZTAM03.063.03",1,0,visible,,"<strong>Features:</strong>\n<ul>\n<li>The right tire for large size Sport Utility Vehicles and large diameter wheel applications.</li>\n<li>4 wide longitudinal grooves improve drainage and wet weather performance.</li>\n<li>Anti-Hydroplaning lateral grooves offer excellent wet performance.</li>\n<li>3 center block provide straight driving stability.</li>\n<li>Optimized shoulder blocks maximize grip during cornering, and provide a smooth quiet ride.</li>\n</ul>",,,taxable,,1,,,0,0,,,,,0,,,285.00,Tyres,"2754520, Runflat",,https://www.tiromobiletyres.com.au/wp-content/uploads/2026/01/ZETA-IMPERO-img.jpg,,,,,,,,,0,ZETA,"Product IP",ZTAM03.063.03,1,1,"Tyre Type","SUV TYRE",1,1,Pattern,IMPERO,1,1,Size,"275/45ZR20 110W",1,1,Width,275,1,1,Profile,45,1,1,Diameter,20,1,1,"Load Index",110,1,1,"Speed Rating",W,1,1,,,,,,,,,,,,,IMPERO,"275/45ZR20 110W",,synced,1787541302,sync-and-show,approved,,,,,,,,,,,,,
930,simple,,,"HANKOOK DYNAPRO HPX RA43 - 1030879",1,0,visible,,,,,taxable,,1,,,0,0,,,,,1,,,295.00,Tyres,2754520,,https://www.tiromobiletyres.com.au/wp-content/uploads/2026/02/HANKOOK-HPX-RA43-img1.jpg,,,,,,,,,0,HANKOOK,"Product IP",1030879,1,1,"Tyre Type","4X4, SUV, UHP",1,1,Pattern,"DYNAPRO HPX RA43",1,1,Size,"275/45R20 110V",1,1,Width,275,1,1,Profile,45,1,1,Diameter,20,1,1,"Load Index",110,1,1,"Speed Rating",V,1,1,,,,,,,,,,,,,"DYNAPRO HPX RA43","275/45R20 110V",,has-errors,1785374725,sync-and-show,approved,,,,,,,,,,,,,d63fbd07078b45c3e1e1278d2f82f222
931,simple,,,"SUMAXX ALL TERRAIN - SNMAXX-006",1,0,visible,,,,,taxable,,1,,,0,0,,,,,0,,,185.00,"All Terrian, Tyres","2755520, A/T",,https://www.tiromobiletyres.com.au/wp-content/uploads/2026/02/SUMAXX-ALL-TERRAIN-img1.jpg,,,,,,,,,0,SUMAXX,"Product IP",SNMAXX-006,1,1,"Tyre Type",4X4,1,1,Pattern,"ALL TERRAIN",1,1,Size,"275/55R20 117T",1,1,Width,275,1,1,Profile,55,1,1,Diameter,20,1,1,"Load Index",117,1,1,"Speed Rating",T,1,1,,,,,,,,,,,,,"ALL TERRAIN","275/55R20 117T",,has-errors,1785374725,sync-and-show,approved,,,,,,,,,,,,,70363781836b32244e35bf66dc27a38b
932,simple,,,"ZETA IMPERO - ZTAM03.222.01",1,0,visible,,"<strong>Features:</strong>\n<ul>\n<li>The right tire for large size Sport Utility Vehicles and large diameter wheel applications.</li>\n<li>4 wide longitudinal grooves improve drainage and wet weather performance.</li>\n<li>Anti-Hydroplaning lateral grooves offer excellent wet performance.</li>\n<li>3 center block provide straight driving stability.</li>\n<li>Optimized shoulder blocks maximize grip during cornering, and provide a smooth quiet ride.</li>\n</ul>",,,taxable,,1,,,0,0,,,,,0,,,209.00,Tyres,2755520,,https://www.tiromobiletyres.com.au/wp-content/uploads/2026/01/ZETA-IMPERO-img.jpg,,,,,,,,,0,ZETA,"Product IP",ZTAM03.222.01,1,1,"Tyre Type","SUV TYRE",1,1,Pattern,IMPERO,1,1,Size,"275/55ZR20 117W",1,1,Width,275,1,1,Profile,55,1,1,Diameter,20,1,1,"Load Index",117,1,1,"Speed Rating",W,1,1,,,,,,,,,,,,,IMPERO,"275/55ZR20 117W",,synced,1787541302,sync-and-show,approved,,,,,,,,,,,,,
933,simple,,,"ZETA ANTARCTICA SPORT - ZTAM46.123.01",1,0,visible,,"Light Truck and SUVs /Winter/High Performance\n\n<div><b>Features:</b></div>\n<ul>\n<li>V-shaped directional adjustable tread design integrating comfort and safety on ice and snow surface.</li>\n<li>Advanced tread compound formulation fitted especially for very low temperature conditions.</li>\n<li>Enhances pulling capacity and traction performance on heavy ice due to optimised stud pin position combined with multi-sipe groove arrangement.</li>\n<li>New generation studdable winter tyre.</li>\n<li>Specially developped soft compound with silica tread; good combination of winter properties with optimal wet and dry performance.</li>\n<li>Utilized #8-11, double-flangestuds enables safer driving behavior.</li>\n<li>Certified snowflake symbol.</li>\n</ul>",,,taxable,,1,,,0,0,,,,,0,,,265.01,Tyres,2755520,,https://www.tiromobiletyres.com.au/wp-content/uploads/2026/01/ZETA-ANTARCTICA-SPORT-img.jpg,,,,,,,,,0,ZETA,"Product IP",ZTAM46.123.01,1,1,"Tyre Type","SUV TYRE",1,1,Pattern,"ANTARCTICA SPORT",1,1,Size,"275/55ZR20 117H",1,1,Width,275,1,1,Profile,55,1,1,Diameter,20,1,1,"Load Index",117,1,1,"Speed Rating",H,1,1,,,,,,,,,,,,,"ANTARCTICA SPORT","275/55ZR20 117H",,synced,1787541302,sync-and-show,approved,,,,,,,,,,,,,
934,simple,,,"NEXEN RODIAN HTX - 15278NXK",1,0,visible,,,,,taxable,,1,,,0,0,,,,,1,,,291.36,Tyres,2755520,,https://www.tiromobiletyres.com.au/wp-content/uploads/2026/02/NEXEN-RODIAN-HTX-img1.jpg,,,,,,,,,0,NEXEN,"Product IP",15278NXK,1,1,Pattern,"RODIAN HTX",1,1,Size,"275/55R20 113T",1,1,Width,275,1,1,Profile,55,1,1,Diameter,20,1,1,"Load Index",113,1,1,"Speed Rating",T,1,1,,,,,,,,,,,,,,,,,"RODIAN HTX","275/55R20 113T",,has-errors,1785374725,sync-and-show,,,,,,,,,,,,,,4122c7b50993a6e7fe7afb5b46daee13
936,simple,,,"SUMAXX ALL TERRAIN - SNMAXX-003",1,0,visible,,,,,taxable,,1,,,0,0,,,,,0,,,185.00,"All Terrian, Tyres","2855020, A/T",,https://www.tiromobiletyres.com.au/wp-content/uploads/2026/02/SUMAXX-ALL-TERRAIN-img1.jpg,,,,,,,,,0,SUMAXX,"Product IP",SNMAXX-003,1,1,"Tyre Type",4X4,1,1,Pattern,"ALL TERRAIN",1,1,Size,"285/50R20 116H",1,1,Width,285,1,1,Profile,50,1,1,Diameter,20,1,1,"Load Index",116,1,1,"Speed Rating",H,1,1,,,,,,,,,,,,,"ALL TERRAIN","285/50R20 116H",,has-errors,1785374725,sync-and-show,,,,,,,,,,,,,,44bcabfaf1bba39757bc174e0ef6a00d
937,simple,,,"CONTINENTAL CONTIPREMIUMCONTACT 6 - 03590720007",1,0,visible,,,,,taxable,,1,,,0,0,,,,,1,,,265.01,Tyres,2855020,,https://www.tiromobiletyres.com.au/wp-content/uploads/2025/12/CONTINENTAL-CONTIPREMIUMCONTACT-6-img.png,,,,,,,,,0,CONTINENTAL,"Product IP",03590720007,1,1,"Tyre Type",SUV,1,1,Pattern,"CONTIPREMIUMCONTACT 6",1,1,Size,"285/50R20 116W",1,1,Width,285,1,1,Profile,50,1,1,Diameter,20,1,1,"Load Index",116,1,1,"Speed Rating",W,1,1,,,,,,,,,,,,,"CONTIPREMIUMCONTACT 6","285/50R20 116W",,has-errors,1785374725,sync-and-show,approved,,,,,,,,,,,,,5f259d3bbf177acac260c1a117538cd0
938,simple,,,"HANKOOK DYNAPRO HP2 RA33 - 1015279",1,0,visible,,"<strong>Features:</strong>\n<strong>High-performance tyre for luxury SUVs</strong>\nA high-performance tyre for premium SUVs. The Dynapro HP2 meets all the conditions required for premium SUVs including excellent wet performance, low noise, rolling resistance and excellent mileage.\n\n<strong>Straight 4-channel waterway</strong>\nResists hydroplaning & aquaplaning performance up.\n\n<strong>High stiffness centre rib</strong>\nStiff centre tread blocks provide precise steering.\n\n<strong>Silencer sipes</strong>\nPrevents harmonic tread pattern sound.\n\n<strong>Aqua slant sipes & groove</strong>\nRadial direction sipes provide improved handling in wet and dry conditions by locking together for greater rigidity. Lateral grooves provide resistance to hydroplaning.\n\n<strong>Tyre Structure</strong>\nHigh loading silica compound\nDry/wet traction is improved and rolling resistance is lowered.\n\n<strong>Jointless full cover reinforced belt</strong>\nIdeal tread strength.\n\n<strong>Wide 2 steel belt layer</strong>\nBetter dry/wet handling.\n\n<strong>High density polyester carcass</strong>\nBetter steering & handling response.\n\n<strong>Strong single strand bead wire</strong>\nBetter steering and handling response.",,,taxable,,1,,,0,0,,,,,1,,,315.00,Tyres,2855020,,https://www.tiromobiletyres.com.au/wp-content/uploads/2026/01/HANKOOK-DYNAPRO-HP2-img.jpg,,,,,,,,,0,HANKOOK,"Product IP",1015279,1,1,"Tyre Type",4X4,1,1,Pattern,"DYNAPRO HP2 RA33",1,1,Size,"285/50R20 112V",1,1,Width,285,1,1,Profile,50,1,1,Diameter,20,1,1,"Load Index",112,1,1,"Speed Rating",V,1,1,,,,,,,,,,,,,"DYNAPRO HP2 RA33","285/50R20 112V",,synced,1787541302,sync-and-show,approved,,,,,,,,,,,,,
939,simple,,,"PIRELLI SCORPION ALL TERRAIN PLUS - 3952500",1,0,visible,,"The new Scorpion™ All Terrain Plus is designed to deliver high off-road performance even on difficult surfaces: rocks, snow, mud, grass and sand. The new aggressive tread pattern design and its robust carcass make the new Scorpion™ All Terrain Plus the perfect choice to ride for long distances without any compromise in safety and comfort on road. Thanks to its specifically designed tread pattern it is able to evacuate water, mud, and stones. The sipes inserted inside the tread blocks deliver high level of grip on slippery surfaces.\n\nThe new Scorpion™ All Terrain Plus is suitable also on tough off-road conditions, thanks to its reinforced sidewall and the shape and dimensions of its blocks. The new Scorpion™ All Terrain Plus can also count on the three peaks mountain snowflake and the M+S marking.\n",,,taxable,,1,,,0,0,,,,,0,,,361.00,"All Terrian, Tyres","2855020, A/T",,https://www.tiromobiletyres.com.au/wp-content/uploads/2026/02/PIRELLI-SCORPION-ALL-TERRAIN-PLUS-img.jpg,,,,,,,,,0,PIRELLI,"Product IP",3952500.,1,1,"Tyre Type",UHP,1,1,Pattern,"SCORPION ALL TERRAIN PLUS",1,1,Size,"285/50R20 116T",1,1,Width,285,1,1,Profile,50,1,1,Diameter,20,1,1,"Load Index",116,1,1,"Speed Rating",T,1,1,,,,,,,,,,,,,"SCORPION ALL TERRAIN PLUS","285/50R20 116T",,synced,1787541302,sync-and-show,approved,,,,,,,,,,,,,
940,simple,,,"GOODYEAR WRANGLER DURATRAC - 533827",1,0,visible,,"Off Road\n\nThe award-winning Goodyear Wrangler DuraTrac is an extremely versatile 4WD tyre offering outstanding off road traction. Featuring Tractive Groove Technology for enhanced traction in mud and self cleaning shoulder blocks which help provide enhanced dirt, gravel and mud traction, you'll be able to tackle a wide variety of conditions in your 4x4 vehicle.\n\nOff Road trade magazine readers selected the Goodyear Wrangler DuraTrac as the best off-road tyre in Europe. It won in the category of ""Traction Tyres,"" which was featured for the first time this year.\n\n<strong>Features</strong>\n<ul>\n<li>Tractive groove technology</li>\n<li>High angled centre tread blocks</li>\n<li>Self cleaning tread pattern</li>\n<li>Rim flange protector</li>\n</ul>\n\n<strong>Benefits</strong>\n<ul>\n<li>Offers enhanced traction in deep mud, dirt and sand</li>\n<li>Provides enhanced traction and lateral stability while reducing road noise</li>\n<li>Maintains powerful traction in mud, deep gravel and other loose surface conditions.</li>\n<li>Protects rims from curbs and potholes</li>\n</ul>",,,taxable,,1,,,0,0,,,,,1,,,315.00,Tyres,2856020,,https://www.tiromobiletyres.com.au/wp-content/uploads/2026/02/GOODYEAR-WRANGLER-DURATRAC.jpg,,,,,,,,,0,GOODYEAR,"Product IP",533827,1,1,"Tyre Type","4X4, SUV",1,1,Pattern,"WRANGLER DURATRAC",1,1,Size,"285/60R20 125/122Q",1,1,Width,285,1,1,Profile,60,1,1,Diameter,20,1,1,"Load Index",125/122,1,1,"Speed Rating",Q,1,1,,,,,,,,,,,,,"WRANGLER DURATRAC","285/60R20 125/122Q",,synced,1787541302,sync-and-show,approved,,,,,,,,,,,,,
941,simple,,,"GENERAL TIRE GRABBER A/TX - 04508200000",1,0,visible,,"<strong>Why choose this tyre</strong>\n<ul>\n <li>Excellent wear and penetration resistance.</li>\n <li>Confident handling and braking on all surfaces.</li>\n <li>A remarkably comfortable and quiet ride on tar surfaces.</li>\n</ul>\n\n<strong>Technical Details</strong>\n<ul>\n <li>Duragen Technology</li>\n <li>3-Peak Mountain Snowflake + studdable capability</li>\n <li>Available in Raised White Letter (RWL) and Black Sidewall (BSW)</li>\n</ul>",,,taxable,,1,,,0,0,,,,,0,,,335.00,"All Terrian, Tyres","2856020, A/T",,https://www.tiromobiletyres.com.au/wp-content/uploads/2026/02/GENERAL-TIRE-GRABBER-AT-X-img1-1.jpg,,,,,,,,,0,GENERAL,"Product IP",04508200000,1,1,"Tyre Type","4WD AT",1,1,Pattern,"GRABBER A/TX",1,1,Size,"285/60R20 125/122S",1,1,Width,285,1,1,Profile,60,1,1,Diameter,20,1,1,"Load Index",125/122,1,1,"Speed Rating",S,1,1,,,,,,,,,,,,,"GRABBER A/TX","285/60R20 125/122S",,synced,1787541302,sync-and-show,approved,,,,,,,,,,,,,
943,simple,,,"ZETA ZIVARO A/T - ZTAMS03.149.01",1,0,visible,,"The Zeta ZIVARO is high-performance tyre designed for the most demanding applications. The tread pattern is designed for fast and safe operation in the A/T segment.",,,taxable,,1,,,0,0,,,,,0,,,235.00,"All Terrian, Tyres","2856020, A/T",,https://www.tiromobiletyres.com.au/wp-content/uploads/2025/12/ZETA-ZIVARO-AT-img-1.jpg,,,,,,,,,0,ZETA,"Product IP",ZTAMS03.149.01,1,1,"Tyre Type","4X4, LIGHT TRUCK",1,1,Pattern,"ZIVARO A/T",1,1,Size,"285/60R20 125/125S",1,1,Width,285,1,1,Profile,60,1,1,Diameter,20,1,1,"Load Index",125/125,1,1,"Speed Rating",S,1,1,,,,,,,,,,,,,"ZIVARO A/T","285/60R20 125/125S",,synced,1787541302,sync-and-show,approved,,,,,,,,,,,,,
944,simple,,,"YOKOHAMA GEOLANDAR X-AT G016 - 2856020G016",1,0,visible,,,,,taxable,,1,,,0,0,,,,,0,,,495.11,"All Terrian, Tyres","2856020, A/T",,https://www.tiromobiletyres.com.au/wp-content/uploads/2026/02/YOKOHAMA-GEOLANDAR-X-AT-G016-img1-1.jpg,,,,,,,,,0,YOKOHAMA,"Product IP",2856020G016,1,1,"Tyre Type",4WD,1,1,Pattern,"GEOLANDAR X-AT G016",1,1,Size,"285/60R20 125Q",1,1,Width,285,1,1,Profile,60,1,1,Diameter,20,1,1,"Load Index",125,1,1,"Speed Rating",Q,1,1,,,,,,,,,,,,,"GEOLANDAR X-AT G016","285/60R20 125Q",,has-errors,1785374725,sync-and-show,,,,,,,,,,,,,,f5da6c99257477032e11f5eca29e4fd6
947,simple,,,"SUMAXX ALL TERRAIN - SNMAXX-007",1,0,visible,,,,,taxable,,1,,,0,0,,,,,0,,,205.00,"All Terrian, Tyres","2855520, A/T",,https://www.tiromobiletyres.com.au/wp-content/uploads/2026/02/SUMAXX-ALL-TERRAIN-img1.jpg,,,,,,,,,0,SUMAXX,"Product IP",SNMAXX-007,1,1,"Tyre Type",4X4,1,1,Pattern,"ALL TERRAIN",1,1,Size,"285/55R20 119T",1,1,Width,285,1,1,Profile,55,1,1,Diameter,20,1,1,"Load Index",119,1,1,"Speed Rating",T,1,1,,,,,,,,,,,,,"ALL TERRAIN","285/55R20 119T",,has-errors,1785374725,sync-and-show,approved,,,,,,,,,,,,,4839769a254bd135cf1c1b8bc9838c3c
948,simple,,,"TOLEDO RAGNAR R9 - 117.007.27",1,0,visible,,,,,taxable,,1,,,0,0,,,,,0,,,225.00,Tyres,2855520,,https://www.tiromobiletyres.com.au/wp-content/uploads/2026/01/TOLEDO-RAGNAR-R9-img.jpg,,,,,,,,,0,TOLEDO,"Product IP",117.007.27,1,1,"Tyre Type",R/T,1,1,Pattern,"RAGNAR R9",1,1,Size,"LT285/55R20 117/114Q",1,1,Width,285,1,1,Profile,55,1,1,Diameter,20,1,1,"Load Index",117/114,1,1,"Speed Rating",Q,1,1,,,,,,,,,,,,,"RAGNAR R9","LT285/55R20 117/114Q",,has-errors,1785374725,sync-and-show,approved,,,,,,,,,,,,,f45adc4774eec88c66a88391ca66a89c
949,simple,,,"GENERAL TIRE GRABBER A/TX - 04508170000",1,0,visible,,"<strong>Why choose this tyre</strong>\n<ul>\n <li>Excellent wear and penetration resistance.</li>\n <li>Confident handling and braking on all surfaces.</li>\n <li>A remarkably comfortable and quiet ride on tar surfaces.</li>\n</ul>\n\n<strong>Technical Details</strong>\n<ul>\n <li>Duragen Technology</li>\n <li>3-Peak Mountain Snowflake + studdable capability</li>\n <li>Available in Raised White Letter (RWL) and Black Sidewall (BSW)</li>\n</ul>",,,taxable,,1,,,0,0,,,,,0,,,339.00,"All Terrian, Tyres","2855520, A/T",,https://www.tiromobiletyres.com.au/wp-content/uploads/2026/02/GENERAL-TIRE-GRABBER-AT-X-img1-1.jpg,,,,,,,,,0,GENERAL,"Product IP",04508170000,1,1,"Tyre Type","4WD AT",1,1,Pattern,"GRABBER A/TX",1,1,Size,"285/55R20 117/114T",1,1,Width,285,1,1,Profile,55,1,1,Diameter,20,1,1,"Load Index",117/114,1,1,"Speed Rating",T,1,1,,,,,,,,,,,,,"GRABBER A/TX","285/55R20 117/114T",,synced,1787541302,sync-and-show,approved,,,,,,,,,,,,,
950,simple,,,"YOKOHAMA GEOLANDER X-AT G016 - 2855520G016",1,0,visible,,,,,taxable,,1,,,0,0,,,,,0,,,475.00,"All Terrian, Tyres","2855520, A/T",,https://www.tiromobiletyres.com.au/wp-content/uploads/2026/02/YOKOHAMA-GEOLANDAR-X-AT-G016-img1-1.jpg,,,,,,,,,0,YOKOHAMA,"Product IP",2855520G016,1,1,"Tyre Type",4WD,1,1,Pattern,"GEOLANDAR X-AT G016",1,1,Size,"285/55R20 122Q",1,1,Width,285,1,1,Profile,55,1,1,Diameter,20,1,1,"Load Index",122,1,1,"Speed Rating",Q,1,1,,,,,,,,,,,,,"GEOLANDAR X-AT G016","285/55R20 122Q",,has-errors,1785374725,sync-and-show,,,,,,,,,,,,,,cc14a86b27282dfffbcd0d2de36678e9
951,simple,,,"MINNELL SAFY M06 - 230352MI",1,0,visible,,,,,taxable,,1,,,0,0,,,,,1,,,129.00,Tyres,"2453521, Runflat",,https://www.tiromobiletyres.com.au/wp-content/uploads/2026/02/MINNELL-SAFY-M06-img.jpg,,,,,,,,,0,MINNELL,"Product IP",230352MI,1,1,"Tyre Type",PASSENGER,1,1,Pattern,"SAFY M06",1,1,Size,"245/35ZR21 96W",1,1,Width,245,1,1,Profile,35,1,1,Diameter,21,1,1,"Load Index",96,1,1,"Speed Rating",W,1,1,,,,,,,,,,,,,"SAFY M06","245/35ZR21 96W",,has-errors,1785374728,sync-and-show,approved,,,,,,,,,,,,,98451918dfcf0aa53e38d341299ddd60
952,simple,,,"HANKOOK ION EVO AS IH01 - 1033205",1,0,visible,,,,,taxable,,1,,,0,0,,,,,0,,,365.00,Tyres,2453521,,https://www.tiromobiletyres.com.au/wp-content/uploads/2026/02/HANKOOK-ION-EVO-AS-SUV-IH01A-img1.jpg,,,,,,,,,0,HANKOOK,"Product IP",1033205,1,1,"Tyre Type","SUV H",1,1,Pattern,"ION EVO AS IH01",1,1,Size,"245/35R21 96Y, Sound Absorber",1,1,Width,245,1,1,Profile,35,1,1,Diameter,21,1,1,"Load Index",96,1,1,"Speed Rating",Y,1,1,,,,,,,,,,,,,"ION EVO AS IH01","245/35R21 96Y | Sound Absorber",,has-errors,1785374728,sync-and-show,approved,,,,,,,,,,,,,09dcfafe3828e79ca0db047ded63484f
953,simple,,,"CONTINENTAL CONTISPORTCONTACT 5P - 3578600",1,0,visible,,"<strong>Safe performance for high performance cars while offering maximum driver enjoyment and confidence.</strong>\n\nThe latest innovation from the Continental experts. A high performance tire that offers maximum safety and driving pleasure for highly tuned cars. The ContiSportContact 5P is individually adjusted to meet the specific requirements of the front and rear axle positions. With precise steering and maximum grip under all conditions the vehicle's perform to their full potential on the road. The ContiSportContact 5P ""does not only go fast, it stops fast too."" It is therefore recommended by leading experts.\n\n<strong>Key Features:</strong>\n<strong>Perfect steering precision and sporty handling.</strong>\nWith precise steering and maximum grip under all conditions, the ContiSportContac 5 P puts you in total control of your vehicle.\n\n<strong>Outstanding grip and stability during cornering.</strong>\nWhichever road you're on, the tyre adapts perfectly to its surface - especially during fast cornering.\n\n<strong>Short braking distances on both wet and dry roads.</strong>\nContinental's innovative Black Chilli Technology ensures that the ContiSportContact 5P doesn't only go fast - it stops fast too.\n\n<strong>Award-winning tyres</strong>\nThe ContiSportContact® 5 P is the current Motor Tyre Test winner for 2017",,,taxable,,1,,,0,0,,,,,1,,,465.00,Tyres,2453521,,https://www.tiromobiletyres.com.au/wp-content/uploads/2025/12/CONTINENTAL-CONTIPREMIUMCONTACT-6-img.png,,,,,,,,,0,CONTINENTAL,"Product IP",3578600,1,1,"Tyre Type",PCR,1,1,Pattern,"CONTISPORTCONTACT 5P",1,1,Size,"245/35R21 96Y, CONTISILENT",1,1,Width,245,1,1,Profile,35,1,1,Diameter,21,1,1,"Load Index",96,1,1,"Speed Rating",Y,1,1,,,,,,,,,,,,,"CONTISPORTCONTACT 5P","245/35R21 96Y | CONTISILENT",,synced,1787541302,sync-and-show,approved,,,,,,,,,,,,,
954,simple,,,"PIRELLI P ZERO PZ4 - 3852000",1,0,visible,,"THE PERFECT FIT...\n\nP ZERO is the unique Ultra High Performance product combining Pirelli’s knowledge gained from competitive Motorsport and from Pirelli’s alliance with the top car manufacturers, granting the perfect fit for the performance of each car.\n\nPirelli P Zero (PZ4) tyres are Max Performance Summer tyres derived from Pirelli's Formula 1 experience and developed for some of the most exclusive and highest-performing vehicles available. Initially introduced as Original Equipment on the Audi A3 and S3, Lamborghini Huracan LP 580-2 and the Porsche Boxster, Cayman and 911, the P Zero (PZ4) includes replacement tire sizes as well as original equipment fitments. Pirelli's warranty does not cover tires that develop compound cracking due to use in ambient temperatures below 45° Fahrenheit (7° Celsius), so the P Zero (PZ4), like all summer tires, is not intended to be serviced, stored nor driven in near-freezing temperatures, through snow or on ice.\n\n<strong>Pirelli Noise Cancelling System  </strong>\nLimited sizes of the Pirelli P Zero (PZ4) are available with Pirelli Noise Cancelling System (PNCS), which involves the manufacturer adhering a layer of sound-absorbing foam to the inner liner of the tire to reduce cabin noise in the vehicle. These sizes are identified on the Specs page and in the search results.\n",,,taxable,,1,,,0,0,,,,,0,,,537.02,Tyres,2453521,,https://www.tiromobiletyres.com.au/wp-content/uploads/2026/02/PIRELLI-P-ZERO-PZ4-img.jpg,,,,,,,,,0,PIRELLI,"Product IP",3852000,1,1,"Tyre Type",PASSENGER,1,1,Pattern,"P ZERO PZ4",1,1,Size,"245/35R21 96Y",1,1,Width,245,1,1,Profile,35,1,1,Diameter,21,1,1,"Load Index",96,1,1,"Speed Rating",Y,1,1,,,,,,,,,,,,,"P ZERO PZ4","245/35R21 96Y",,synced,1787541302,sync-and-show,approved,,,,,,,,,,,,,
955,simple,,,"MICHELIN PILOT SPORT 4S - 201682",1,0,visible,,"<strong>Ultra-High Performance</strong>\n\nGenuine Passion. Exceptional Drives. Derived from the legendary MICHELIN PILOT Super Sport, there is a new #1 in max performance summer tyres.\n\n<strong>Features:</strong>\n<strong>The Maximum Combined Performance. - 1st in dry lap time.  - 1st in dry braking. - 1st in wet braking. </strong>\nFall in love with your car's untapped potential with the best max performance tire. Our Dynamic Response Technology continuously adapts to the road for ultra-precise steering, outstanding cornering power and remarkably good treadlife for a summer tire. And our revolutionary Multi-Compound Construction delivers unmatched levels of dry and wet grip exactly where you need it.\n\n<strong>Experience added miles of exhilarating drives with 9% better treadlife than the MICHELIN® PILOT® Super Sport.</strong>\nMICHELIN® Total Performance™ overcomes the usual tradeoff of wear for grip to deliver both incredible traction and improved tread life.\n \n<strong>Premium Design and Rim Protector.</strong>\nOur premium touch finish provides a dark velvet effect on the external sidewall, while a deep rim protector guards against light wheel damage.\n\n<strong>Acclaimed by Premium Car Manufacturers.</strong>\nHomologated by Mercedes-Benz AMG and Ferrari.\n \n<strong>Michelin always aims to bring together multiple performances.</strong>\nAt MICHELIN, we continuously push safety, durability and fuel efficiency, and even more performances, all at the same time and with no trade-offs. That’s what we mean by MICHELIN® Total Performance™, which has and will always be our difference ",,,taxable,,1,,,0,0,,,,,0,,,639.19,Tyres,2553021,,https://www.tiromobiletyres.com.au/wp-content/uploads/2025/12/MICHELIN-PILOT-SPORT-4-img.jpg,,,,,,,,,0,MICHELIN,"Product IP",201682,1,1,"Tyre Type",UHP,1,1,Pattern,"PILOT SPORT 4S",1,1,Size,"XL 255/30R21 93Y",1,1,Width,255,1,1,Profile,30,1,1,Diameter,21,1,1,"Load Index",93,1,1,"Speed Rating",Y,1,1,,,,,,,,,,,,,"PILOT SPORT 4S","XL 255/30R21 93Y",,synced,1787541302,sync-and-show,approved,,,,,,,,,,,,,
956,simple,,,"ACCELERA PHI - MSACC201",1,0,visible,,"The Ideal Everyday Tyre...\n\n<strong>FEATURES & BENEFITS:</strong>\n\n<strong>Dynamic Medium Lateral Groove</strong>\nProvides improved wet handling and rolling resistance\n\n<strong>Straight, Medium Rib</strong>\nImproves stability and flexibility on dry road surfaces\n\n<strong>Shoulder Block</strong>\nProvides better cornering stability and noise reduction",,,taxable,,1,,,0,0,,,,,0,,,200.05,Tyres,2553021,,https://www.tiromobiletyres.com.au/wp-content/uploads/2026/02/ACCELERA-PHI-img1.jpg,,,,,,,,,0,ACCELERA,"Product IP",MSACC201,1,1,"Tyre Type",UHP,1,1,Pattern,PHI,1,1,Size,"255/30R21 95W",1,1,Width,255,1,1,Profile,30,1,1,Diameter,21,1,1,"Load Index",95,1,1,"Speed Rating",W,1,1,,,,,,,,,,,,,PHI,"255/30R21 95W",,synced,1787541302,sync-and-show,approved,,,,,,,,,,,,,
957,simple,,,"DUNLOP SP SPORT MAXX RT - 533158",1,0,visible,,"Dunlop SP Sport Maxx RT (Racing Technology) will allow you the pleasures of sports driving thanks to its motorsport derived technologies. You will appreciate the improved stability and handling coming from the massive outer shoulder blocks when cornering at speed. The adaptive compound of the tyre delivers improved grip on varying road surfaces. The tyre features power braking blocks for a shorter braking distance especially at high speeds, while its optimised construction lessens heat generation enhancing reduced fuel consumption.\n\n<strong>KEY FEATURES</strong>\n\n1.The most prominent improvements made to the Sport Maxx RT sports performance tyres are the adaptive compound, the outer shoulder block, short braking blocks and an optimised construction. All these improvement provide benefits for your driving experience.\n\n2.The construction of these sports performance tyres Dunlop has used a motorsport derived polymer which has the ability to increase the adaptability to the road surface you are dealing with. No matter which road surface you are driving on with these tyres, you will always be able to take advantage of an enhanced grip.\n\n3.Dunlop has also improved the cornering abilities, thanks to the massive outer shoulder block. The technology will increase the shoulder contact area when going into a corner and will provide you with better holding abilities at higher speeds. In addition to that, the massive outer shoulder block also provides you with more stability and handling and responsiveness. The braking distance of the Sport Maxx RT passenger tyres has also been seriously reduced thanks to the implemented short-braking blocks.\n\n4.Sport Maxx RT tyres are also better when you look at it from a fuel economy standpoint. The material distribution has drastically improved, which leads to less heat generation and reduced fuel consumption.\n\n",,,taxable,,1,,,0,0,,,,,0,,,239.00,Tyres,2653021,,https://www.tiromobiletyres.com.au/wp-content/uploads/2026/02/DUNLOP-SP-SPORT-MAXX-RT-img1.jpg,,,,,,,,,0,DUNLOP,"Product IP",533158,1,1,"Tyre Type",UHP,1,1,Pattern,"SP SPORT MAXX RT",1,1,Size,"(DOT 2021), 265/30R21 96XLY",1,1,Width,265,1,1,Profile,30,1,1,Diameter,21,1,1,"Load Index",96XL,1,1,"Speed Rating",Y,1,1,,,,,,,,,,,,,"SP SPORT MAXX RT","(DOT 2021) | 265/30R21 96XLY",,synced,1787541302,sync-and-show,approved,,,,,,,,,,,,,
959,simple,,,"PIRELLI P ZERO PZ4 - 2549300",1,0,visible,,"THE PERFECT FIT...\n\nP ZERO is the unique Ultra High Performance product combining Pirelli’s knowledge gained from competitive Motorsport and from Pirelli’s alliance with the top car manufacturers, granting the perfect fit for the performance of each car.\n\nPirelli P Zero (PZ4) tyres are Max Performance Summer tyres derived from Pirelli's Formula 1 experience and developed for some of the most exclusive and highest-performing vehicles available. Initially introduced as Original Equipment on the Audi A3 and S3, Lamborghini Huracan LP 580-2 and the Porsche Boxster, Cayman and 911, the P Zero (PZ4) includes replacement tire sizes as well as original equipment fitments. Pirelli's warranty does not cover tires that develop compound cracking due to use in ambient temperatures below 45° Fahrenheit (7° Celsius), so the P Zero (PZ4), like all summer tires, is not intended to be serviced, stored nor driven in near-freezing temperatures, through snow or on ice.\n\n<strong>Pirelli Noise Cancelling System  </strong>\nLimited sizes of the Pirelli P Zero (PZ4) are available with Pirelli Noise Cancelling System (PNCS), which involves the manufacturer adhering a layer of sound-absorbing foam to the inner liner of the tire to reduce cabin noise in the vehicle. These sizes are identified on the Specs page and in the search results.\n",,,taxable,,1,,,0,0,,,,,0,,,636.00,Tyres,2653021,,https://www.tiromobiletyres.com.au/wp-content/uploads/2026/02/PIRELLI-P-ZERO-PZ4-img.jpg,,,,,,,,,0,PIRELLI,"Product IP",2549300,1,1,"Tyre Type",UHP,1,1,Pattern,"P ZERO PZ4",1,1,Size,"265/30R21 96Y, NOISE CANCELATION SYSTEM",1,1,Width,265,1,1,Profile,30,1,1,Diameter,21,1,1,"Load Index",96,1,1,"Speed Rating",Y,1,1,,,,,,,,,,,,,"P ZERO PZ4","265/30R21 96Y | NOISE CANCELATION SYSTEM",,synced,1787541302,sync-and-show,approved,,,,,,,,,,,,,
960,simple,,,"MICHELIN PILOT SPORT 4S - 499245",1,0,visible,,"<strong>Ultra-High Performance</strong>\n\nGenuine Passion. Exceptional Drives. Derived from the legendary MICHELIN PILOT Super Sport, there is a new #1 in max performance summer tyres.\n\n<strong>Features:</strong>\n<strong>The Maximum Combined Performance. - 1st in dry lap time.  - 1st in dry braking. - 1st in wet braking. </strong>\nFall in love with your car's untapped potential with the best max performance tire. Our Dynamic Response Technology continuously adapts to the road for ultra-precise steering, outstanding cornering power and remarkably good treadlife for a summer tire. And our revolutionary Multi-Compound Construction delivers unmatched levels of dry and wet grip exactly where you need it.\n\n<strong>Experience added miles of exhilarating drives with 9% better treadlife than the MICHELIN® PILOT® Super Sport.</strong>\nMICHELIN® Total Performance™ overcomes the usual tradeoff of wear for grip to deliver both incredible traction and improved tread life.\n \n<strong>Premium Design and Rim Protector.</strong>\nOur premium touch finish provides a dark velvet effect on the external sidewall, while a deep rim protector guards against light wheel damage.\n\n<strong>Acclaimed by Premium Car Manufacturers.</strong>\nHomologated by Mercedes-Benz AMG and Ferrari.\n \n<strong>Michelin always aims to bring together multiple performances.</strong>\nAt MICHELIN, we continuously push safety, durability and fuel efficiency, and even more performances, all at the same time and with no trade-offs. That’s what we mean by MICHELIN® Total Performance™, which has and will always be our difference ",,,taxable,,1,,,0,0,,,,,0,,,695.82,Tyres,2653021,,https://www.tiromobiletyres.com.au/wp-content/uploads/2025/12/MICHELIN-PILOT-SPORT-4-img.jpg,,,,,,,,,0,MICHELIN,"Product IP",499245,1,1,"Tyre Type",UHP,1,1,Pattern,"PILOT SPORT 4S",1,1,Size,"XL 265/30R21 96Y",1,1,Width,265,1,1,Profile,30,1,1,Diameter,21,1,1,"Load Index",96,1,1,"Speed Rating",Y,1,1,,,,,,,,,,,,,"PILOT SPORT 4S","XL 265/30R21 96Y",,synced,1787541302,sync-and-show,approved,,,,,,,,,,,,,
961,simple,,,"MICHELIN PILOT SUPER SPORT - MSM3052522",1,0,visible,,"MICHELIN Pilot Super Sport is a high performance tyre specially designed for super sport cars and ultra high performance tuning.\n",,,taxable,,1,,,0,0,,,,,0,,,584.50,Tyres,2653021,,https://www.tiromobiletyres.com.au/wp-content/uploads/2026/02/MICHELIN-PILOT-SUPER-SPORT-img1.jpg,,,,,,,,,0,MICHELIN,"Product IP",MSM3052522,1,1,"Tyre Type",UHP,1,1,Pattern,"PILOT SUPER SPORT",1,1,Size,"265/30R21 96Y",1,1,Width,265,1,1,Profile,30,1,1,Diameter,21,1,1,"Load Index",96,1,1,"Speed Rating",Y,1,1,,,,,,,,,,,,,"PILOT SUPER SPORT","265/30R21 96Y",,synced,1787541309,sync-and-show,approved,,,,,,,,,,,,,
962,simple,,,"ZETA ALVENTI - ZTAMS03.189.01",1,0,visible,,"New designed Asymmetric tread pattern , enhanced UHP tyre block stiffness for heavy loads, and ensure vehicle has been controlled perfect under any road conditions.\n\n<strong>KEY FEATURES:</strong>\n<ul>\n <li>Optimized pitch variance design & tread formula with high silica rubber reduces noise, innovative grip, improved mileage as well.</li>\n <li>4 straight grooves provide excellent smooth water dispersion and high levels of wet handling.</li>\n <li>Three solid longitudinal ribs improved braking and linear stability during high speed.</li>\n</ul>",,,taxable,,1,,,0,0,,,,,1,,,172.00,Tyres,2753021,,https://www.tiromobiletyres.com.au/wp-content/uploads/2025/10/Zeta-Alventi-img.jpg,,,,,,,,,0,ZETA,"Product IP",ZTAMS03.189.01,1,1,"Tyre Type",UHP,1,1,Pattern,ALVENTI,1,1,Size,"275/30R21 98Y",1,1,Width,275,1,1,Profile,30,1,1,Diameter,21,1,1,"Load Index",98,1,1,"Speed Rating",Y,1,1,,,,,,,,,,,,,ALVENTI,"275/30R21 98Y",,synced,1787541309,sync-and-show,approved,,,,,,,,,,,,,
963,simple,,,"PIRELLI P ZERO PZ4 - 2390400-DOT2018",1,0,visible,,"THE PERFECT FIT...\n\nP ZERO is the unique Ultra High Performance product combining Pirelli’s knowledge gained from competitive Motorsport and from Pirelli’s alliance with the top car manufacturers, granting the perfect fit for the performance of each car.\n\nPirelli P Zero (PZ4) tyres are Max Performance Summer tyres derived from Pirelli's Formula 1 experience and developed for some of the most exclusive and highest-performing vehicles available. Initially introduced as Original Equipment on the Audi A3 and S3, Lamborghini Huracan LP 580-2 and the Porsche Boxster, Cayman and 911, the P Zero (PZ4) includes replacement tire sizes as well as original equipment fitments. Pirelli's warranty does not cover tires that develop compound cracking due to use in ambient temperatures below 45° Fahrenheit (7° Celsius), so the P Zero (PZ4), like all summer tires, is not intended to be serviced, stored nor driven in near-freezing temperatures, through snow or on ice.\n\n<strong>Pirelli Noise Cancelling System  </strong>\nLimited sizes of the Pirelli P Zero (PZ4) are available with Pirelli Noise Cancelling System (PNCS), which involves the manufacturer adhering a layer of sound-absorbing foam to the inner liner of the tire to reduce cabin noise in the vehicle. These sizes are identified on the Specs page and in the search results.\n",,,taxable,,1,,,0,0,,,,,0,,,190.00,Tyres,"2753021, Runflat",,https://www.tiromobiletyres.com.au/wp-content/uploads/2026/02/PIRELLI-P-ZERO-PZ4-img.jpg,,,,,,,,,0,PIRELLI,"Product IP",2390400-DOT2018,1,1,"Tyre Type",RUNFLAT,1,1,Pattern,"P ZERO PZ4",1,1,Size,"(DOT-2018), 275/30R21 98Y",1,1,Width,275,1,1,Profile,30,1,1,Diameter,21,1,1,"Load Index",98,1,1,"Speed Rating",Y,1,1,,,,,,,,,,,,,"P ZERO PZ4","(DOT-2018) | 275/30R21 98Y",,synced,1787541309,sync-and-show,approved,,,,,,,,,,,,,
964,simple,,,"MINNELL SAFY M06 - 230332MI",1,0,visible,,,,,taxable,,1,,,0,0,,,,,1,,,219.00,Tyres,"2753021, Runflat",,https://www.tiromobiletyres.com.au/wp-content/uploads/2026/02/MINNELL-SAFY-M06-img.jpg,,,,,,,,,0,MINNELL,"Product IP",230332MI,1,1,"Tyre Type",PASSENGER,1,1,Pattern,"SAFY M06",1,1,Size,"275/30ZR21 98W",1,1,Width,275,1,1,Profile,30,1,1,Diameter,21,1,1,"Load Index",98,1,1,"Speed Rating",W,1,1,,,,,,,,,,,,,"SAFY M06","275/30ZR21 98W",,has-errors,1785374728,sync-and-show,,,,,,,,,,,,,,6cae2792c7b9497f9f0467a72162ba71
965,simple,,,"PIRELLI P ZERO - 2218900",1,0,visible,,"Car | SUV | Summer | Sporty\n\n<strong>THE PERFECT FIT</strong>\nP ZERO is the unique Ultra High Performance product combining Pirelli’s knowledge gained from competitive Motorsport and from Pirelli's alliance with the top car manufacturers, granting the perfect fit for the performance of each car.\n\nP ZERO is the unique Ultra High Performance product combining Pirelli's knowledge gained from competitive Motorsport with Pirelli's alliance with the top car manufacturers, granting the perfect fit for the performance of each car. New P ZERO™ has a range developed with the most prestigious OEMs that is able to meet any customisation needs in terms of size, technology and seasonality.  \n\n<strong>KEY FEATURES:</strong>\nA reference point for the Ultra High Performance segment, it is characterised by an asymmetric tread pattern. Ideal for all top of the range sports and high-powered cars, it can also be considered for powerful mid-range vehicles.\n\nA milestone in the development of the Pirelli range, P ZERO has been chosen as original equipment for the most performance orientated and powerful models on the market. Its asymmetric tread pattern improves braking performance and enhances handling and control. Excellent in wet conditions with improved safety in potential aquaplaning situations.\n\nIts new nano-composite compound ensures maximum grip and stability. The structural integrity of the tyre improves steering response, which is essential in sports driving, and also ensures uniform tread wear. \n\nThe special grooves in the tread area deliver lower cabin noise levels, enhancing driver comfort.",,,taxable,,1,,,0,0,,,,,0,,,561.00,Tyres,2753021,,https://www.tiromobiletyres.com.au/wp-content/uploads/2026/02/PIRELLI-P-ZERO-img.jpg,,,,,,,,,0,PIRELLI,"Product IP",2218900,1,1,"Tyre Type",SUV,1,1,Pattern,"P ZERO",1,1,Size,"275/30R21 98Y, NOISE CANCELATION SYSTEM",1,1,Width,275,1,1,Profile,30,1,1,Diameter,21,1,1,"Load Index",98,1,1,"Speed Rating",Y,1,1,,,,,,,,,,,,,"P ZERO","275/30R21 98Y | NOISE CANCELATION SYSTEM",,synced,1787541309,sync-and-show,approved,,,,,,,,,,,,,
966,simple,,,"PIRELLI P ZERO - 2417300",1,0,visible,,"Car | SUV | Summer | Sporty\n\n<strong>THE PERFECT FIT</strong>\nP ZERO is the unique Ultra High Performance product combining Pirelli’s knowledge gained from competitive Motorsport and from Pirelli's alliance with the top car manufacturers, granting the perfect fit for the performance of each car.\n\nP ZERO is the unique Ultra High Performance product combining Pirelli's knowledge gained from competitive Motorsport with Pirelli's alliance with the top car manufacturers, granting the perfect fit for the performance of each car. New P ZERO™ has a range developed with the most prestigious OEMs that is able to meet any customisation needs in terms of size, technology and seasonality.  \n\n<strong>KEY FEATURES:</strong>\nA reference point for the Ultra High Performance segment, it is characterised by an asymmetric tread pattern. Ideal for all top of the range sports and high-powered cars, it can also be considered for powerful mid-range vehicles.\n\nA milestone in the development of the Pirelli range, P ZERO has been chosen as original equipment for the most performance orientated and powerful models on the market. Its asymmetric tread pattern improves braking performance and enhances handling and control. Excellent in wet conditions with improved safety in potential aquaplaning situations.\n\nIts new nano-composite compound ensures maximum grip and stability. The structural integrity of the tyre improves steering response, which is essential in sports driving, and also ensures uniform tread wear. \n\nThe special grooves in the tread area deliver lower cabin noise levels, enhancing driver comfort.",,,taxable,,1,,,0,0,,,,,0,,,610.00,Tyres,2853021,,https://www.tiromobiletyres.com.au/wp-content/uploads/2026/02/PIRELLI-P-ZERO-img.jpg,,,,,,,,,0,PIRELLI,"Product IP",2417300,1,1,"Tyre Type",UHP,1,1,Pattern,"P ZERO",1,1,Size,"285/30R21 100Y, NOISE CANCELATION SYSTEM",1,1,Width,285,1,1,Profile,30,1,1,Diameter,21,1,1,"Load Index",100,1,1,"Speed Rating",Y,1,1,,,,,,,,,,,,,"P ZERO","285/30R21 100Y | NOISE CANCELATION SYSTEM",,synced,1787541309,sync-and-show,approved,,,,,,,,,,,,,
967,simple,,,"PIRELLI P ZERO PZ4 - 3946400",1,0,visible,,"THE PERFECT FIT...\n\nP ZERO is the unique Ultra High Performance product combining Pirelli’s knowledge gained from competitive Motorsport and from Pirelli’s alliance with the top car manufacturers, granting the perfect fit for the performance of each car.\n\nPirelli P Zero (PZ4) tyres are Max Performance Summer tyres derived from Pirelli's Formula 1 experience and developed for some of the most exclusive and highest-performing vehicles available. Initially introduced as Original Equipment on the Audi A3 and S3, Lamborghini Huracan LP 580-2 and the Porsche Boxster, Cayman and 911, the P Zero (PZ4) includes replacement tire sizes as well as original equipment fitments. Pirelli's warranty does not cover tires that develop compound cracking due to use in ambient temperatures below 45° Fahrenheit (7° Celsius), so the P Zero (PZ4), like all summer tires, is not intended to be serviced, stored nor driven in near-freezing temperatures, through snow or on ice.\n\n<strong>Pirelli Noise Cancelling System  </strong>\nLimited sizes of the Pirelli P Zero (PZ4) are available with Pirelli Noise Cancelling System (PNCS), which involves the manufacturer adhering a layer of sound-absorbing foam to the inner liner of the tire to reduce cabin noise in the vehicle. These sizes are identified on the Specs page and in the search results.\n",,,taxable,,1,,,0,0,,,,,0,,,718.59,Tyres,2853021,,https://www.tiromobiletyres.com.au/wp-content/uploads/2026/02/PIRELLI-P-ZERO-PZ4-img.jpg,,,,,,,,,0,PIRELLI,"Product IP",3946400,1,1,"Tyre Type",PASSENGER,1,1,Pattern,"P ZERO PZ4",1,1,Size,"285/30R21 100Y, Ncs",1,1,Width,285,1,1,Profile,30,1,1,Diameter,21,1,1,"Load Index",100,1,1,"Speed Rating",Y,1,1,,,,,,,,,,,,,"P ZERO PZ4","285/30R21 100Y | Ncs",,synced,1787541309,sync-and-show,approved,,,,,,,,,,,,,
968,simple,,,"DUNLOP SP SPORT MAXX GT - AU10312023",1,0,visible,,"<strong>Features</strong>\n<ul>\n <li>Hybrid jointless band technology</li>\n <li>Touch technology</li>\n <li>Racing compound Technology</li>\n <li>Asymmetric tread design</li>\n <li>Original Equipment fitments</li>\n</ul>\n\n<strong>Benefits</strong>\n<ul>\n <li>Limits the amount of distorion applied to the tyre under high speed conditions resulting in the tyre maintaining it's shape for a smooth stable ride</li>\n <li>By combining 4 key technological features the result is improved handling and enhanced grip when braking and accelerating. Benefits that keep you in touch with the road</li>\n <li>Excellent grip performance in wet and dry conditions.</li>\n <li>Delivers superior control and comfort for a quiet and secure ride.</li>\n <li>Endorsed by leading car manufacturers as original equipment.</li>\n</ul>\n\n",,,taxable,,1,,,0,0,,,,,0,,,406.08,Tyres,2853021,,https://www.tiromobiletyres.com.au/wp-content/uploads/2026/03/DUNLOP-SP-SPORT-MAXX-GT-img1.jpg,,,,,,,,,0,DUNLOP,"Product IP",AU10312023,1,1,"Tyre Type","LT, PASSENGER",1,1,Pattern,"SP SPORT MAXX GT",1,1,Size,"285/30R21 100Y",1,1,Width,285,1,1,Profile,30,1,1,Diameter,21,1,1,"Load Index",100,1,1,"Speed Rating",Y,1,1,,,,,,,,,,,,,"SP SPORT MAXX GT","285/30R21 100Y",,synced,1787541309,sync-and-show,approved,,,,,,,,,,,,,
970,simple,,,"CONTINENTAL SPORTCONTACT 7 - 311534",1,0,visible,,"The Continental Sport Contact 7 is a UUHP summer tyre designed to have optimum grip in the dry and wet. Initially the Sport Contact 7 will be launched in 42 sizes covering 19"" to 23"", but further sizing in the future will include certain 18"" sizes!\n\n",,,taxable,,1,,,0,0,,,,,1,,,612.97,Tyres,2853021,,https://www.tiromobiletyres.com.au/wp-content/uploads/2026/03/CONTINENTAL-SPORTCONTACT-7-img1.jpg,,,,,,,,,0,CONTINENTAL,"Product IP",311534,1,1,"Tyre Type",PASSENGER,1,1,Pattern,"SPORTCONTACT 7",1,1,Size,"285/30R21 100Y",1,1,Width,285,1,1,Profile,30,1,1,Diameter,21,1,1,"Load Index",100,1,1,"Speed Rating",Y,1,1,,,,,,,,,,,,,"SPORTCONTACT 7","285/30R21 100Y",,synced,1787541309,sync-and-show,approved,,,,,,,,,,,,,
972,simple,,,"YOKOHAMA ADVAN SPORT V107 - 2952521V107E1",1,0,visible,,,,,taxable,,1,,,0,0,,,,,0,,,543.37,Tyres,2952521,,https://www.tiromobiletyres.com.au/wp-content/uploads/2026/02/YOKOHAMA-V107-image.jpg,,,,,,,,,0,YOKOHAMA,"Product IP",2952521V107E1,1,1,"Tyre Type",PCR,1,1,Pattern,"ADVAN SPORT V107",1,1,Size,"295/25R21 96Y, BMW M3 +1",1,1,Width,295,1,1,Profile,25,1,1,Diameter,21,1,1,"Load Index",96,1,1,"Speed Rating",Y,1,1,,,,,,,,,,,,,"ADVAN SPORT V107","295/25R21 96Y | BMW M3 +1",,has-errors,1785374728,sync-and-show,approved,,,,,,,,,,,,,6690d421441faf451c0465f38f88d8d7
973,simple,,,"MICHELIN PILOT SPORT 4S - 207288",1,0,visible,,"<strong>Ultra-High Performance</strong>\n\nGenuine Passion. Exceptional Drives. Derived from the legendary MICHELIN PILOT Super Sport, there is a new #1 in max performance summer tyres.\n\n<strong>Features:</strong>\n<strong>The Maximum Combined Performance. - 1st in dry lap time.  - 1st in dry braking. - 1st in wet braking. </strong>\nFall in love with your car's untapped potential with the best max performance tire. Our Dynamic Response Technology continuously adapts to the road for ultra-precise steering, outstanding cornering power and remarkably good treadlife for a summer tire. And our revolutionary Multi-Compound Construction delivers unmatched levels of dry and wet grip exactly where you need it.\n\n<strong>Experience added miles of exhilarating drives with 9% better treadlife than the MICHELIN® PILOT® Super Sport.</strong>\nMICHELIN® Total Performance™ overcomes the usual tradeoff of wear for grip to deliver both incredible traction and improved tread life.\n \n<strong>Premium Design and Rim Protector.</strong>\nOur premium touch finish provides a dark velvet effect on the external sidewall, while a deep rim protector guards against light wheel damage.\n\n<strong>Acclaimed by Premium Car Manufacturers.</strong>\nHomologated by Mercedes-Benz AMG and Ferrari.\n \n<strong>Michelin always aims to bring together multiple performances.</strong>\nAt MICHELIN, we continuously push safety, durability and fuel efficiency, and even more performances, all at the same time and with no trade-offs. That’s what we mean by MICHELIN® Total Performance™, which has and will always be our difference ",,,taxable,,1,,,0,0,,,,,0,,,625.04,Tyres,2952521,,https://www.tiromobiletyres.com.au/wp-content/uploads/2025/12/MICHELIN-PILOT-SPORT-4-img.jpg,,,,,,,,,0,MICHELIN,"Product IP",207288,1,1,"Tyre Type",UHP,1,1,Pattern,"PILOT SPORT 4S",1,1,Size,"295/25ZR21 96Y",1,1,Width,295,1,1,Profile,25,1,1,Diameter,21,1,1,"Load Index",96,1,1,"Speed Rating",Y,1,1,,,,,,,,,,,,,"PILOT SPORT 4S","295/25ZR21 96Y",,synced,1787541309,sync-and-show,approved,,,,,,,,,,,,,
974,simple,,,"MICHELIN PILOT SPORT 4S - 438475",1,0,visible,,"<strong>Ultra-High Performance</strong>\n\nGenuine Passion. Exceptional Drives. Derived from the legendary MICHELIN PILOT Super Sport, there is a new #1 in max performance summer tyres.\n\n<strong>Features:</strong>\n<strong>The Maximum Combined Performance. - 1st in dry lap time.  - 1st in dry braking. - 1st in wet braking. </strong>\nFall in love with your car's untapped potential with the best max performance tire. Our Dynamic Response Technology continuously adapts to the road for ultra-precise steering, outstanding cornering power and remarkably good treadlife for a summer tire. And our revolutionary Multi-Compound Construction delivers unmatched levels of dry and wet grip exactly where you need it.\n\n<strong>Experience added miles of exhilarating drives with 9% better treadlife than the MICHELIN® PILOT® Super Sport.</strong>\nMICHELIN® Total Performance™ overcomes the usual tradeoff of wear for grip to deliver both incredible traction and improved tread life.\n \n<strong>Premium Design and Rim Protector.</strong>\nOur premium touch finish provides a dark velvet effect on the external sidewall, while a deep rim protector guards against light wheel damage.\n\n<strong>Acclaimed by Premium Car Manufacturers.</strong>\nHomologated by Mercedes-Benz AMG and Ferrari.\n \n<strong>Michelin always aims to bring together multiple performances.</strong>\nAt MICHELIN, we continuously push safety, durability and fuel efficiency, and even more performances, all at the same time and with no trade-offs. That’s what we mean by MICHELIN® Total Performance™, which has and will always be our difference ",,,taxable,,1,,,0,0,,,,,0,,,681.66,Tyres,2952521,,https://www.tiromobiletyres.com.au/wp-content/uploads/2025/12/MICHELIN-PILOT-SPORT-4-img.jpg,,,,,,,,,0,MICHELIN,"Product IP",438475,1,1,"Tyre Type",UHP,1,1,Pattern,"PILOT SPORT 4S",1,1,Size,"XL 295/25R21 96Y",1,1,Width,295,1,1,Profile,25,1,1,Diameter,21,1,1,"Load Index",96,1,1,"Speed Rating",Y,1,1,,,,,,,,,,,,,"PILOT SPORT 4S","XL 295/25R21 96Y",,synced,1787541309,sync-and-show,approved,,,,,,,,,,,,,
975,simple,,,"YOKOHAMA ADVAN SPORT V105 - 2952521V105",1,0,visible,,"The Yokohama ADVAN Sport V105 is a leader amongst some of the world’s most recognisable tyre brands. Crowned ‘Best Tyre’ in the Wheels Tyre Test 2015, the Yokohama ADVAN Sport V105 is one of Yokohama’s flagship tyres. It has performed exceptionally well not only in Australia but around the world, with a first and second place finish in French magazine “Motorsport” and the UK’s “Evo” magazine respectively.\n\n<strong>Key Features</strong>\n\n<strong>Orange Oil Tyre Technology</strong>\nLong mileage and wet grip.\n\n<strong>Matrix Body Ply Structure</strong>\nEnhances steering stability\n\n<strong>Asymmetrical Tread Design</strong>\nStrong wet & dry performance\n\n<strong>Three Wide Straight Grooves</strong>\nExceptional hydroplaning resistance\n\n<strong>Silent Sipe Tread Grooves</strong>\nSuppresses external vehicle noise\n\n<strong>Reduced Tyre Weight</strong>\nImproves steering response\nImproves fuel efficiency",,,taxable,,1,,,0,0,,,,,0,,,523.49,Tyres,2952521,,https://www.tiromobiletyres.com.au/wp-content/uploads/2026/02/YOKOHAMA-ADVAN-SPORT-V105-image.jpg,,,,,,,,,0,YOKOHAMA,"Product IP",2952521V105,1,1,"Tyre Type",PCR,1,1,Pattern,"ADVAN SPORT V105",1,1,Size,"295/25R21 96Y",1,1,Width,295,1,1,Profile,25,1,1,Diameter,21,1,1,"Load Index",96,1,1,"Speed Rating",Y,1,1,,,,,,,,,,,,,"ADVAN SPORT V105","295/25R21 96Y",,synced,1787541309,sync-and-show,approved,,,,,,,,,,,,,
976,simple,,,"CONTINENTAL SPORTCONTACT 7 - 03140060000",1,0,visible,,"The Continental Sport Contact 7 is a UUHP summer tyre designed to have optimum grip in the dry and wet. Initially the Sport Contact 7 will be launched in 42 sizes covering 19"" to 23"", but further sizing in the future will include certain 18"" sizes!\n\n",,,taxable,,1,,,0,0,,,,,1,,,565.00,Tyres,2953021,,https://www.tiromobiletyres.com.au/wp-content/uploads/2026/03/CONTINENTAL-SPORTCONTACT-7-img1.jpg,,,,,,,,,0,CONTINENTAL,"Product IP",03140060000,1,1,"Tyre Type",PASSENGER,1,1,Pattern,"SPORTCONTACT 7",1,1,Size,"XL 295/30R21 102Y",1,1,Width,295,1,1,Profile,30,1,1,Diameter,21,1,1,"Load Index",102,1,1,"Speed Rating",Y,1,1,,,,,,,,,,,,,"SPORTCONTACT 7","XL 295/30R21 102Y",,synced,1787541309,sync-and-show,approved,,,,,,,,,,,,,
977,simple,,,"MICHELIN PILOT SPORT EV - 836864",1,0,visible,,,,,taxable,,1,,,0,0,,,,,0,,,695.82,Tyres,2953021,,https://www.tiromobiletyres.com.au/wp-content/uploads/2026/03/MICHELIN-PILOT-SPORT-EV-img1.jpg,,,,,,,,,0,MICHELIN,"Product IP",836864,1,1,Pattern,"PILOT SPORT EV",1,1,Size,"(ACOUSTIC), 295/30R21 102Y",1,1,Width,295,1,1,Profile,30,1,1,Diameter,21,1,1,"Load Index",102,1,1,"Speed Rating",Y,1,1,,,,,,,,,,,,,,,,,"PILOT SPORT EV","(ACOUSTIC) | 295/30R21 102Y",,has-errors,1785374728,sync-and-show,approved,,,,,,,,,,,,,a49e7ec09e90cd562eb1ad2bad630d9e
979,simple,,,"HANKOOK ION EVO AS (IH01) - 1034533",1,0,visible,,,,,taxable,,1,,,0,0,,,,,0,,,486.22,Tyres,2953021,,https://www.tiromobiletyres.com.au/wp-content/uploads/2026/02/HANKOOK-ION-EVO-AS-SUV-IH01A-img1.jpg,,,,,,,,,0,HANKOOK,"Product IP",1034533,1,1,"Tyre Type","EV UHP, PASSENGER",1,1,Pattern,"ION EVO AS IH01",1,1,Size,"295/30R21 102Y",1,1,Width,295,1,1,Profile,30,1,1,Diameter,21,1,1,"Load Index",102,1,1,"Speed Rating",Y,1,1,,,,,,,,,,,,,"ION EVO AS IH01","295/30R21 102Y",,has-errors,1785374728,sync-and-show,approved,,,,,,,,,,,,,fb934bf03e41ae07c517e994ea3a0817
980,simple,,,"PIRELLI P ZERO PZ4 - 4159500",1,0,visible,,"THE PERFECT FIT...\n\nP ZERO is the unique Ultra High Performance product combining Pirelli’s knowledge gained from competitive Motorsport and from Pirelli’s alliance with the top car manufacturers, granting the perfect fit for the performance of each car.\n\nPirelli P Zero (PZ4) tyres are Max Performance Summer tyres derived from Pirelli's Formula 1 experience and developed for some of the most exclusive and highest-performing vehicles available. Initially introduced as Original Equipment on the Audi A3 and S3, Lamborghini Huracan LP 580-2 and the Porsche Boxster, Cayman and 911, the P Zero (PZ4) includes replacement tire sizes as well as original equipment fitments. Pirelli's warranty does not cover tires that develop compound cracking due to use in ambient temperatures below 45° Fahrenheit (7° Celsius), so the P Zero (PZ4), like all summer tires, is not intended to be serviced, stored nor driven in near-freezing temperatures, through snow or on ice.\n\n<strong>Pirelli Noise Cancelling System  </strong>\nLimited sizes of the Pirelli P Zero (PZ4) are available with Pirelli Noise Cancelling System (PNCS), which involves the manufacturer adhering a layer of sound-absorbing foam to the inner liner of the tire to reduce cabin noise in the vehicle. These sizes are identified on the Specs page and in the search results.\n",,,taxable,,1,,,0,0,,,,,0,,,653.91,Tyres,2953021,,https://www.tiromobiletyres.com.au/wp-content/uploads/2026/02/PIRELLI-P-ZERO-PZ4-img.jpg,,,,,,,,,0,PIRELLI,"Product IP",4159500,1,1,"Tyre Type","CAR, SUV",1,1,Pattern,"P ZERO PZ4",1,1,Size,"295/30R21 102Y, elt, Ncs",1,1,Width,295,1,1,Profile,30,1,1,Diameter,21,1,1,"Load Index",102,1,1,"Speed Rating",Y,1,1,,,,,,,,,,,,,"P ZERO PZ4","295/30R21 102Y | elt | Ncs",,synced,1787541309,sync-and-show,approved,,,,,,,,,,,,,
981,simple,,,"CONTINENTAL ECOCONTACT 6Q - 03135870008",1,0,visible,,"'\n",,,taxable,,1,,,0,0,,,,,0,,,300.00,Tyres,2554021,,https://www.tiromobiletyres.com.au/wp-content/uploads/2026/02/CONTINENTAL-CONTIECOCONTACT-6Q-img.jpg,,,,,,,,,0,CONTINENTAL,"Product IP",03135870008,1,1,"Tyre Type",SUV,1,1,Pattern,"ECOCONTACT 6Q",1,1,Size,"(+)VW, 255/40R21 102T",1,1,Width,255,1,1,Profile,40,1,1,Diameter,21,1,1,"Load Index",102,1,1,"Speed Rating",T,1,1,,,,,,,,,,,,,"ECOCONTACT 6Q","(+)VW | 255/40R21 102T",,synced,1787541309,sync-and-show,approved,,,,,,,,,,,,,
982,simple,,,"HANKOOK ION EVO AS SUV IH01A - 1033202",1,0,visible,,,,,taxable,,1,,,0,0,,,,,0,,,335.00,Tyres,2554021,,https://www.tiromobiletyres.com.au/wp-content/uploads/2026/03/HANKOOK-ION-EVO-AS-SUV-IH01A-img.jpg,,,,,,,,,0,HANKOOK,"Product IP",1033202,1,1,"Tyre Type","4X4, EV UHP, SUV",1,1,Pattern,"ION EVO AS SUV IH01A",1,1,Size,"255/40R21 102Y",1,1,Width,255,1,1,Profile,40,1,1,Diameter,21,1,1,"Load Index",102,1,1,"Speed Rating",Y,1,1,,,,,,,,,,,,,"ION EVO AS SUV IH01A","255/40R21 102Y",,has-errors,1785374728,sync-and-show,approved,,,,,,,,,,,,,025ddabbe62b8ac836a22837475cad09
983,simple,,,"KUMHO ECSTA PS71 SUV - 2310153",1,0,visible,,,,,taxable,,1,,,0,0,,,,,1,,,338.89,Tyres,2554021,,https://www.tiromobiletyres.com.au/wp-content/uploads/2026/03/KUMHO-ECSTA-PS71-SUV-img1.jpg,,,,,,,,,0,KUMHO,"Product IP",2310153,1,1,"Tyre Type",RV,1,1,Pattern,"ECSTA PS71 SUV",1,1,Size,"255/40R21 102Y",1,1,Width,255,1,1,Profile,40,1,1,Diameter,21,1,1,"Load Index",102,1,1,"Speed Rating",Y,1,1,,,,,,,,,,,,,"ECSTA PS71 SUV","255/40R21 102Y",,has-errors,1785374728,sync-and-show,approved,,,,,,,,,,,,,2327927364724ab70ff79418974cc8ba
985,simple,,,"CONTINENTAL PREMIUMCONTACT C - 03142480007",1,0,visible,,,,,taxable,,1,,,0,0,,,,,0,,,415.00,Tyres,2554021,,https://www.tiromobiletyres.com.au/wp-content/uploads/2026/02/CONTINENTAL-PREMIUMCONTACT-C-img.jpg,,,,,,,,,0,CONTINENTAL,"Product IP",03142480007,1,1,"Tyre Type",SUV,1,1,Pattern,"PREMIUMCONTACT C",1,1,Size,"255/40R21 102W",1,1,Width,255,1,1,Profile,40,1,1,Diameter,21,1,1,"Load Index",102,1,1,"Speed Rating",W,1,1,,,,,,,,,,,,,"PREMIUMCONTACT C","255/40R21 102W",,has-errors,1785374728,sync-and-show,approved,,,,,,,,,,,,,ebb8939aaccbfa1bcd81c9b2714ff6e0
986,simple,,,"ZETA ALVENTI - ZTAMS03.210.01",1,0,visible,,"New designed Asymmetric tread pattern , enhanced UHP tyre block stiffness for heavy loads, and ensure vehicle has been controlled perfect under any road conditions.\n\n<strong>KEY FEATURES:</strong>\n<ul>\n <li>Optimized pitch variance design & tread formula with high silica rubber reduces noise, innovative grip, improved mileage as well.</li>\n <li>4 straight grooves provide excellent smooth water dispersion and high levels of wet handling.</li>\n <li>Three solid longitudinal ribs improved braking and linear stability during high speed.</li>\n</ul>",,,taxable,,1,,,0,0,,,,,1,,,194.00,Tyres,2654021,,https://www.tiromobiletyres.com.au/wp-content/uploads/2025/10/Zeta-Alventi-img.jpg,,,,,,,,,0,ZETA,"Product IP",ZTAMS03.210.01,1,1,"Tyre Type",PASSENGER,1,1,Pattern,ALVENTI,1,1,Size,"265/40R21 105Y",1,1,Width,265,1,1,Profile,40,1,1,Diameter,21,1,1,"Load Index",105,1,1,"Speed Rating",Y,1,1,,,,,,,,,,,,,ALVENTI,"265/40R21 105Y",,synced,1787541309,sync-and-show,approved,,,,,,,,,,,,,
987,simple,,,"PIRELLI SCORPION VERDE ALL SEASON - 2440200",1,0,visible,,"Scorpion Verde All Season is a Pirelli’s Green Performance Crossover & SUV tyre that takes full advantage of the most modern resources, structures and tread patterns to guarantee savings, respect to the environment, comfort and safety on all road surfaces. The lateral stability and the traction on wet and light snow, ensure all season performances. Scorpion Verde™ All Season features the M+S marking engraved on the sidewall.\n\nThe ideal choice for Crossovers and SUVs. It is conceived for drivers who look for higher mileage and light off-road performances, without giving up comfort and safety on all road surfaces and in every conditions.\n\n<strong>Optimized pitch sequence and phasing:</strong> lower internal noise.\n\n<strong>Optimized profile and innovative  materials:</strong> reduced fuel consumption and CO2 emissions.\n\n<strong>Dedicated shoulder profile:</strong> improved stability also for large SUVs.\n\n<strong>Balanced silica ratio tread compound:</strong> high mileage and stable performance. Innovative compound with special polymers: wet performance.",,,taxable,,1,,,0,0,,,,,0,,,331.01,Tyres,2654021,,https://www.tiromobiletyres.com.au/wp-content/uploads/2026/01/PIRELLI-SCORPION-VERDE-img.jpg,,,,,,,,,0,PIRELLI,"Product IP",2440200,1,1,"Tyre Type",SUV,1,1,Pattern,"SCORPION VERDE ALL SEASON",1,1,Size,"265/40R21 105V",1,1,Width,265,1,1,Profile,40,1,1,Diameter,21,1,1,"Load Index",105,1,1,"Speed Rating",V,1,1,,,,,,,,,,,,,"SCORPION VERDE ALL SEASON","265/40R21 105V",,synced,1787541309,sync-and-show,approved,,,,,,,,,,,,,
988,simple,,,"CONTINENTAL ECOCONTACT 7 - 03161130000",1,0,visible,,,,,taxable,,1,,,0,0,,,,,0,,,335.00,Tyres,2654021,,https://www.tiromobiletyres.com.au/wp-content/uploads/2026/03/CONTINENTAL-ECOCONTACT-7-img1.jpg,,,,,,,,,0,CONTINENTAL,"Product IP",03161130000,1,1,"Tyre Type",SUV,1,1,Pattern,"ECOCONTACT 7",1,1,Size,"265/40R21 105Y",1,1,Width,265,1,1,Profile,40,1,1,Diameter,21,1,1,"Load Index",105,1,1,"Speed Rating",Y,1,1,,,,,,,,,,,,,"ECOCONTACT 7","265/40R21 105Y",,has-errors,1785374728,sync-and-show,approved,,,,,,,,,,,,,d7848b0ee4bc84814ccd8e76521946da
990,simple,,,"CONTINENTAL ULTRACONTACT UC6 - 359061",1,0,visible,,"The Continental Ultra Contact UC6 uses cutting-edge design for an enhanced driving experience. This tyre promises the best performance on all levels for your choice car. The tread compound includes a special blend of polymers that enhances grip by transforming energy into heat for exceptional braking capacity and unparalleled control on wet and dry road surfaces. Its tread block pattern has been fine-tuned for shorter braking distances with adjustments to the pattern that allow for a more even distribution of braking force.\n\n<strong>Features:</strong>\n<ul>\n<li>Innovative combination of surface sipes and grooves</li>\n<li>Unique Diamond Edge block pattern for shorter, cleaner braking distances</li>\n<li>Noise Breakers embedded within the tread grooves diminishing sound for a quiet ride</li>\n<li>Low noise levels</li>\n<li>Smooth and comfortable ride</li>\n<li>Tight grip</li>\n</ul>",,,taxable,,1,,,0,0,,,,,0,,,335.00,Tyres,2654021,,https://www.tiromobiletyres.com.au/wp-content/uploads/2026/01/ULTRACONTACT-UC6-SUV-img.jpg,,,,,,,,,0,CONTINENTAL,"Product IP",359061,1,1,"Tyre Type",SUV,1,1,Pattern,"ULTRACONTACT UC6",1,1,Size,"265/40R21 105Y",1,1,Width,265,1,1,Profile,40,1,1,Diameter,21,1,1,"Load Index",105,1,1,"Speed Rating",Y,1,1,,,,,,,,,,,,,"ULTRACONTACT UC6","265/40R21 105Y",,synced,1787541309,sync-and-show,approved,,,,,,,,,,,,,
991,simple,,,"ZETA IMPERO - ZTAM03.220.01",1,0,visible,,"<strong>Features:</strong>\n<ul>\n<li>The right tire for large size Sport Utility Vehicles and large diameter wheel applications.</li>\n<li>4 wide longitudinal grooves improve drainage and wet weather performance.</li>\n<li>Anti-Hydroplaning lateral grooves offer excellent wet performance.</li>\n<li>3 center block provide straight driving stability.</li>\n<li>Optimized shoulder blocks maximize grip during cornering, and provide a smooth quiet ride.</li>\n</ul>",,,taxable,,1,,,0,0,,,,,0,,,195.00,Tyres,2754021,,https://www.tiromobiletyres.com.au/wp-content/uploads/2026/01/ZETA-IMPERO-img.jpg,,,,,,,,,0,ZETA,"Product IP",ZTAM03.220.01,1,1,"Tyre Type","SUV TYRE",1,1,Pattern,IMPERO,1,1,Size,"275/40ZR21 107Y",1,1,Width,275,1,1,Profile,40,1,1,Diameter,21,1,1,"Load Index",107,1,1,"Speed Rating",Y,1,1,,,,,,,,,,,,,IMPERO,"275/40ZR21 107Y",,synced,1787541309,sync-and-show,approved,,,,,,,,,,,,,
992,simple,,,"CONTINENTAL CROSSCONTACT RX - 03591700008",1,0,visible,,,,,taxable,,1,,,0,0,,,,,0,,,265.01,Tyres,2754021,,https://www.tiromobiletyres.com.au/wp-content/uploads/2026/01/CONTINENTAL-CROSSCONTACT-RX-img.jpg,,,,,,,,,0,CONTINENTAL,"Product IP",03591700008,1,1,"Tyre Type",SUV,1,1,Pattern,"CROSSCONTACT RX",1,1,Size,"275/40R21 107H",1,1,Width,275,1,1,Profile,40,1,1,Diameter,21,1,1,"Load Index",107,1,1,"Speed Rating",H,1,1,,,,,,,,,,,,,"CROSSCONTACT RX","275/40R21 107H",,has-errors,1785374728,sync-and-show,approved,,,,,,,,,,,,,1daee1a9a014b71c847a6dc7f8d1fc91
993,simple,,,"PIRELLI P ZERO PZ4 - 2751400-2018",1,0,visible,,"THE PERFECT FIT...\n\nP ZERO is the unique Ultra High Performance product combining Pirelli’s knowledge gained from competitive Motorsport and from Pirelli’s alliance with the top car manufacturers, granting the perfect fit for the performance of each car.\n\nPirelli P Zero (PZ4) tyres are Max Performance Summer tyres derived from Pirelli's Formula 1 experience and developed for some of the most exclusive and highest-performing vehicles available. Initially introduced as Original Equipment on the Audi A3 and S3, Lamborghini Huracan LP 580-2 and the Porsche Boxster, Cayman and 911, the P Zero (PZ4) includes replacement tire sizes as well as original equipment fitments. Pirelli's warranty does not cover tires that develop compound cracking due to use in ambient temperatures below 45° Fahrenheit (7° Celsius), so the P Zero (PZ4), like all summer tires, is not intended to be serviced, stored nor driven in near-freezing temperatures, through snow or on ice.\n\n<strong>Pirelli Noise Cancelling System  </strong>\nLimited sizes of the Pirelli P Zero (PZ4) are available with Pirelli Noise Cancelling System (PNCS), which involves the manufacturer adhering a layer of sound-absorbing foam to the inner liner of the tire to reduce cabin noise in the vehicle. These sizes are identified on the Specs page and in the search results.\n",,,taxable,,1,,,0,0,,,,,0,,,285.00,Tyres,"2754021, Runflat",,https://www.tiromobiletyres.com.au/wp-content/uploads/2026/02/PIRELLI-P-ZERO-PZ4-img.jpg,,,,,,,,,0,PIRELLI,"Product IP",2751400-2018,1,1,"Tyre Type",RUNFLAT,1,1,Pattern,"P ZERO PZ4",1,1,Size,"(2018 DOT), 275/40R21 107Y",1,1,Width,275,1,1,Profile,40,1,1,Diameter,21,1,1,"Load Index",107,1,1,"Speed Rating",Y,1,1,,,,,,,,,,,,,"P ZERO PZ4","(2018 DOT) | 275/40R21 107Y",,synced,1787541309,sync-and-show,approved,,,,,,,,,,,,,
994,simple,,,"ZETA IMPERO - ZTAM03.220.02",1,0,visible,,"<strong>Features:</strong>\n<ul>\n<li>The right tire for large size Sport Utility Vehicles and large diameter wheel applications.</li>\n<li>4 wide longitudinal grooves improve drainage and wet weather performance.</li>\n<li>Anti-Hydroplaning lateral grooves offer excellent wet performance.</li>\n<li>3 center block provide straight driving stability.</li>\n<li>Optimized shoulder blocks maximize grip during cornering, and provide a smooth quiet ride.</li>\n</ul>",,,taxable,,1,,,0,0,,,,,0,,,319.00,Tyres,2754021,,https://www.tiromobiletyres.com.au/wp-content/uploads/2026/01/ZETA-IMPERO-img.jpg,,,,,,,,,0,ZETA,"Product IP",ZTAM03.220.02,1,1,"Tyre Type","SUV TYRE",1,1,Pattern,IMPERO,1,1,Size,"275/40ZR21 107W",1,1,Width,275,1,1,Profile,40,1,1,Diameter,21,1,1,"Load Index",107,1,1,"Speed Rating",W,1,1,,,,,,,,,,,,,IMPERO,"275/40ZR21 107W",,synced,1787541309,sync-and-show,approved,,,,,,,,,,,,,
995,simple,,,"FORCELAND VITALITY F22 - FC07921",1,0,visible,,,,,taxable,,1,,,0,0,,,,,1,,,189.00,Tyres,2854021,,https://www.tiromobiletyres.com.au/wp-content/uploads/2025/10/VITALITY-F22.jpg,,,,,,,,,0,Forceland,"Product IP",FC07921,1,1,Pattern,"Vitality F22",1,1,Size,"285/40ZR21 109Y",1,1,Width,285,1,1,Profile,40,1,1,Diameter,21,1,1,"Load Index",109,1,1,"Speed Rating",Y,1,1,,,,,,,,,,,,,,,,,"Vitality F22","285/40ZR21 109Y",,has-errors,1785374728,sync-and-show,,,,,,,,,,,,,,8eaa0cc0fc91e3416cc1df049e340257
996,simple,,,"ZETA IMPERO - ZTAMS03.213.01",1,0,visible,,"<strong>Features:</strong>\n<ul>\n<li>The right tire for large size Sport Utility Vehicles and large diameter wheel applications.</li>\n<li>4 wide longitudinal grooves improve drainage and wet weather performance.</li>\n<li>Anti-Hydroplaning lateral grooves offer excellent wet performance.</li>\n<li>3 center block provide straight driving stability.</li>\n<li>Optimized shoulder blocks maximize grip during cornering, and provide a smooth quiet ride.</li>\n</ul>",,,taxable,,1,,,0,0,,,,,0,,,216.00,Tyres,2854021,,https://www.tiromobiletyres.com.au/wp-content/uploads/2026/01/ZETA-IMPERO-img.jpg,,,,,,,,,0,ZETA,"Product IP",ZTAMS03.213.01,1,1,"Tyre Type",SUV,1,1,Pattern,IMPERO,1,1,Size,"285/40R21 109Y",1,1,Width,285,1,1,Profile,40,1,1,Diameter,21,1,1,"Load Index",109,1,1,"Speed Rating",Y,1,1,,,,,,,,,,,,,IMPERO,"285/40R21 109Y",,synced,1787541309,sync-and-show,approved,,,,,,,,,,,,,
997,simple,,,"CONTINENTAL CONTIPREMIUMCONTACT 6 - 0311733",1,0,visible,,,,,taxable,,1,,,0,0,,,,,1,,,419.01,Tyres,2854021,,https://www.tiromobiletyres.com.au/wp-content/uploads/2025/12/CONTINENTAL-CONTIPREMIUMCONTACT-6-img.png,,,,,,,,,0,CONTINENTAL,"Product IP",0311733,1,1,"Tyre Type",SUV,1,1,Pattern,"CONTIPREMIUMCONTACT 6",1,1,Size,"XL 285/40R21 109H",1,1,Width,285,1,1,Profile,40,1,1,Diameter,21,1,1,"Load Index",109,1,1,"Speed Rating",H,1,1,,,,,,,,,,,,,"CONTIPREMIUMCONTACT 6","XL 285/40R21 109H",,has-errors,1785374728,sync-and-show,,,,,,,,,,,,,,6badabf849a51b40c4de6eb787c24956
998,simple,,,"YOKOHAMA AVID S35A - 2854021S35A",1,0,visible,,,,,taxable,,1,,,0,0,,,,,0,,,527.47,Tyres,2854021,,https://www.tiromobiletyres.com.au/wp-content/uploads/2026/03/YOKOHAMA-AVID-S35A-img1.jpg,,,,,,,,,0,YOKOHAMA,"Product IP",2854021S35A,1,1,"Tyre Type",PCR,1,1,Pattern,"AVID S35A",1,1,Size,"285/40R21 109V",1,1,Width,285,1,1,Profile,40,1,1,Diameter,21,1,1,"Load Index",109,1,1,"Speed Rating",V,1,1,,,,,,,,,,,,,"AVID S35A","285/40R21 109V",,has-errors,1785374728,sync-and-show,approved,,,,,,,,,,,,,a99b8a7b9e20f257339169c51d530ca5
1001,simple,,,"ZETA IMPERO - ZTAM03.227.01",1,0,visible,,"<strong>Features:</strong>\n<ul>\n<li>The right tire for large size Sport Utility Vehicles and large diameter wheel applications.</li>\n<li>4 wide longitudinal grooves improve drainage and wet weather performance.</li>\n<li>Anti-Hydroplaning lateral grooves offer excellent wet performance.</li>\n<li>3 center block provide straight driving stability.</li>\n<li>Optimized shoulder blocks maximize grip during cornering, and provide a smooth quiet ride.</li>\n</ul>",,,taxable,,1,,,0,0,,,,,0,,,215.00,Tyres,2954021,,https://www.tiromobiletyres.com.au/wp-content/uploads/2026/01/ZETA-IMPERO-img.jpg,,,,,,,,,0,ZETA,"Product IP",ZTAM03.227.01,1,1,"Tyre Type","SUV TYRE",1,1,Pattern,IMPERO,1,1,Size,"295/40ZR21 111W",1,1,Width,295,1,1,Profile,40,1,1,Diameter,21,1,1,"Load Index",111,1,1,"Speed Rating",W,1,1,,,,,,,,,,,,,IMPERO,"295/40ZR21 111W",,synced,1787541309,sync-and-show,approved,,,,,,,,,,,,,
1002,simple,,,"CONTINENTAL ULTRACONTACT UC6 - 354000",1,0,visible,,"The Continental Ultra Contact UC6 uses cutting-edge design for an enhanced driving experience. This tyre promises the best performance on all levels for your choice car. The tread compound includes a special blend of polymers that enhances grip by transforming energy into heat for exceptional braking capacity and unparalleled control on wet and dry road surfaces. Its tread block pattern has been fine-tuned for shorter braking distances with adjustments to the pattern that allow for a more even distribution of braking force.\n\n<strong>Features:</strong>\n<ul>\n<li>Innovative combination of surface sipes and grooves</li>\n<li>Unique Diamond Edge block pattern for shorter, cleaner braking distances</li>\n<li>Noise Breakers embedded within the tread grooves diminishing sound for a quiet ride</li>\n<li>Low noise levels</li>\n<li>Smooth and comfortable ride</li>\n<li>Tight grip</li>\n</ul>",,,taxable,,1,,,0,0,,,,,0,,,335.00,Tyres,2954021,,https://www.tiromobiletyres.com.au/wp-content/uploads/2026/01/ULTRACONTACT-UC6-SUV-img.jpg,,,,,,,,,0,CONTINENTAL,"Product IP",354000,1,1,"Tyre Type",SUV,1,1,Pattern,"ULTRACONTACT UC6",1,1,Size,"295/40R21 111Y",1,1,Width,295,1,1,Profile,40,1,1,Diameter,21,1,1,"Load Index",111,1,1,"Speed Rating",Y,1,1,,,,,,,,,,,,,"ULTRACONTACT UC6","295/40R21 111Y",,synced,1787541309,sync-and-show,approved,,,,,,,,,,,,,
1003,simple,,,"HANKOOK VENTUS S1 EVO3 SUV K127A - 1025838",1,0,visible,,,,,taxable,,1,,,0,0,,,,,0,,,388.30,Tyres,2954021,,https://www.tiromobiletyres.com.au/wp-content/uploads/2026/02/HANKOOK-VENTUS-S1-EVO3-–-1019631-1.jpg,,,,,,,,,0,HANKOOK,"Product IP",1025838,1,1,"Tyre Type","4X4, SUV, UHP",1,1,Pattern,"VENTUS S1 EVO3 SUV K127A",1,1,Size,"295/40R21 111Y",1,1,Width,295,1,1,Profile,40,1,1,Diameter,21,1,1,"Load Index",111,1,1,"Speed Rating",Y,1,1,,,,,,,,,,,,,"VENTUS S1 EVO3 SUV K127A","295/40R21 111Y",,has-errors,1785374728,sync-and-show,approved,,,,,,,,,,,,,ce4408f7b541889853ed70ace4c24454
1004,simple,,,"CONTINENTAL ULTRACONTACT UX7 - 03598150000",1,0,visible,,,,,taxable,,1,,,0,0,,,,,1,,,409.35,Tyres,2954021,,https://www.tiromobiletyres.com.au/wp-content/uploads/2026/03/CONTINENTAL-ULTRACONTACT-UX7-img1.jpg,,,,,,,,,0,CONTINENTAL,"Product IP",03598150000,1,1,"Tyre Type",SUV,1,1,Pattern,"ULTRACONTACT UX7",1,1,Size,"295/40R21 111Y",1,1,Width,295,1,1,Profile,40,1,1,Diameter,21,1,1,"Load Index",111,1,1,"Speed Rating",Y,1,1,,,,,,,,,,,,,"ULTRACONTACT UX7","295/40R21 111Y",,has-errors,1785374728,sync-and-show,approved,,,,,,,,,,,,,f0d6e526a8206f086d16f2e10d80cc1a
1006,simple,,,"ZETA IMPERO - ZTAMS03.214.01",1,0,visible,,"<strong>Features:</strong>\n<ul>\n<li>The right tire for large size Sport Utility Vehicles and large diameter wheel applications.</li>\n<li>4 wide longitudinal grooves improve drainage and wet weather performance.</li>\n<li>Anti-Hydroplaning lateral grooves offer excellent wet performance.</li>\n<li>3 center block provide straight driving stability.</li>\n<li>Optimized shoulder blocks maximize grip during cornering, and provide a smooth quiet ride.</li>\n</ul>",,,taxable,,1,,,0,0,,,,,0,,,235.00,Tyres,3154021,,https://www.tiromobiletyres.com.au/wp-content/uploads/2026/01/ZETA-IMPERO-img.jpg,,,,,,,,,0,ZETA,"Product IP",ZTAMS03.214.01,1,1,"Tyre Type",SUV,1,1,Pattern,IMPERO,1,1,Size,"315/40R21 111Y",1,1,Width,315,1,1,Profile,40,1,1,Diameter,21,1,1,"Load Index",111,1,1,"Speed Rating",Y,1,1,,,,,,,,,,,,,IMPERO,"315/40R21 111Y",,synced,1787541309,sync-and-show,approved,,,,,,,,,,,,,
1007,simple,,,"CONTINENTAL ULTRACONTACT UX7 - 03597340000",1,0,visible,,,,,taxable,,1,,,0,0,,,,,1,,,487.03,Tyres,3154021,,https://www.tiromobiletyres.com.au/wp-content/uploads/2026/03/CONTINENTAL-ULTRACONTACT-UX7-img1.jpg,,,,,,,,,0,CONTINENTAL,"Product IP",03597340000,1,1,"Tyre Type",SUV,1,1,Pattern,"ULTRACONTACT UX7",1,1,Size,"315/40R21 111Y",1,1,Width,315,1,1,Profile,40,1,1,Diameter,21,1,1,"Load Index",111,1,1,"Speed Rating",Y,1,1,,,,,,,,,,,,,"ULTRACONTACT UX7","315/40R21 111Y",,has-errors,1785374728,sync-and-show,approved,,,,,,,,,,,,,ae8ff1b0f40ffa6c6ee0aba6ca6b2a9b
1008,simple,,,"PIRELLI P ZERO PZ4 - 4398800",1,0,visible,,"THE PERFECT FIT...\n\nP ZERO is the unique Ultra High Performance product combining Pirelli’s knowledge gained from competitive Motorsport and from Pirelli’s alliance with the top car manufacturers, granting the perfect fit for the performance of each car.\n\nPirelli P Zero (PZ4) tyres are Max Performance Summer tyres derived from Pirelli's Formula 1 experience and developed for some of the most exclusive and highest-performing vehicles available. Initially introduced as Original Equipment on the Audi A3 and S3, Lamborghini Huracan LP 580-2 and the Porsche Boxster, Cayman and 911, the P Zero (PZ4) includes replacement tire sizes as well as original equipment fitments. Pirelli's warranty does not cover tires that develop compound cracking due to use in ambient temperatures below 45° Fahrenheit (7° Celsius), so the P Zero (PZ4), like all summer tires, is not intended to be serviced, stored nor driven in near-freezing temperatures, through snow or on ice.\n\n<strong>Pirelli Noise Cancelling System  </strong>\nLimited sizes of the Pirelli P Zero (PZ4) are available with Pirelli Noise Cancelling System (PNCS), which involves the manufacturer adhering a layer of sound-absorbing foam to the inner liner of the tire to reduce cabin noise in the vehicle. These sizes are identified on the Specs page and in the search results.\n",,,taxable,,1,,,0,0,,,,,0,,,501.00,Tyres,3154021,,https://www.tiromobiletyres.com.au/wp-content/uploads/2026/02/PIRELLI-P-ZERO-PZ4-img.jpg,,,,,,,,,0,PIRELLI,"Product IP",4398800,1,1,"Tyre Type",SUV,1,1,Pattern,"P ZERO PZ4",1,1,Size,"315/40R21 111Y",1,1,Width,315,1,1,Profile,40,1,1,Diameter,21,1,1,"Load Index",111,1,1,"Speed Rating",Y,1,1,,,,,,,,,,,,,"P ZERO PZ4","315/40R21 111Y",,synced,1787541309,sync-and-show,approved,,,,,,,,,,,,,
1009,simple,,,"YOKOHAMA V107 - 3154021V107E",1,0,visible,,,,,taxable,,1,,,0,0,,,,,0,,,526.33,Tyres,3154021,,https://www.tiromobiletyres.com.au/wp-content/uploads/2026/02/YOKOHAMA-V107-image.jpg,,,,,,,,,0,YOKOHAMA,"Product IP",3154021V107E,1,1,"Tyre Type",UHP,1,1,Pattern,V107,1,1,Size,"315/40R21 115Y, BMW X8",1,1,Width,315,1,1,Profile,40,1,1,Diameter,21,1,1,"Load Index",115,1,1,"Speed Rating",Y,1,1,,,,,,,,,,,,,V107,"315/40R21 115Y | BMW X8",,has-errors,1785374728,sync-and-show,approved,,,,,,,,,,,,,32fcc530400bd8d6813d665be33a989d
1011,simple,,,"YOKOHAMA ADVAN SPORT V107 - 2553521V107MO",1,0,visible,,,,,taxable,,1,,,0,0,,,,,0,,,547.34,Tyres,2553521,,https://www.tiromobiletyres.com.au/wp-content/uploads/2026/02/YOKOHAMA-V107-image.jpg,,,,,,,,,0,YOKOHAMA,"Product IP",2553521V107MO,1,1,"Tyre Type",PC,1,1,Pattern,"ADVAN SPORT V107",1,1,Size,"255/35R21 98Y",1,1,Width,255,1,1,Profile,35,1,1,Diameter,21,1,1,"Load Index",98,1,1,"Speed Rating",Y,1,1,,,,,,,"YOKOHAMA ADVAN SPORT","Yokohama ADVAN Sport V107 Tyre | Performance & Grip","Buy Yokohama ADVAN Sport V107 255/35R21 tyres for superior grip, precise handling and high‑speed stability. Ideal for performance cars and dynamic driving.",59,90,1,"ADVAN SPORT V107","255/35R21 98Y",,has-errors,1785374728,sync-and-show,approved,,,,,,,,,,,,,f062ad7c4aea9b6cdfe98ff7a1308442
1012,simple,,,"PIRELLI P ZERO PZ4 - 3781300",1,0,visible,,"THE PERFECT FIT...\n\nP ZERO is the unique Ultra High Performance product combining Pirelli’s knowledge gained from competitive Motorsport and from Pirelli’s alliance with the top car manufacturers, granting the perfect fit for the performance of each car.\n\nPirelli P Zero (PZ4) tyres are Max Performance Summer tyres derived from Pirelli's Formula 1 experience and developed for some of the most exclusive and highest-performing vehicles available. Initially introduced as Original Equipment on the Audi A3 and S3, Lamborghini Huracan LP 580-2 and the Porsche Boxster, Cayman and 911, the P Zero (PZ4) includes replacement tire sizes as well as original equipment fitments. Pirelli's warranty does not cover tires that develop compound cracking due to use in ambient temperatures below 45° Fahrenheit (7° Celsius), so the P Zero (PZ4), like all summer tires, is not intended to be serviced, stored nor driven in near-freezing temperatures, through snow or on ice.\n\n<strong>Pirelli Noise Cancelling System  </strong>\nLimited sizes of the Pirelli P Zero (PZ4) are available with Pirelli Noise Cancelling System (PNCS), which involves the manufacturer adhering a layer of sound-absorbing foam to the inner liner of the tire to reduce cabin noise in the vehicle. These sizes are identified on the Specs page and in the search results.\n",,,taxable,,1,,,0,0,,,,,0,,,568.00,Tyres,2553521,,https://www.tiromobiletyres.com.au/wp-content/uploads/2026/02/PIRELLI-P-ZERO-PZ4-img.jpg,,,,,,,,,0,PIRELLI,"Product IP",3781300,1,1,"Tyre Type",PASSENGER,1,1,Pattern,"P ZERO PZ4",1,1,Size,"255/35R21 98Y, Ncs",1,1,Width,255,1,1,Profile,35,1,1,Diameter,21,1,1,"Load Index",98,1,1,"Speed Rating",Y,1,1,,,,,,,"PIRELLI P ZERO PZ4","Pirelli P Zero PZ4 Tyre | Performance & High‑Speed Grip","Buy Pirelli P Zero PZ4 tyres for superior handling, high‑speed stability and precise grip. Perfect for performance cars with premium control and feel.",82,30,2,"P ZERO PZ4","255/35R21 98Y | Ncs",,synced,1787541309,sync-and-show,approved,,,,,,,,,,,,,
1013,simple,,,"PIRELLI P ZERO PZ4 - 3861200",1,0,visible,,"THE PERFECT FIT...\n\nP ZERO is the unique Ultra High Performance product combining Pirelli’s knowledge gained from competitive Motorsport and from Pirelli’s alliance with the top car manufacturers, granting the perfect fit for the performance of each car.\n\nPirelli P Zero (PZ4) tyres are Max Performance Summer tyres derived from Pirelli's Formula 1 experience and developed for some of the most exclusive and highest-performing vehicles available. Initially introduced as Original Equipment on the Audi A3 and S3, Lamborghini Huracan LP 580-2 and the Porsche Boxster, Cayman and 911, the P Zero (PZ4) includes replacement tire sizes as well as original equipment fitments. Pirelli's warranty does not cover tires that develop compound cracking due to use in ambient temperatures below 45° Fahrenheit (7° Celsius), so the P Zero (PZ4), like all summer tires, is not intended to be serviced, stored nor driven in near-freezing temperatures, through snow or on ice.\n\n<strong>Pirelli Noise Cancelling System  </strong>\nLimited sizes of the Pirelli P Zero (PZ4) are available with Pirelli Noise Cancelling System (PNCS), which involves the manufacturer adhering a layer of sound-absorbing foam to the inner liner of the tire to reduce cabin noise in the vehicle. These sizes are identified on the Specs page and in the search results.\n",,,taxable,,1,,,0,0,,,,,0,,,571.00,Tyres,2553521,,https://www.tiromobiletyres.com.au/wp-content/uploads/2026/02/PIRELLI-P-ZERO-PZ4-img.jpg,,,,,,,,,0,PIRELLI,"Product IP",3861200,1,1,"Tyre Type",CAR,1,1,Pattern,"P ZERO PZ4",1,1,Size,"255/35R21 98Y, KS, Ncs",1,1,Width,255,1,1,Profile,35,1,1,Diameter,21,1,1,"Load Index",98,1,1,"Speed Rating",Y,1,1,,,,,,,"PIRELLI P ZERO PZ4","Pirelli P Zero PZ4 Tyre | Premium Grip & Performance","Buy Pirelli P Zero PZ4 tyres for superior handling, high‑speed stability and advanced grip. Perfect for performance cars seeking precision and control.",77,30,2,"P ZERO PZ4","255/35R21 98Y | KS | Ncs",,synced,1787541309,sync-and-show,approved,,,,,,,,,,,,,
1014,simple,,,"CONTINENTAL CONTISPORTCONTACT 6 - 314460",1,0,visible,,"<strong>Features:</strong>\n<strong>Shorter braking distances in all weather conditions.</strong>\nThe new Micro Flexibility Compound ensures an optimum interlocking between tyre and road surface. This guarantees better acceleration and shorter braking distances at high and low temperatures – in wet or dry conditions.\n\n<strong>Force Vectoring for maximum control, a new era in tread pattern development.</strong>\nThe improved inner and outer tread pattern ensures best steering precision and support for lateral forces during cornering. The advanced Macro Block Design keeps you safe and in control at any manoeuvre. Stiff centre ribs and asymmetric concave longitudinal grooves greatly support overall stability.\n\n<strong>Aralon350, the new adaptive hybrid cap ply for maximum high speed up to 350 km/h.</strong>\nThe sophisticated Aralon350 technology accelerates your vehicle safely up to 350 km/h. This newly designed strong Hybrid Cap Ply provides a controlled tyre growth – even at highest speeds.",,,taxable,,1,,,0,0,,,,,0,,,575.54,Tyres,2553521,,https://www.tiromobiletyres.com.au/wp-content/uploads/2026/02/CONTINENTAL-CONTISPORTCONTACT-6-3576270-image.jpg,,,,,,,,,0,CONTINENTAL,"Product IP",314460,1,1,"Tyre Type",SUV,1,1,Pattern,"CONTISPORTCONTACT 6",1,1,Size,"255/35R21 98Y",1,1,Width,255,1,1,Profile,35,1,1,Diameter,21,1,1,"Load Index",98,1,1,"Speed Rating",Y,1,1,,,,,,,"CONTINENTAL CONTISPORTCONTACT 6","Continental ContiSportContact 6 Tyre | Precision & Grip","Buy Continental ContiSportContact 6 tyres for precise handling, superior grip and high‑speed stability. Ideal for performance cars with confident control.",67,90,1,"CONTISPORTCONTACT 6","255/35R21 98Y",,synced,1787541309,sync-and-show,approved,,,,,,,,,,,,,
1015,simple,,,"PIRELLI P ZERO PZ4 - 2761000",1,0,visible,,"THE PERFECT FIT...\n\nP ZERO is the unique Ultra High Performance product combining Pirelli’s knowledge gained from competitive Motorsport and from Pirelli’s alliance with the top car manufacturers, granting the perfect fit for the performance of each car.\n\nPirelli P Zero (PZ4) tyres are Max Performance Summer tyres derived from Pirelli's Formula 1 experience and developed for some of the most exclusive and highest-performing vehicles available. Initially introduced as Original Equipment on the Audi A3 and S3, Lamborghini Huracan LP 580-2 and the Porsche Boxster, Cayman and 911, the P Zero (PZ4) includes replacement tire sizes as well as original equipment fitments. Pirelli's warranty does not cover tires that develop compound cracking due to use in ambient temperatures below 45° Fahrenheit (7° Celsius), so the P Zero (PZ4), like all summer tires, is not intended to be serviced, stored nor driven in near-freezing temperatures, through snow or on ice.\n\n<strong>Pirelli Noise Cancelling System  </strong>\nLimited sizes of the Pirelli P Zero (PZ4) are available with Pirelli Noise Cancelling System (PNCS), which involves the manufacturer adhering a layer of sound-absorbing foam to the inner liner of the tire to reduce cabin noise in the vehicle. These sizes are identified on the Specs page and in the search results.\n",,,taxable,,1,,,0,0,,,,,0,,,420.62,Tyres,2653521,,https://www.tiromobiletyres.com.au/wp-content/uploads/2026/02/PIRELLI-P-ZERO-PZ4-img.jpg,,,,,,,,,0,PIRELLI,"Product IP",2761000,1,1,"Tyre Type",CAR,1,1,Pattern,"P ZERO PZ4",1,1,Size,"265/35R21 101Y",1,1,Width,265,1,1,Profile,35,1,1,Diameter,21,1,1,"Load Index",101,1,1,"Speed Rating",Y,1,1,,,,,,,"PIRELLI P ZERO PZ4","Pirelli P Zero PZ4 Tyre | High‑Performance Handling & Grip","Buy Pirelli P Zero PZ4 tyres for superior high‑speed stability, precise handling and strong grip. Perfect for performance cars seeking premium control.",77,30,2,"P ZERO PZ4","265/35R21 101Y",,synced,1787541310,sync-and-show,approved,,,,,,,,,,,,,
1016,simple,,,"CONTINENTAL CONTISPORTCONTACT 5P - 3578610",1,0,visible,,"<strong>Safe performance for high performance cars while offering maximum driver enjoyment and confidence.</strong>\n\nThe latest innovation from the Continental experts. A high performance tire that offers maximum safety and driving pleasure for highly tuned cars. The ContiSportContact 5P is individually adjusted to meet the specific requirements of the front and rear axle positions. With precise steering and maximum grip under all conditions the vehicle's perform to their full potential on the road. The ContiSportContact 5P ""does not only go fast, it stops fast too."" It is therefore recommended by leading experts.\n\n<strong>Key Features:</strong>\n<strong>Perfect steering precision and sporty handling.</strong>\nWith precise steering and maximum grip under all conditions, the ContiSportContac 5 P puts you in total control of your vehicle.\n\n<strong>Outstanding grip and stability during cornering.</strong>\nWhichever road you're on, the tyre adapts perfectly to its surface - especially during fast cornering.\n\n<strong>Short braking distances on both wet and dry roads.</strong>\nContinental's innovative Black Chilli Technology ensures that the ContiSportContact 5P doesn't only go fast - it stops fast too.\n\n<strong>Award-winning tyres</strong>\nThe ContiSportContact® 5 P is the current Motor Tyre Test winner for 2017",,,taxable,,1,,,0,0,,,,,1,,,490.00,Tyres,2653521,,https://www.tiromobiletyres.com.au/wp-content/uploads/2026/03/CONTINENTAL-CONTISPORTCONTACT-5P-img1.jpg,,,,,,,,,0,CONTINENTAL,"Product IP",3578610,1,1,"Tyre Type",SUV,1,1,Pattern,"CONTISPORTCONTACT 5P",1,1,Size,"265/35R21 101Y, CONTISILENT",1,1,Width,265,1,1,Profile,35,1,1,Diameter,21,1,1,"Load Index",101,1,1,"Speed Rating",Y,1,1,,,,,,,"CONTINENTAL CONTISPORTCONTACT 5P","Continental ContiSportContact 5P Tyre | Sport Performance","Buy Continental ContiSportContact 5P tyres for precise handling, strong grip and short braking performance. Ideal for high‑performance driving and control.",69,90,2,"CONTISPORTCONTACT 5P","265/35R21 101Y | CONTISILENT",,synced,1787541310,sync-and-show,approved,,,,,,,,,,,,,
1018,simple,,,"CONTINENTAL CONTISPORTCONTACT 5P - 357208",1,0,visible,,"<strong>Safe performance for high performance cars while offering maximum driver enjoyment and confidence.</strong>\n\nThe latest innovation from the Continental experts. A high performance tire that offers maximum safety and driving pleasure for highly tuned cars. The ContiSportContact 5P is individually adjusted to meet the specific requirements of the front and rear axle positions. With precise steering and maximum grip under all conditions the vehicle's perform to their full potential on the road. The ContiSportContact 5P ""does not only go fast, it stops fast too."" It is therefore recommended by leading experts.\n\n<strong>Key Features:</strong>\n<strong>Perfect steering precision and sporty handling.</strong>\nWith precise steering and maximum grip under all conditions, the ContiSportContac 5 P puts you in total control of your vehicle.\n\n<strong>Outstanding grip and stability during cornering.</strong>\nWhichever road you're on, the tyre adapts perfectly to its surface - especially during fast cornering.\n\n<strong>Short braking distances on both wet and dry roads.</strong>\nContinental's innovative Black Chilli Technology ensures that the ContiSportContact 5P doesn't only go fast - it stops fast too.\n\n<strong>Award-winning tyres</strong>\nThe ContiSportContact® 5 P is the current Motor Tyre Test winner for 2017",,,taxable,,1,,,0,0,,,,,1,,,533.16,Tyres,2653521,,https://www.tiromobiletyres.com.au/wp-content/uploads/2026/03/CONTINENTAL-CONTISPORTCONTACT-5P-img1.jpg,,,,,,,,,0,CONTINENTAL,"Product IP",357208,1,1,"Tyre Type",PCR,1,1,Pattern,"CONTISPORTCONTACT 5P",1,1,Size,"265/35R21 101Y",1,1,Width,265,1,1,Profile,35,1,1,Diameter,21,1,1,"Load Index",101,1,1,"Speed Rating",Y,1,1,,,,,,,"CONTINENTAL CONTISPORTCONTACT 5P","Continental ContiSportContact 5P Tyre | Sport Performance","Buy Continental ContiSportContact 5P tyres for precise handling, strong grip and short braking performance. Ideal for high‑performance cars and confident driving.",62,90,2,"CONTISPORTCONTACT 5P","265/35R21 101Y",,synced,1787541310,sync-and-show,approved,,,,,,,,,,,,,
1019,simple,,,"PIRELLI P ZERO PZ4 - 3980200",1,0,visible,,"THE PERFECT FIT...\n\nP ZERO is the unique Ultra High Performance product combining Pirelli’s knowledge gained from competitive Motorsport and from Pirelli’s alliance with the top car manufacturers, granting the perfect fit for the performance of each car.\n\nPirelli P Zero (PZ4) tyres are Max Performance Summer tyres derived from Pirelli's Formula 1 experience and developed for some of the most exclusive and highest-performing vehicles available. Initially introduced as Original Equipment on the Audi A3 and S3, Lamborghini Huracan LP 580-2 and the Porsche Boxster, Cayman and 911, the P Zero (PZ4) includes replacement tire sizes as well as original equipment fitments. Pirelli's warranty does not cover tires that develop compound cracking due to use in ambient temperatures below 45° Fahrenheit (7° Celsius), so the P Zero (PZ4), like all summer tires, is not intended to be serviced, stored nor driven in near-freezing temperatures, through snow or on ice.\n\n<strong>Pirelli Noise Cancelling System  </strong>\nLimited sizes of the Pirelli P Zero (PZ4) are available with Pirelli Noise Cancelling System (PNCS), which involves the manufacturer adhering a layer of sound-absorbing foam to the inner liner of the tire to reduce cabin noise in the vehicle. These sizes are identified on the Specs page and in the search results.\n",,,taxable,,1,,,0,0,,,,,0,,,550.00,Tyres,2653521,,https://www.tiromobiletyres.com.au/wp-content/uploads/2026/02/PIRELLI-P-ZERO-PZ4-img.jpg,,,,,,,,,0,PIRELLI,"Product IP",3980200,1,1,"Tyre Type",PASSENGER,1,1,Pattern,"P ZERO PZ4",1,1,Size,"265/35R21 101Y, Ncs",1,1,Width,265,1,1,Profile,35,1,1,Diameter,21,1,1,"Load Index",101,1,1,"Speed Rating",Y,1,1,,,,,,,"PIRELLI P ZERO PZ4","Pirelli P Zero PZ4 Tyre | High Performance & Superior Grip","Buy Pirelli P Zero PZ4 tyres for exceptional handling, high‑speed stability and superior grip. Perfect for performance cars with premium driving control.",77,30,2,"P ZERO PZ4","265/35R21 101Y | Ncs",,synced,1787541310,sync-and-show,approved,,,,,,,,,,,,,,
1020,simple,,,"FORCELAND VITALITY F22 - FC00821",1,0,visible,,,,,taxable,,1,,,0,0,,,,,1,,,169.00,Tyres,2753521,,https://www.tiromobiletyres.com.au/wp-content/uploads/2025/10/VITALITY-F22.jpg,,,,,,,,,0,Forceland,"Product IP",FC00821,1,1,Pattern,"Vitality F22",1,1,Size,"275/35ZR21 103Y",1,1,Width,275,1,1,Profile,35,1,1,Diameter,21,1,1,"Load Index",103,1,1,"Speed Rating",Y,1,1,,,,,,,,,,,"FORCELAND VITALITY F22","Forceland Vitality F22 Tyre | Reliable Grip & Comfortable Ride","Buy Forceland Vitality F22 tyres for strong grip, smooth handling and everyday comfort. Great value performance for city driving with reliable traction.",56,90,1,"Vitality F22","275/35ZR21 103Y",,has-errors,1785374728,sync-and-show,approved,,,,,,,,,,,,,8aaeab6954185722ed2110c293664656,
1021,simple,,,"ZETA ALVENTI - ZTAM03.219.01",1,0,visible,,"New designed Asymmetric tread pattern , enhanced UHP tyre block stiffness for heavy loads, and ensure vehicle has been controlled perfect under any road conditions.\n\n<strong>KEY FEATURES:</strong>\n<ul>\n <li>Optimized pitch variance design & tread formula with high silica rubber reduces noise, innovative grip, improved mileage as well.</li>\n <li>4 straight grooves provide excellent smooth water dispersion and high levels of wet handling.</li>\n <li>Three solid longitudinal ribs improved braking and linear stability during high speed.</li>\n</ul>",,,taxable,,1,,,0,0,,,,,1,,,189.00,Tyres,2753521,,https://www.tiromobiletyres.com.au/wp-content/uploads/2025/10/Zeta-Alventi-img.jpg,,,,,,,,,0,ZETA,"Product IP",ZTAM03.219.01,1,1,"Tyre Type",UHP,1,1,Pattern,ALVENTI,1,1,Size,"275/35ZR21 103Y",1,1,Width,275,1,1,Profile,35,1,1,Diameter,21,1,1,"Load Index",103,1,1,"Speed Rating",Y,1,1,,,,,,,"ZETA ALVENTI","Zeta Alventi Tyre | Budget Grip & Smooth Everyday Ride","Buy Zeta Alventi tyres for strong grip, smooth handling and quiet comfort. A budget‑friendly choice for reliable everyday driving performance.",56,90,1,ALVENTI,"275/35ZR21 103Y",,synced,1787541310,sync-and-show,approved,,,,,,,,,,,,,,
1022,simple,,,"MINNELL SAFY M06 - 230382MI",1,0,visible,,,,,taxable,,1,,,0,0,,,,,1,,,219.00,Tyres,"2753521, Runflat",,https://www.tiromobiletyres.com.au/wp-content/uploads/2026/02/MINNELL-SAFY-M06-img.jpg,,,,,,,,,0,MINNELL,"Product IP",230382MI,1,1,"Tyre Type",PASSENGER,1,1,Pattern,"SAFY M06",1,1,Size,"275/35ZR21 103W",1,1,Width,275,1,1,Profile,35,1,1,Diameter,21,1,1,"Load Index",103,1,1,"Speed Rating",W,1,1,,,,,,,"MINNELL SAFY M06","Minnell SAFY M06 Tyre | Budget Summer Grip & Performance","Buy Minnell SAFY M06 tyres for affordable summer performance with reliable grip and everyday handling. Quality budget option for cars and SUVs.",61,90,1,"SAFY M06","275/35ZR21 103W",,has-errors,1785374728,sync-and-show,approved,,,,,,,,,,,,,49f90d5d7d9a27d8f262a09d4f7feee0,
1023,simple,,,"HANKOOK ION EVO AS SUV IH01A - 1033213",1,0,visible,,,,,taxable,,1,,,0,0,,,,,0,,,315.00,Tyres,2753521,,https://www.tiromobiletyres.com.au/wp-content/uploads/2026/03/HANKOOK-ION-EVO-AS-SUV-IH01A-img.jpg,,,,,,,,,0,HANKOOK,"Product IP",1033213,1,1,"Tyre Type","4X4, EV UHP, SUV",1,1,Pattern,"ION EVO AS SUV IH01A",1,1,Size,"275/35R21 103Y",1,1,Width,275,1,1,Profile,35,1,1,Diameter,21,1,1,"Load Index",103,1,1,"Speed Rating",Y,1,1,,,,,,,"HANKOOK ION EVO AS SUV IH01A","Hankook iON Evo AS SUV Tyre | EV & SUV Comfort & Grip","Buy Hankook iON Evo AS SUV tyres for EVs & SUVs with strong grip, low noise and smooth all‑season performance. Ideal for comfortable everyday driving.",51,90,1,"ION EVO AS SUV IH01A","275/35R21 103Y",,has-errors,1785374728,sync-and-show,approved,,,,,,,,,,,,,53c5676c44a7b8a63c1b3841e7b27d30,
1025,simple,,,"ZETA IMPERO - ZTAMST03.183.01",1,0,visible,,"<strong>Features:</strong>\n<ul>\n<li>The right tire for large size Sport Utility Vehicles and large diameter wheel applications.</li>\n<li>4 wide longitudinal grooves improve drainage and wet weather performance.</li>\n<li>Anti-Hydroplaning lateral grooves offer excellent wet performance.</li>\n<li>3 center block provide straight driving stability.</li>\n<li>Optimized shoulder blocks maximize grip during cornering, and provide a smooth quiet ride.</li>\n</ul>",,,taxable,,1,,,0,0,,,,,0,,,199.01,Tyres,2754022,,https://www.tiromobiletyres.com.au/wp-content/uploads/2026/01/ZETA-IMPERO-img.jpg,,,,,,,,,0,ZETA,"Product IP",ZTAMST03.183.01,1,1,"Tyre Type",UHP,1,1,Pattern,IMPERO,1,1,Size,"275/40R22 108V",1,1,Width,275,1,1,Profile,40,1,1,Diameter,22,1,1,"Load Index",108,1,1,"Speed Rating",V,1,1,,,,,,,"ZETA IMPERO","Zeta Impero Tyre | Budget Performance & SUV Grip","Buy Zeta Impero tyres for SUVs & performance cars. Enjoy strong wet grip, smooth handling & durability with reliable all-season driving.",59,90,1,IMPERO,"275/40R22 108V",,synced,1787541310,sync-and-show,approved,,,,,,,,,,,,,,
1026,simple,,,"HANKOOK VENTUS S1 EVO3 SUV K127A - 1025826",1,0,visible,,,,,taxable,,1,,,0,0,,,,,0,,,315.00,Tyres,2754022,,https://www.tiromobiletyres.com.au/wp-content/uploads/2026/02/HANKOOK-VENTUS-S1-EVO3-–-1019631-1.jpg,,,,,,,,,0,HANKOOK,"Product IP",1025826,1,1,"Tyre Type",UHP,1,1,Pattern,"VENTUS S1 EVO3 SUV K127A",1,1,Size,"275/40ZR22 107Y",1,1,Width,275,1,1,Profile,40,1,1,Diameter,22,1,1,"Load Index",107,1,1,"Speed Rating",Y,1,1,,,,,,,"HANKOOK VENTUS S1","Hankook Ventus S1 Evo3 SUV K127A | Performance Tyre","Buy Hankook Ventus S1 Evo3 SUV K127A tyres for strong grip, high-speed stability & smooth handling. Ideal for SUVs with premium performance.",61,90,1,"VENTUS S1 EVO3 SUV K127A","275/40ZR22 107Y",,has-errors,1785374728,sync-and-show,,,,,,,,,,,,,,a986f0412e16e2e5c9e2f69b99af99e9,
1027,simple,,,"CONTINENTAL ULTRACONTACT UX7 - 03598000000",1,0,visible,,,,,taxable,,1,,,0,0,,,,,1,,,340.14,Tyres,2754022,,https://www.tiromobiletyres.com.au/wp-content/uploads/2026/03/CONTINENTAL-ULTRACONTACT-UX7-img1.jpg,,,,,,,,,0,CONTINENTAL,"Product IP",03598000000,1,1,"Tyre Type",SUV,1,1,Pattern,"ULTRACONTACT UX7",1,1,Size,"275/40R22 108Y",1,1,Width,275,1,1,Profile,40,1,1,Diameter,22,1,1,"Load Index",108,1,1,"Speed Rating",Y,1,1,,,,,,,,,,,,,"ULTRACONTACT UX7","275/40R22 108Y",,has-errors,1785374728,sync-and-show,approved,,,,,,,,,,,,,b5da06d2ad3b216215f77b290634daa1,
1028,simple,,,"CONTINENTAL ULTRACONTACT UC6 - 359347",1,0,visible,,"The Continental Ultra Contact UC6 uses cutting-edge design for an enhanced driving experience. This tyre promises the best performance on all levels for your choice car. The tread compound includes a special blend of polymers that enhances grip by transforming energy into heat for exceptional braking capacity and unparalleled control on wet and dry road surfaces. Its tread block pattern has been fine-tuned for shorter braking distances with adjustments to the pattern that allow for a more even distribution of braking force.\n\n<strong>Features:</strong>\n<ul>\n<li>Innovative combination of surface sipes and grooves</li>\n<li>Unique Diamond Edge block pattern for shorter, cleaner braking distances</li>\n<li>Noise Breakers embedded within the tread grooves diminishing sound for a quiet ride</li>\n<li>Low noise levels</li>\n<li>Smooth and comfortable ride</li>\n<li>Tight grip</li>\n</ul>",,,taxable,,1,,,0,0,,,,,0,,,365.00,Tyres,2754022,,https://www.tiromobiletyres.com.au/wp-content/uploads/2026/01/ULTRACONTACT-UC6-SUV-img.jpg,,,,,,,,,0,CONTINENTAL,"Product IP",359347,1,1,"Tyre Type",SUV,1,1,Pattern,"ULTRACONTACT UC6",1,1,Size,"275/40R22 108Y, FR, XL",1,1,Width,275,1,1,Profile,40,1,1,Diameter,22,1,1,"Load Index",108,1,1,"Speed Rating",Y,1,1,,,,,,,"Continental UltraContact","Continental UltraContact UC6 Tyre | Comfort & Grip","Buy Continental UltraContact UC6 tyres for smooth comfort, strong wet grip & long mileage. Enjoy safe braking and quiet driving performance.",65,90,1,"ULTRACONTACT UC6","275/40R22 108Y | FR | XL",,synced,1787541310,sync-and-show,approved,,,,,,,,,,,,,,
1029,simple,,,"FORCELAND VITALITY F22 - FC00622",1,0,visible,,,,,taxable,,1,,,0,0,,,,,1,,,189.00,Tyres,2854022,,https://www.tiromobiletyres.com.au/wp-content/uploads/2025/10/VITALITY-F22.jpg,,,,,,,,,0,Forceland,"Product IP",FC00622,1,1,Pattern,"Vitality F22",1,1,Size,"285/40ZR22 110Y",1,1,Width,285,1,1,Profile,40,1,1,Diameter,22,1,1,"Load Index",110,1,1,"Speed Rating",Y,1,1,,,,,,,,,,,"FORCELAND VITALITY F22","Forceland Vitality F22 Tyre | Budget Performance Grip","Buy Forceland Vitality F22 tyres for strong grip, smooth handling & low noise. Ideal for daily driving with reliable wet & dry performance.",61,90,1,"Vitality F22","285/40ZR22 110Y",,has-errors,1785374728,sync-and-show,approved,,,,,,,,,,,,,c42f1dc3c3bb898c973464365afaaaf4,
1030,simple,,,"NANKANG SP9 - NAL2854022SP9",1,0,visible,,"<strong>Key Features:</strong>\n<ul>\n<li>New arrival</li>\n<li>Non-directional performance</li>\n<li>Quiet comfortable ride</li>\n<li>Inch 16-22</li>\n<li>Series 35 -70</li>\n</ul>",,,taxable,,1,,,0,0,,,,,1,,,301.48,Tyres,2854022,,https://www.tiromobiletyres.com.au/wp-content/uploads/2026/01/NANKANG-SP9-img.jpg,,,,,,,,,0,NANKANG,"Product IP",NAL2854022SP9,1,1,"Tyre Type","RV 4WD & SUV",1,1,Pattern,SP9,1,1,Size,"285/40ZR22 110XLY",1,1,Width,285,1,1,Profile,40,1,1,Diameter,22,1,1,"Load Index",110XL,1,1,"Speed Rating",Y,1,1,,,,,,,"NANKANG SP9","Nankang SP9 Tyre | SUV Comfort, Grip & Smooth Ride","Buy Nankang SP9 tyres for SUVs & crossovers. Enjoy quiet rides, strong wet grip & balanced performance for daily driving with long tread life.",61,90,1,SP9,"285/40ZR22 110XLY",,synced,1787541310,sync-and-show,approved,,,,,,,,,,,,,,
1031,simple,,,"HANKOOK VENTUS S1 EVO3 SUV K127A - 1021935",1,0,visible,,,,,taxable,,1,,,0,0,,,,,0,,,393.35,Tyres,2854022,,https://www.tiromobiletyres.com.au/wp-content/uploads/2026/02/HANKOOK-VENTUS-S1-EVO3-–-1019631-1.jpg,,,,,,,,,0,HANKOOK,"Product IP",1021935,1,1,"Tyre Type",SUV,1,1,Pattern,"VENTUS S1 EVO3 SUV K127A",1,1,Size,"285/40R22 110Y",1,1,Width,285,1,1,Profile,40,1,1,Diameter,22,1,1,"Load Index",110,1,1,"Speed Rating",Y,1,1,,,,,,,"HANKOOK VENTUS S1 EVO3","Hankook Ventus S1 Evo3 SUV K127A | Performance Tyre","Buy Hankook Ventus S1 Evo3 SUV K127A tyres for strong grip, high-speed stability & smooth handling. Ideal for premium SUVs & comfort driving.",61,90,1,"VENTUS S1 EVO3 SUV K127A","285/40R22 110Y",,has-errors,1785374728,sync-and-show,approved,,,,,,,,,,,,,fa6ea5b120b6deb34715933cfff242cf,
1032,simple,,,"CONTINENTAL CONTISPORTCONTACT 5P - 356483",1,0,visible,,"<strong>Safe performance for high performance cars while offering maximum driver enjoyment and confidence.</strong>\n\nThe latest innovation from the Continental experts. A high performance tire that offers maximum safety and driving pleasure for highly tuned cars. The ContiSportContact 5P is individually adjusted to meet the specific requirements of the front and rear axle positions. With precise steering and maximum grip under all conditions the vehicle's perform to their full potential on the road. The ContiSportContact 5P ""does not only go fast, it stops fast too."" It is therefore recommended by leading experts.\n\n<strong>Key Features:</strong>\n<strong>Perfect steering precision and sporty handling.</strong>\nWith precise steering and maximum grip under all conditions, the ContiSportContac 5 P puts you in total control of your vehicle.\n\n<strong>Outstanding grip and stability during cornering.</strong>\nWhichever road you're on, the tyre adapts perfectly to its surface - especially during fast cornering.\n\n<strong>Short braking distances on both wet and dry roads.</strong>\nContinental's innovative Black Chilli Technology ensures that the ContiSportContact 5P doesn't only go fast - it stops fast too.\n\n<strong>Award-winning tyres</strong>\nThe ContiSportContact® 5 P is the current Motor Tyre Test winner for 2017",,,taxable,,1,,,0,0,,,,,1,,,505.00,Tyres,2854022,,https://www.tiromobiletyres.com.au/wp-content/uploads/2026/03/CONTINENTAL-CONTISPORTCONTACT-5P-img1.jpg,,,,,,,,,0,CONTINENTAL,"Product IP",356483,1,1,"Tyre Type",UHP,1,1,Pattern,"CONTISPORTCONTACT 5P",1,1,Size,"285/40R22 106Y",1,1,Width,285,1,1,Profile,40,1,1,Diameter,22,1,1,"Load Index",106,1,1,"Speed Rating",Y,1,1,,,,,,,"CONTINENTAL CONTISPORTCONTACT 5P","Continental ContiSportContact 5P Tyre | Sport Grip","Buy Continental ContiSportContact 5P tyres for precise handling, strong grip & short braking distance. Ideal for high-performance cars.",69,90,2,"CONTISPORTCONTACT 5P","285/40R22 106Y",,synced,1787541310,sync-and-show,approved,,,,,,,,,,,,,,
1033,simple,,,"FORCELAND VITALITY F22 - FC08822",1,0,visible,,,,,taxable,,1,,,0,0,,,,,1,,,209.00,Tyres,2954022,,https://www.tiromobiletyres.com.au/wp-content/uploads/2025/10/VITALITY-F22.jpg,,,,,,,,,0,Forceland,"Product IP",FC08822,1,1,Pattern,"Vitality F22",1,1,Size,"295/40ZR22 112Y",1,1,Width,295,1,1,Profile,40,1,1,Diameter,22,1,1,"Load Index",112,1,1,"Speed Rating",Y,1,1,,,,,,,,,,,"FORCELAND VITALITY","Forceland Vitality F22 Tyre | Budget Performance & Grip","Buy Forceland Vitality F22 tyres for strong grip, smooth handling & low noise. Ideal for performance driving with great value and durability.",61,90,1,"Vitality F22","295/40ZR22 112Y",,has-errors,1785374728,sync-and-show,approved,,,,,,,,,,,,,33fb0558eb57be6ca066e0c0e8746172,
1034,simple,,,"PIRELLI SCORPION ZERO - 3136900",1,0,visible,,"SUV | All season | Sporty\n\nSPORTS PERFORMANCE ON ROAD FOR SUVS\nThe ideal SUV and All Season tyre. Good grip and traction on gravel and grass / mud.\n\n<strong>Features & Benefits</strong>\n<ul>\n <li>Two/three wide longitudinal grooves depending on section width improve safety in off road conditions and potential aquaplaning situations</li>\n <li>Symmetric design with Z-profile improves traction and braking safety</li>\n <li>Specialised compound for grip on irregular surfaces for improved safety</li>\n</ul>",,,taxable,,1,,,0,0,,,,,0,,,671.00,Tyres,2954022,,https://www.tiromobiletyres.com.au/wp-content/uploads/2026/03/PIRELLI-SCORPION-ZERO-img1.jpg,,,,,,,,,0,PIRELLI,"Product IP",3136900,1,1,"Tyre Type",SUV,1,1,Pattern,"SCORPION ZERO",1,1,Size,"295/40R22 112W",1,1,Width,295,1,1,Profile,40,1,1,Diameter,22,1,1,"Load Index",112,1,1,"Speed Rating",W,1,1,,,,,,,"PIRELLI SCORPION ZERO","Pirelli Scorpion Zero Tyre | SUV Performance & Grip","Buy Pirelli Scorpion Zero tyres for SUVs with strong grip, high-speed stability & dynamic handling. Ideal for premium performance driving.",61,90,1,"SCORPION ZERO","295/40R22 112W",,synced,1787541310,sync-and-show,approved,,,,,,,,,,,,,,
1036,simple,,,"YOKOHAMA V107 - 2954022V107",1,0,visible,,,,,taxable,,1,,,0,0,,,,,0,,,527.47,Tyres,2954022,,https://www.tiromobiletyres.com.au/wp-content/uploads/2026/02/YOKOHAMA-V107-image.jpg,,,,,,,,,0,YOKOHAMA,"Product IP",2954022V107,1,1,"Tyre Type",PC,1,1,Pattern,V107,1,1,Size,"295/40R22 112Y",1,1,Width,295,1,1,Profile,40,1,1,Diameter,22,1,1,"Load Index",112,1,1,"Speed Rating",Y,1,1,,,,,,,YOKOHAMA,"Yokohama V107 Tyre 295/40R22 | High Performance Grip","Buy Yokohama ADVAN Sport V107 tyres for superior grip, precise handling & high-speed stability. Ideal for premium performance cars & SUVs.",61,90,1,V107,"295/40R22 112Y",,has-errors,1785374728,sync-and-show,approved,,,,,,,,,,,,,2713715f813559ae5fb6696033c1b9e2,
1037,simple,,,"CONTINENTAL CONTISPORTCONTACT 5 - 03157530000",1,0,visible,"<em>Unlimited driving fun thanks to excellent grip...</em>\n\n<strong>Features:</strong>\n<ul class=""list"">\n<li>Shorter braking distances in all weather conditions.</li>\n<li>Excellent road grip and safety when cornering.</li>\n<li>Reduced fuel consumption and high mileage.</li>\n</ul>","<strong>Control never has been sportier</strong>\nWith the launch of the ContiSportContact 5, Continental has developed a tyre which is equally suitable for sporty cars & SUVs with sporty driving characteristics. With this new development, the tyre engineers have made significant progress in camparison to the popular predecessor ContiSportContact 3.\n\nThis was made possible due to a new compound which focuses on maximum power transmission and provides low rolling resistance whilst driving normally. This rubber compound which carries the name ""BlackChilli"" uses the various vibrations of the tyre.\n\n",,,taxable,,1,,,0,0,,,,,1,,,590.61,Tyres,2954022,,https://www.tiromobiletyres.com.au/wp-content/uploads/2025/10/continental-21545R17.jpg,,,,,,,,,0,CONTINENTAL,"Product IP",03157530000,1,1,"Tyre Type",SUV,1,1,Pattern,"CONTISPORTCONTACT 5",1,1,Size,"295/40R22 112Y",1,1,Width,295,1,1,Profile,40,1,1,Diameter,22,1,1,"Load Index",112,1,1,"Speed Rating",Y,1,1,,,,,,,,,,,,,"CONTISPORTCONTACT 5","295/40R22 112Y",,synced,1787541310,sync-and-show,approved,,,,,,,,,,,,,,
1038,simple,,,"MICHELIN PILOT SUPER SPORT - 694993",1,0,visible,,"MICHELIN Pilot Super Sport is a high performance tyre specially designed for super sport cars and ultra high performance tuning.\n",,,taxable,,1,,,0,0,,,,,0,,,849.37,Tyres,3053522,,https://www.tiromobiletyres.com.au/wp-content/uploads/2026/02/MICHELIN-PILOT-SUPER-SPORT-img1.jpg,,,,,,,,,0,MICHELIN,"Product IP",694993,1,1,"Tyre Type",UHP,1,1,Pattern,"PILOT SUPER SPORT",1,1,Size,"305/35R22 110Y, XL",1,1,Width,305,1,1,Profile,35,1,1,Diameter,22,1,1,"Load Index",110,1,1,"Speed Rating",Y,1,1,,,,,,,"MICHELIN PILOT","Michelin Pilot Super Sport Tyre | Ultimate Grip & Precision","Buy Michelin Pilot Super Sport tyres for exceptional grip, precise handling and high‑speed stability. Ideal for performance cars seeking sport‑level control.",64,90,1,"PILOT SUPER SPORT","305/35R22 110Y | XL",,synced,1787541310,sync-and-show,approved,,,,,,,,,,,,,,
1040,simple,,,"LIONHEART LH5 - LHST522350",1,0,visible,,"It will look great on your car. The brand of this tire is Lionhart and the model is LH-Five. Product weights about twenty-four pounds.  The quality of this Lionhart LH-FIVE Performance Radial Tire Reviews is great for its affordable price. Performance cannot be questionable since Lionhart is a best brand when comes to tires for your car. With the latest technology available for manufacturing these tires. It provides customers with high performance radial tyres.\n",,,taxable,,1,,,0,0,,,,,0,,,330.00,Tyres,3053522,,https://www.tiromobiletyres.com.au/wp-content/uploads/2026/03/LIONHEART-LH5-img1.jpg,,,,,,,,,0,LIONHEART,"Product IP",LHST522350,1,1,"Tyre Type",UHP,1,1,Pattern,LH5,1,1,Size,"305/35R22 110XLW",1,1,Width,305,1,1,Profile,35,1,1,Diameter,22,1,1,"Load Index",110XL,1,1,"Speed Rating",W,1,1,,,,,,,"LIONHEART LH5","Lionheart LH5 Tyre | All‑Season Grip & Smooth Comfort","Buy Lionheart LH5 tyres for strong all‑season grip, quiet ride and smooth handling. Ideal for everyday driving with reliable performance and comfort.",61,90,1,LH5,"305/35R22 110XLW",,synced,1787541310,sync-and-show,approved,,,,,,,,,,,,,,
1042,simple,,,"LEXANI LX20 - MSLEX024",1,0,visible,,"Season: All Season\nType: Performance\n\nLexani LX-Twenty Tyres are designed to perform on some of the most technologically advanced vehicles in the world! The LX-Twenty represents the new generation of ultra-high performance by providing excellent handling, enduring tread life, and great traction at high speeds, in both wet and dry conditions. The internal structure of the Lexani LX-Twenty is made using the most state of the art development processes in the tire industry today. So if you choose Lexani, expect nothing but superior performance and style.\n\n\n<strong>Features:</strong>\n<ul>\n <li>Allow for responsive handling in any weather conditions</li>\n <li>Enhanced traction and superb cornering, even in light snow</li>\n <li>Optimized tread pattern design</li>\n <li>Durable, damage-resistant construction</li>\n <li>Provide long-lasting service</li>\n</ul>",,,taxable,,1,,,0,0,,,,,0,,,440.00,Tyres,3053522,,https://www.tiromobiletyres.com.au/wp-content/uploads/2026/03/LEXANI-LX20-img1.jpg,,,,,,,,,0,LEXANI,"Product IP",MSLEX024,1,1,"Tyre Type",SUV,1,1,Pattern,LX20,1,1,Size,"305/35R22 110W",1,1,Width,305,1,1,Profile,35,1,1,Diameter,22,1,1,"Load Index",110,1,1,"Speed Rating",W,1,1,,,,,,,"LEXANI LX20","Lexani LX20 Tyre | Performance All‑Season Grip","Buy Lexani LX20 tyres for all‑season performance, strong grip and reliable handling on cars and SUVs. Great budget choice offering balanced traction.",67,60,1,LX20,"305/35R22 110W",,synced,1787541310,sync-and-show,approved,,,,,,,,,,,,,,
1044,simple,,,"MINNELL SAFY M06 - 212962MI",1,0,visible,,,,,taxable,,1,,,0,0,,,,,1,,,199.01,Tyres,3153522,,https://www.tiromobiletyres.com.au/wp-content/uploads/2026/02/MINNELL-SAFY-M06-img.jpg,,,,,,,,,0,MINNELL,"Product IP",212962MI,1,1,"Tyre Type",SUV,1,1,Pattern,"SAFY M06",1,1,Size,"315/35ZR22 111W",1,1,Width,315,1,1,Profile,35,1,1,Diameter,22,1,1,"Load Index",111,1,1,"Speed Rating",W,1,1,,,,,,,"MINNELL SAFY M06","Minnell SAFY M06 Tyre | Budget Grip & Everyday Performance","Buy Minnell SAFY M06 tyres for reliable all‑season grip, smooth handling and everyday driving comfort. Great budget choice with dependable traction.",59,90,1,"SAFY M06","315/35ZR22 111W",,has-errors,1785374728,sync-and-show,approved,,,,,,,,,,,,,cee70b82f0e745d796fdedb931ff6230,
1045,simple,,,"MINNELL SAFY M06 - 212961MI",1,0,visible,,,,,taxable,,1,,,0,0,,,,,1,,,215.00,Tyres,"3153522, Runflat",,https://www.tiromobiletyres.com.au/wp-content/uploads/2026/02/MINNELL-SAFY-M06-img.jpg,,,,,,,,,0,MINNELL,"Product IP",212961MI,1,1,"Tyre Type",SUV,1,1,Pattern,"SAFY M06",1,1,Size,"315/35ZR22 108W",1,1,Width,315,1,1,Profile,35,1,1,Diameter,22,1,1,"Load Index",108,1,1,"Speed Rating",W,1,1,,,,,,,"MINNELL SAFY M06","Minnell SAFY M06 Tyre | Budget Comfort & Reliable Grip","Buy Minnell SAFY M06 tyres for dependable grip, smooth handling and everyday driving comfort. A budget‑friendly choice with strong all‑season performance.",56,90,1,"SAFY M06","315/35ZR22 108W",,has-errors,1785374728,sync-and-show,approved,,,,,,,,,,,,,dd51dc5e1aa53d348a43eea9ce81504b,
1046,simple,,,"FORCELAND VITALITY F22 - FC09322",1,0,visible,,,,,taxable,,1,,,0,0,,,,,1,,,229.00,Tyres,3153522,,https://www.tiromobiletyres.com.au/wp-content/uploads/2025/10/VITALITY-F22.jpg,,,,,,,,,0,Forceland,"Product IP",FC09322,1,1,Pattern,"Vitality F22",1,1,Size,"315/35ZR22 111Y",1,1,Width,315,1,1,Profile,35,1,1,Diameter,22,1,1,"Load Index",111,1,1,"Speed Rating",Y,1,1,,,,,,,,,,,"FORCELAND VITALITY F22","Forceland Vitality F22 Tyre | Strong Grip & Smooth Handling","Buy Forceland Vitality F22 tyres for reliable grip, smooth handling and everyday comfort. Great value choice for city driving with stable traction and performance.",54,90,1,"Vitality F22","315/35ZR22 111Y",,has-errors,1785374728,sync-and-show,,,,,,,,,,,,,,5bf46f9780d0386da3713bfc8c884a94,
1047,simple,,,"CONTINENTAL CONTIPREMIUMCONTACT 6 - 358092",1,0,visible,,,,,taxable,,1,,,0,0,,,,,1,,,639.01,Tyres,"3153522, Runflat",,https://www.tiromobiletyres.com.au/wp-content/uploads/2025/12/CONTINENTAL-CONTIPREMIUMCONTACT-6-img.png,,,,,,,,,0,CONTINENTAL,"Product IP",358092,1,1,"Tyre Type",SUV,1,1,Pattern,"CONTIPREMIUMCONTACT 6",1,1,Size,"315/35R22 111Y",1,1,Width,315,1,1,Profile,35,1,1,Diameter,22,1,1,"Load Index",111,1,1,"Speed Rating",Y,1,1,,,,,,,"CONTINENTAL CONTIPREMIUMCONTACT 6","Continental ContiPremiumContact 6 Tyre | Comfort & Safety","Buy Continental ContiPremiumContact 6 tyres for smooth comfort, strong wet grip and responsive handling. Ideal for everyday driving with safety and control.",61,90,1,"CONTIPREMIUMCONTACT 6","315/35R22 111Y",,has-errors,1785374728,sync-and-show,approved,,,,,,,,,,,,,8c479b8c2c9b89a866a679cb83b4e9f1,
1048,simple,,,"FORCELAND VITALITY F22 - FC09422",1,0,visible,,,,,taxable,,1,,,0,0,,,,,1,,,235.00,Tyres,3253522,,https://www.tiromobiletyres.com.au/wp-content/uploads/2025/10/VITALITY-F22.jpg,,,,,,,,,0,Forceland,"Product IP",FC09422,1,1,Pattern,"Vitality F22",1,1,Size,"325/35ZR22 114Y",1,1,Width,325,1,1,Profile,35,1,1,Diameter,22,1,1,"Load Index",114,1,1,"Speed Rating",Y,1,1,,,,,,,,,,,"FORCELAND VITALITY F22","Forceland Vitality F22 Tyre | Strong Grip & Comfortable Ride","Buy Forceland Vitality F22 tyres for reliable grip, smooth handling and everyday comfort. Great performance and value for city driving with dependable traction.",54,90,1,"Vitality F22","325/35ZR22 114Y",,has-errors,1785374728,sync-and-show,,,,,,,,,,,,,,89bbb840e65b704bc5dd8082d5814ae6,
1049,simple,,,"PIRELLI P ZERO PZ4 - 4218600",1,0,visible,,"THE PERFECT FIT...\n\nP ZERO is the unique Ultra High Performance product combining Pirelli’s knowledge gained from competitive Motorsport and from Pirelli’s alliance with the top car manufacturers, granting the perfect fit for the performance of each car.\n\nPirelli P Zero (PZ4) tyres are Max Performance Summer tyres derived from Pirelli's Formula 1 experience and developed for some of the most exclusive and highest-performing vehicles available. Initially introduced as Original Equipment on the Audi A3 and S3, Lamborghini Huracan LP 580-2 and the Porsche Boxster, Cayman and 911, the P Zero (PZ4) includes replacement tire sizes as well as original equipment fitments. Pirelli's warranty does not cover tires that develop compound cracking due to use in ambient temperatures below 45° Fahrenheit (7° Celsius), so the P Zero (PZ4), like all summer tires, is not intended to be serviced, stored nor driven in near-freezing temperatures, through snow or on ice.\n\n<strong>Pirelli Noise Cancelling System  </strong>\nLimited sizes of the Pirelli P Zero (PZ4) are available with Pirelli Noise Cancelling System (PNCS), which involves the manufacturer adhering a layer of sound-absorbing foam to the inner liner of the tire to reduce cabin noise in the vehicle. These sizes are identified on the Specs page and in the search results.\n",,,taxable,,1,,,0,0,,,,,0,,,535.00,Tyres,3253522,,https://www.tiromobiletyres.com.au/wp-content/uploads/2026/02/PIRELLI-P-ZERO-PZ4-img.jpg,,,,,,,,,0,PIRELLI,"Product IP",4218600,1,1,"Tyre Type",SUV,1,1,Pattern,"P ZERO PZ4",1,1,Size,"325/35R22 110Y",1,1,Width,325,1,1,Profile,35,1,1,Diameter,22,1,1,"Load Index",110,1,1,"Speed Rating",Y,1,1,,,,,,,"PIRELLI P ZERO PZ4","Pirelli P Zero PZ4 Tyre | High Performance & Superior Grip","Buy Pirelli P Zero PZ4 tyres for excellent handling, high‑speed stability and superior grip. Perfect for performance cars with premium driving control.",80,30,2,"P ZERO PZ4","325/35R22 110Y",,synced,1787541310,sync-and-show,approved,,,,,,,,,,,,,,
1050,simple,,,"CONTINENTAL CONTISPORTCONTACT 6 - 314563",1,0,visible,,"<strong>Features:</strong>\n<strong>Shorter braking distances in all weather conditions.</strong>\nThe new Micro Flexibility Compound ensures an optimum interlocking between tyre and road surface. This guarantees better acceleration and shorter braking distances at high and low temperatures – in wet or dry conditions.\n\n<strong>Force Vectoring for maximum control, a new era in tread pattern development.</strong>\nThe improved inner and outer tread pattern ensures best steering precision and support for lateral forces during cornering. The advanced Macro Block Design keeps you safe and in control at any manoeuvre. Stiff centre ribs and asymmetric concave longitudinal grooves greatly support overall stability.\n\n<strong>Aralon350, the new adaptive hybrid cap ply for maximum high speed up to 350 km/h.</strong>\nThe sophisticated Aralon350 technology accelerates your vehicle safely up to 350 km/h. This newly designed strong Hybrid Cap Ply provides a controlled tyre growth – even at highest speeds.",,,taxable,,1,,,0,0,,,,,0,,,565.00,Tyres,3253522,,https://www.tiromobiletyres.com.au/wp-content/uploads/2026/02/CONTINENTAL-CONTISPORTCONTACT-6-3576270-image.jpg,,,,,,,,,0,CONTINENTAL,"Product IP",314563,1,1,"Tyre Type",SUV,1,1,Pattern,"CONTISPORTCONTACT 6",1,1,Size,"325/35R22 114Y, EXTRA LOAD",1,1,Width,325,1,1,Profile,35,1,1,Diameter,22,1,1,"Load Index",114,1,1,"Speed Rating",Y,1,1,,,,,,,"CONTINENTAL CONTISPORTCONTACT 6","Continental ContiSportContact 6 Tyre | Performance & Grip","Buy Continental ContiSportContact 6 tyres for superior grip, precise handling and high‑speed stability. Ideal for performance cars with confident control.",65,90,1,"CONTISPORTCONTACT 6","325/35R22 114Y | EXTRA LOAD",,synced,1787541310,sync-and-show,approved,,,,,,,,,,,,,,
1051,simple,,,"PIRELLI P ZERO PZ5 - 4336500",1,0,visible,,,,,taxable,,1,,,0,0,,,,,0,,,570.00,Tyres,3253522,,https://www.tiromobiletyres.com.au/wp-content/uploads/2026/02/PIRELLI-P-ZERO-PZ4-img.jpg,,,,,,,,,0,PIRELLI,"Product IP",4336500,1,1,"Tyre Type",SUV,1,1,Pattern,"P ZERO PZ5",1,1,Size,"325/35R22 110Y",1,1,Width,325,1,1,Profile,35,1,1,Diameter,22,1,1,"Load Index",110,1,1,"Speed Rating",Y,1,1,,,,,,,"PIRELLI P ZERO PZ5","Pirelli P Zero PZ5 Tyre | High Performance Grip & Control","Buy Pirelli P Zero PZ5 tyres for superior grip, braking & handling. Ideal for high-performance cars with advanced technology and long-lasting durability.",61,90,1,"P ZERO PZ5","325/35R22 110Y",,has-errors,1785374728,sync-and-show,approved,,,,,,,,,,,,,2b0a0cad1ff1c8bc96e7f56e2d34c834,
1053,simple,,,"FORCELAND VITALITY F22 - FC09022",1,0,visible,,,,,taxable,,1,,,0,0,,,,,1,,,199.01,Tyres,2753522,,https://www.tiromobiletyres.com.au/wp-content/uploads/2025/10/VITALITY-F22.jpg,,,,,,,,,0,Forceland,"Product IP",FC09022,1,1,Pattern,"Vitality F22",1,1,Size,"275/35ZR22 104Y",1,1,Width,275,1,1,Profile,35,1,1,Diameter,22,1,1,"Load Index",104,1,1,"Speed Rating",Y,1,1,,,,,,,,,,,"FORCELAND VITALITY F22","Forceland Vitality F22 Tyre | Reliable Grip & Smooth Ride","Buy Forceland Vitality F22 tyres for strong grip, smooth handling and everyday driving comfort. Great value performance with dependable wet & dry traction.",61,90,1,"Vitality F22","275/35ZR22 104Y",,has-errors,1785374728,sync-and-show,approved,,,,,,,,,,,,,6622a353cff68ae7474830374f92d8f2,
1054,simple,,,"CONTINENTAL CONTICROSSCONTACT UHP - 354442",1,0,visible,,"The CrossContact UHP is Continental's Street/Sport Truck Summer tire designed for high performance four-wheel drive sport utility vehicles.\n\nOn the outside, the CrossContact UHP uses a silica-enhanced tread compound to combine wet and dry road grip with rolling resistance comparable to passenger car tires. The compound is molded into an asymmetric tread pattern that features solid outer shoulder blocks linked to a continuous rib combined with large, independent tread blocks that flank a circumferential center rib to provide directional stability and steering response.\n\nLateral tread grooves are combined with four, wide circumferential grooves that provide efficient water drainage to reduce hydroplaning and enhance wet traction. Continental CrossContact UHP styling features smooth black letters reversed out of a serrated sidewall band.",,,taxable,,1,,,0,0,,,,,0,,,425.00,Tyres,2753522,,https://www.tiromobiletyres.com.au/wp-content/uploads/2026/03/CONTINENTAL-CONTICROSSCONTACT-UHP-img1.jpg,,,,,,,,,0,CONTINENTAL,"Product IP",354442,1,1,"Tyre Type",SUV,1,1,Pattern,"CONTICROSSCONTACT UHP",1,1,Size,"275/35R22 104Y",1,1,Width,275,1,1,Profile,35,1,1,Diameter,22,1,1,"Load Index",104,1,1,"Speed Rating",Y,1,1,,,,,,,"CONTINENTAL CONTICROSSCONTACT UHP","Continental ContiCrossContact UHP Tyre | SUV Performance","Buy Continental ContiCrossContact UHP tyres for superior SUV performance, grip & stability. Designed for safety, comfort & smooth driving.",67,60,1,"CONTICROSSCONTACT UHP","275/35R22 104Y",,synced,1787541310,sync-and-show,approved,,,,,,,,,,,,,,
1056,simple,,,"CONTINENTAL ECOCONTACT 6 - 03146060000",1,0,visible,,"EcoContact™ 6\nThe next standard enhanced by German technology.\n\nWe bring high-tech to your car.\n\nMaximum fuel efficiency thanks to improved component geometry and efficient silica distribution\nEnhanced mileage due to new Green Chili™ 2.0 compound\nOptimised grip and handling experience\n",,,taxable,,1,,,0,0,,,,,0,,,475.00,Tyres,2753522,,https://www.tiromobiletyres.com.au/wp-content/uploads/2026/02/CONTINENTAL-CONTIECOCONTACT-6Q-img.jpg,,,,,,,,,0,CONTINENTAL,"Product IP",03146060000,1,1,"Tyre Type",SUV,1,1,Pattern,"ECOCONTACT 6",1,1,Size,"275/35R22 104Y, XL",1,1,Width,275,1,1,Profile,35,1,1,Diameter,22,1,1,"Load Index",104,1,1,"Speed Rating",Y,1,1,,,,,,,"CONTINENTAL ECOCONTACT 6","Continental EcoContact 6 Tyre | Fuel Efficient & Durable","Buy Continental EcoContact 6 tyres for low fuel consumption, strong grip & long tread life. Ideal for smooth, eco-friendly driving performance.",59,90,1,"ECOCONTACT 6","275/35R22 104Y | XL",,synced,1787541310,sync-and-show,approved,,,,,,,,,,,,,,
1057,simple,,,"PIRELLI P ZERO PZ4 - 4073900",1,0,visible,,"THE PERFECT FIT...\n\nP ZERO is the unique Ultra High Performance product combining Pirelli’s knowledge gained from competitive Motorsport and from Pirelli’s alliance with the top car manufacturers, granting the perfect fit for the performance of each car.\n\nPirelli P Zero (PZ4) tyres are Max Performance Summer tyres derived from Pirelli's Formula 1 experience and developed for some of the most exclusive and highest-performing vehicles available. Initially introduced as Original Equipment on the Audi A3 and S3, Lamborghini Huracan LP 580-2 and the Porsche Boxster, Cayman and 911, the P Zero (PZ4) includes replacement tire sizes as well as original equipment fitments. Pirelli's warranty does not cover tires that develop compound cracking due to use in ambient temperatures below 45° Fahrenheit (7° Celsius), so the P Zero (PZ4), like all summer tires, is not intended to be serviced, stored nor driven in near-freezing temperatures, through snow or on ice.\n\n<strong>Pirelli Noise Cancelling System  </strong>\nLimited sizes of the Pirelli P Zero (PZ4) are available with Pirelli Noise Cancelling System (PNCS), which involves the manufacturer adhering a layer of sound-absorbing foam to the inner liner of the tire to reduce cabin noise in the vehicle. These sizes are identified on the Specs page and in the search results.\n",,,taxable,,1,,,0,0,,,,,0,,,511.00,Tyres,2753522,,https://www.tiromobiletyres.com.au/wp-content/uploads/2026/02/PIRELLI-P-ZERO-PZ4-img.jpg,,,,,,,,,0,PIRELLI,"Product IP",4073900,1,1,"Tyre Type","SUV H",1,1,Pattern,"P ZERO PZ4",1,1,Size,"275/35R22 104Y",1,1,Width,275,1,1,Profile,35,1,1,Diameter,22,1,1,"Load Index",104,1,1,"Speed Rating",Y,1,1,,,,,,,"PIRELLI P ZERO PZ4","Pirelli P Zero PZ4 Tyre | Ultimate Performance & Grip","Buy Pirelli P Zero PZ4 tyres for superior grip, handling & high-speed stability. Perfect for performance cars with advanced tyre technology.",82,30,2,"P ZERO PZ4","275/35R22 104Y",,synced,1787541310,sync-and-show,approved,,,,,,,,,,,,,,
1058,simple,,,"ZETA IMPERO - ZETAMS03.100.02",1,0,visible,,"<strong>Features:</strong>\n<ul>\n<li>The right tire for large size Sport Utility Vehicles and large diameter wheel applications.</li>\n<li>4 wide longitudinal grooves improve drainage and wet weather performance.</li>\n<li>Anti-Hydroplaning lateral grooves offer excellent wet performance.</li>\n<li>3 center block provide straight driving stability.</li>\n<li>Optimized shoulder blocks maximize grip during cornering, and provide a smooth quiet ride.</li>\n</ul>",,,taxable,,1,,,0,0,,,,,0,,,169.00,Tyres,2853522,,https://www.tiromobiletyres.com.au/wp-content/uploads/2026/01/ZETA-IMPERO-img.jpg,,,,,,,,,0,ZETA,"Product IP",ZETAMS03.100.02,1,1,"Tyre Type",UHP,1,1,Pattern,IMPERO,1,1,Size,"285/35R22 106W",1,1,Width,285,1,1,Profile,35,1,1,Diameter,22,1,1,"Load Index",106,1,1,"Speed Rating",W,1,1,,,,,,,"ZETA IMPERO","Zeta Impero Tyre | Affordable SUV Tyres Melbourne","Buy Zeta Impero tyres for SUVs with strong grip, smooth handling & wet performance. Reliable, durable tyres at great value for everyday driving.",61,90,1,IMPERO,"285/35R22 106W",,synced,1787541310,sync-and-show,approved,,,,,,,,,,,,,,2026-03-05
1059,simple,,,"HANKOOK ION EVO AS SUV IH01A - 1033211",1,0,visible,,,,,taxable,,1,,,0,0,,,,,0,,,395.00,Tyres,2853522,,https://www.tiromobiletyres.com.au/wp-content/uploads/2026/03/HANKOOK-ION-EVO-AS-SUV-IH01A-img.jpg,,,,,,,,,0,HANKOOK,"Product IP",1033211,1,1,"Tyre Type","4X4, EV UHP, SUV",1,1,Pattern,"ION EVO AS SUV IH01A",1,1,Size,"285/35R22 106W",1,1,Width,285,1,1,Profile,35,1,1,Diameter,22,1,1,"Load Index",106,1,1,"Speed Rating",W,1,1,,,,,,,"Hankook iON Evo","Hankook iON Evo AS SUV Tyre | EV Performance & Comfort","Buy Hankook iON Evo AS SUV tyres for EVs & SUVs. Enjoy low noise, long tread life & smooth driving with advanced all-season performance.",61,90,1,"ION EVO AS SUV IH01A","285/35R22 106W",,has-errors,1785374728,sync-and-show,approved,,,,,,,,,,,,,2aae1e9baf699e3e805ee66fac8e624b,
1060,simple,,,"PIRELLI SCORPION MS (M+S) - 4671900",1,0,visible,,,,,taxable,,1,,,0,0,,,,,0,,,411.00,Tyres,2853522,,https://www.tiromobiletyres.com.au/wp-content/uploads/2026/03/PIRELLI-SCORPION-MS-MS-img1.jpg,,,,,,,,,0,PIRELLI,"Product IP",4671900,1,1,"Tyre Type","CAR, SUV",1,1,Pattern,"SCORPION MS (M+S)",1,1,Size,"285/35R22 106Y",1,1,Width,285,1,1,Profile,35,1,1,Diameter,22,1,1,"Load Index",106,1,1,"Speed Rating",Y,1,1,,,,,,,"PIRELLI SCORPION MS","Pirelli Scorpion MS Tyres | SUV Comfort & Performance","Explore Pirelli Scorpion MS tyres for SUVs. Enjoy strong wet grip, smooth comfort, low noise & fuel efficiency for reliable everyday driving.",61,90,1,"SCORPION MS (M+S)","285/35R22 106Y",,has-errors,1785374728,sync-and-show,approved,,,,,,,,,,,,,44a67b73e1d0bc3b497f081c2cd0c773,
1062,simple,,,"CONTINENTAL CONTISPORTCONTACT 6 - 311602",1,0,visible,,"<strong>Features:</strong>\n<strong>Shorter braking distances in all weather conditions.</strong>\nThe new Micro Flexibility Compound ensures an optimum interlocking between tyre and road surface. This guarantees better acceleration and shorter braking distances at high and low temperatures – in wet or dry conditions.\n\n<strong>Force Vectoring for maximum control, a new era in tread pattern development.</strong>\nThe improved inner and outer tread pattern ensures best steering precision and support for lateral forces during cornering. The advanced Macro Block Design keeps you safe and in control at any manoeuvre. Stiff centre ribs and asymmetric concave longitudinal grooves greatly support overall stability.\n\n<strong>Aralon350, the new adaptive hybrid cap ply for maximum high speed up to 350 km/h.</strong>\nThe sophisticated Aralon350 technology accelerates your vehicle safely up to 350 km/h. This newly designed strong Hybrid Cap Ply provides a controlled tyre growth – even at highest speeds.",,,taxable,,1,,,0,0,,,,,0,,,490.79,Tyres,2853522,,https://www.tiromobiletyres.com.au/wp-content/uploads/2026/02/CONTINENTAL-CONTISPORTCONTACT-6-3576270-image.jpg,,,,,,,,,0,CONTINENTAL,"Product IP",311602,1,1,"Tyre Type",UHP,1,1,Pattern,"CONTISPORTCONTACT 6",1,1,Size,"285/35R22 106Y, SILENT",1,1,Width,285,1,1,Profile,35,1,1,Diameter,22,1,1,"Load Index",106,1,1,"Speed Rating",Y,1,1,,,,,,,"Continental ContiSportContact","Continental ContiSportContact 6 Tyre | High Speed Grip","Buy Continental ContiSportContact 6 tyres for high-speed stability, precise handling & superior grip. Ideal for performance cars & smooth driving.",67,90,1,"CONTISPORTCONTACT 6","285/35R22 106Y | SILENT",,synced,1787541310,sync-and-show,approved,,,,,,,,,,,,,,
1063,simple,,,"YOKOHAMA V107 - 2953022V107",1,0,visible,,,,,taxable,,1,,,0,0,,,,,0,,,530.88,Tyres,2953022,,https://www.tiromobiletyres.com.au/wp-content/uploads/2026/02/YOKOHAMA-V107-image.jpg,,,,,,,,,0,YOKOHAMA,"Product IP",2953022V107,1,1,"Tyre Type",PC,1,1,Pattern,V107,1,1,Size,"295/30R22 103Y",1,1,Width,295,1,1,Profile,30,1,1,Diameter,22,1,1,"Load Index",103,1,1,"Speed Rating",Y,1,1,,,,,,,"YOKOHAMA V107","Yokohama V107 Tyre | High Performance Grip & Stability","Buy Yokohama ADVAN Sport V107 tyres for superior grip, precise handling & high-speed stability. Ideal for performance cars & smooth driving.",61,90,1,V107,"295/30R22 103Y",,has-errors,1785374728,sync-and-show,,,,,,,,,,,,,,03ae3bea5d3e45a3f7654120cb1bb087,
1064,simple,,,"GOLDWAY R828 - 2953022R828",1,0,visible,,"The Goldway R828 is an all-season performance tire with an M+S rating. The asymmetrical design improves wet traction, breaking and increases performance while the silica technology shortens breaking distance, improves traction and reduces rolling resistance.",,,taxable,,1,,,0,0,,,,,0,,,185.00,Tyres,2953022,,https://www.tiromobiletyres.com.au/wp-content/uploads/2026/03/goldway-r828-img1.jpg,,,,,,,,,0,GOLDWAY,"Product IP",2953022R828,1,1,"Tyre Type",SUV,1,1,Pattern,R828,1,1,Size,"295/30R22 103XLW",1,1,Width,295,1,1,Profile,30,1,1,Diameter,22,1,1,"Load Index",103XL,1,1,"Speed Rating",W,1,1,,,,,,,"GOLDWAY R828","Goldway R828 Tyre | Affordable Performance & Grip","Shop Goldway tyres in Melbourne for budget-friendly performance, strong grip & durability. Ideal for SUVs & cars with reliable everyday driving.",64,90,1,R828,"295/30R22 103XLW",,synced,1787541310,sync-and-show,approved,,,,,,,,,,,,,,2026-03-06
1066,simple,,,"GRIPMAX STATURE H/T - MSGRIPMAX-0049",1,0,visible,,"<em>The super-sports tire with superior handling for maximum fun.</em>\n\n<strong>Features:</strong>\n\n<strong>1. Perfect steering precision and sporty handling.</strong>\nThe solid,sturdy central ribs,attached tread lugs,plus asymmetrical tread ribs ensure optimum,longitudinal stiffness in the tyre and reduced movement  in the tread. This means steering forces are transmitted straight to the road.\n\n<strong>2. Outstanding grip and stability during cornering.</strong>\nA supple macro-block design on the outer shoulder and solid central ribs ensure that the tyre adapts perfectly to the road surface. Particularly during fast cornering the contact patch is increased. The driver receives excellent feedback when approaching the limit and the tyre provides outstanding grip with maximum stability.\n\n\n",,,taxable,,1,,,0,0,,,,,0,,,195.00,"Highway Terrain, Tyres","2953022, H/T",,https://www.tiromobiletyres.com.au/wp-content/uploads/2026/03/GRIPMAX-STATURE-H-T-img1.jpg,,,,,,,,,0,GRIPMAX,"Product IP",MSGRIPMAX-0049,1,1,"Tyre Type",SUV,1,1,Pattern,"STATURE H/T",1,1,Size,"295/30R22 103Y",1,1,Width,295,1,1,Profile,30,1,1,Diameter,22,1,1,"Load Index",103,1,1,"Speed Rating",Y,1,1,,,,,,,"GRIPMAX STATURE H/T","Gripmax Stature H/T Tyre | SUV Comfort & Strong Grip","Buy Gripmax Stature H/T tyres for SUVs & 4x4s. Enjoy strong grip, smooth handling & a quiet ride with reliable performance on city roads.",67,90,1,"STATURE H/T","295/30R22 103Y",,synced,1787541310,sync-and-show,approved,,,,,,,,,,,,,,
1068,simple,,,"NEXEN ROADIAN HP - NEXKR00297",1,0,visible,,"SUV & RECREATIONAL\n\n<strong>FEATURES:</strong>\n<ul>\n <li>High performance tyre designed with excellent handling, stable cornering & drainage performance.</li>\n <li>V-shaped directional pattern – Enhanced grip on any road surfaces.</li>\n <li>Wide and deep directional grooves – Excellent water drainage and braking performance.</li>\n <li>5 block random pitch variations – Reduced noise generation.</li>\n <li>Large shoulder blocks – Maximise grip during cornering.</li>\n <li>Silent</li>\n <li>High Performance</li>\n</ul>",,,taxable,,1,,,0,0,,,,,1,,,274.96,Tyres,2953022,,https://www.tiromobiletyres.com.au/wp-content/uploads/2026/03/NEXEN-ROADIAN-HP-img1.jpg,,,,,,,,,0,NEXEN,"Product IP",NEXKR00297,1,1,"Tyre Type",SUV,1,1,Pattern,"ROADIAN HP",1,1,Size,"295/30R22 103V",1,1,Width,295,1,1,Profile,30,1,1,Diameter,22,1,1,"Load Index",103,1,1,"Speed Rating",V,1,1,,,,,,,"NEXEN ROADIAN HP","Nexen Roadian HP Tyre | Durable SUV Performance Tyres","Buy Nexen Roadian HP tyres for reliable SUV performance, strong grip & long tread life. Ideal for smooth, safe driving with great value.",61,90,1,"ROADIAN HP","295/30R22 103V",,synced,1787541310,sync-and-show,approved,,,,,,,,,,,,,,
1070,simple,,,"MICHELIN PILOT SUPER SPORT - 000257",1,0,visible,,"MICHELIN Pilot Super Sport is a high performance tyre specially designed for super sport cars and ultra high performance tuning.\n",,,taxable,,1,,,0,0,,,,,0,,,807.99,Tyres,3053022,,https://www.tiromobiletyres.com.au/wp-content/uploads/2026/02/MICHELIN-PILOT-SUPER-SPORT-img1.jpg,,,,,,,,,0,MICHELIN,"Product IP",000257,1,1,"Tyre Type",UHP,1,1,Pattern,"PILOT SUPER SPORT",1,1,Size,"305/30R22 105Y, XL",1,1,Width,305,1,1,Profile,30,1,1,Diameter,22,1,1,"Load Index",105,1,1,"Speed Rating",Y,1,1,,,,,,,"MICHELIN PILOT","Michelin Pilot Super Sport Tyre | Ultimate Grip & Speed","Buy Michelin Pilot Super Sport tyres for extreme performance, precise handling & high-speed stability. Perfect for sports cars with superior grip.",68,90,1,"PILOT SUPER SPORT","305/30R22 105Y | XL",,synced,1787541310,sync-and-show,approved,,,,,,,,,,,,,,2026-03-06
1276,simple,,,BUDGET-BUD0001,1,0,visible,,"</strong>FEATURES:</strong>\n<ul class=""list"">\n<li>Solid center rib designed for high-speed stability.	</li>\n<li>Unidirectional grooves ensure fast water disposal and improve the handling on wet, snow and dry conditions.	</li>\n<li>Two all-round ribs, separated by a narrow groove from two rows of blocks ensure low rolling resistance, reduce fuel consumption. </li>\n</ul>\n\n",,,taxable,,1,,,0,0,,,,,0,,,99.00,Tyres,1855516,,https://www.tiromobiletyres.com.au/wp-content/uploads/2026/07/TMT2.png,,,,,,,,,0,BUDGET,Size,"185/55R16 83V",1,1,Width,185,1,1,Profile,55,1,1,Diameter,16,1,1,"Load Index",83,1,1,"Speed Rating",V,1,1,"Product IP",BUDGET-BUD0001,1,0,,,,,,,,,,,,,1747,,"GOLDWAY R828","Goldway R828 Tyre | Affordable Performance & Grip","Shop Goldway tyres in Melbourne for budget-friendly performance, strong grip & durability. Ideal for SUVs & cars with reliable everyday driving.",49,90,1,R828,"185/55R16 83V",1783755507,synced,1787541310,sync-and-show,approved,yes,yes,,,product,,,,,,,,,2026-03-06
1279,simple,,,BUDGET-BUD0002,1,0,visible,,"</strong>FEATURES:</strong>\n<ul class=""list"">\n<li>Elegant directional pattern, with ultra low profile design for cars with top speeds exceeding rate, and produced in technical series 55-35 and above 16"". </li>\n<li>Optimum balance between extreme performance, comfort, low noise, and outstanding wet grip. </li>\n</ul>\n\n",,,taxable,,1,,,0,0,,,,,0,,,99.00,Tyres,"195/50R16 84V",,https://www.tiromobiletyres.com.au/wp-content/uploads/2026/07/TMT2.png,,,,,,,,,0,BUDGET,Size,"195/50R16 84V",1,1,Width,195,1,1,Profile,50,1,1,Diameter,16,1,1,"Load Index",84,1,1,"Speed Rating",V,1,1,"Product IP",BUDGET-BUD0002,1,0,,,,,,,,,,,,,1747,,"GOLDWAY R828","Goldway R828 Tyre | Affordable Performance & Grip","Shop Goldway tyres in Melbourne for budget-friendly performance, strong grip & durability. Ideal for SUVs & cars with reliable everyday driving.",49,90,1,R828,"195/50R16 84V",1783755709,synced,1787541310,sync-and-show,approved,yes,yes,,,product,,,,,,,,,2026-03-06
1281,simple,,,BUDGET-BUD0003,1,0,visible,,"</strong>FEATURES:</strong>\n<ul class=""list"">\n<li>Optimized pitch variance design & tread formula with high silica rubber reduces noise, innovative grip, improved mileage as well. </li>\n<li>4 straight grooves provide excellent smooth water dispersion and high levels of wet handling. </li>\n<li>Three solid longitudinal ribs improved braking and linear stability during high speed. <li>\n</ul>\n\n",,,taxable,,1,,,0,0,,,,,0,,,99.00,Tyres,"195/55R16 91W",,https://www.tiromobiletyres.com.au/wp-content/uploads/2026/07/TMT2.png,,,,,,,,,0,BUDGET,Size,"195/55R16 91W",1,1,Width,195,1,1,Profile,55,1,1,Diameter,16,1,1,"Load Index",91,1,1,"Speed Rating",W,1,1,"Product IP",BUDGET-BUD0003,1,0,,,,,,,,,,,,,1747,,"GOLDWAY R828","Goldway R828 Tyre | Affordable Performance & Grip","Shop Goldway tyres in Melbourne for budget-friendly performance, strong grip & durability. Ideal for SUVs & cars with reliable everyday driving.",49,90,1,R828,"195/55R16 91W",1783755793,synced,1787541310,sync-and-show,approved,yes,yes,,,product,,,,,,,,,2026-03-06
1282,simple,,,BUDGET-BUD0004,1,0,visible,,"</strong>FEATURES:</strong>\n<ul class=""list"">\n<li>Optimized pitch variance design & tread formula with high silica rubber reduces noise, innovative grip, improved mileage as well. </li>\n<li>4 straight grooves provide excellent smooth water dispersion and high levels of wet handling. </li>\n<li>Three solid longitudinal ribs improved braking and linear stability during high speed. <li>\n</ul>\n\n",,,taxable,,1,,,0,0,,,,,0,,,99.00,Tyres,"195/60R16 89H",,https://www.tiromobiletyres.com.au/wp-content/uploads/2026/07/TMT2.png,,,,,,,,,0,BUDGET,Size,"195/60R16 89H",1,1,Width,195,1,1,Profile,60,1,1,Diameter,16,1,1,"Load Index",89,1,1,"Speed Rating",H,1,1,"Product IP",BUDGET-BUD0004,1,0,,,,,,,,,,,,,1747,,"GOLDWAY R828","Goldway R828 Tyre | Affordable Performance & Grip","Shop Goldway tyres in Melbourne for budget-friendly performance, strong grip & durability. Ideal for SUVs & cars with reliable everyday driving.",49,90,1,R828,"195/60R16 89H",1783755830,synced,1787541310,sync-and-show,approved,yes,yes,,,product,,,,,,,,,2026-03-06
1284,simple,,,BUDGET-BUD0005,1,0,visible,,"</strong>FEATURES:</strong>\n<ul class=""list"">\n<li> Non-directional twists and turn groove new design provides outstanding grip when driving on all season application, even in stony, muddy and off-road condition surfaces. </li>\n<li>Continuous channels ensure faster and more effective water explosion from the contact patch. </li>\n<li>Special tread compound reduces fuel consumption and increases higher mileage to reach the economic and valuable tyre <li>\n</ul>\n\n",,,taxable,,1,,,0,0,,,,,0,,,110.00,Tyres,"195/65R16 104/104T",,https://www.tiromobiletyres.com.au/wp-content/uploads/2026/07/TMT2.png,,,,,,,,,0,BUDGET,Size,"195/65R16 104/104T",1,1,Width,195,1,1,Profile,65,1,1,Diameter,16,1,1,"Load Index",104/104,1,1,"Speed Rating",T,1,1,"Product IP",BUDGET-BUD0005,1,0,,,,,,,,,,,,,1747,,"GOLDWAY R828","Goldway R828 Tyre | Affordable Performance & Grip","Shop Goldway tyres in Melbourne for budget-friendly performance, strong grip & durability. Ideal for SUVs & cars with reliable everyday driving.",49,90,1,R828,"195/65R16 104/104T",1783755922,synced,1787541310,sync-and-show,approved,yes,yes,,,product,,,,,,,,,2026-03-06
1285,simple,,,BUDGET-BUD0006,1,0,visible,,"</strong>FEATURES:</strong>\n<ul class=""list"">\n<li> Elegant directional pattern, with ultra low profile design for cars with top speeds exceeding rate, and produced in technical series 55-35 and above 16"". </li>\n<li>Optimum balance between extreme performance, comfort, low noise, and outstanding wet grip. </li>\n<li>Superb road holding and maximum speed of response in any condition of high speed driving, and full range rim protector available <li>\n</ul>\n\n",,,taxable,,1,,,0,0,,,,,0,,,118.65,Tyres,"195/65R16 104/104T",,https://www.tiromobiletyres.com.au/wp-content/uploads/2026/07/TMT2.png,,,,,,,,,0,BUDGET,Size,"205/50R16 87W",1,1,Width,205,1,1,Profile,50,1,1,Diameter,16,1,1,"Load Index",87,1,1,"Speed Rating",W,1,1,"Product IP",BUDGET-BUD0006,1,0,,,,,,,,,,,,,1747,,"GOLDWAY R828","Goldway R828 Tyre | Affordable Performance & Grip","Shop Goldway tyres in Melbourne for budget-friendly performance, strong grip & durability. Ideal for SUVs & cars with reliable everyday driving.",49,90,1,R828,"205/50R16 87W",1782904779,synced,1787541310,sync-and-show,approved,yes,yes,,,product,,,,,,,,,2026-03-06
1286,simple,,,BUDGET-BUD0007,1,0,visible,,"</strong>FEATURES:</strong>\n<ul class=""list"">\n<li>Optimized pitch variance design & tread formula with high silica rubber reduces noise, innovative grip, improved mileage as well. </li>\n<li>4 straight grooves provide excellent smooth water dispersion and high levels of wet handling </li>\n<li>Three solid longitudinal ribs improved braking and linear stability during high speed. <li>\n</ul>\n\n",,,taxable,,1,,,0,0,,,,,0,,,99.00,Tyres,"205/55R16 91W",,https://www.tiromobiletyres.com.au/wp-content/uploads/2026/07/TMT2.png,,,,,,,,,0,BUDGET,Size,"205/55R16 91W",1,1,Width,205,1,1,Profile,55,1,1,Diameter,16,1,1,"Load Index",91,1,1,"Speed Rating",W,1,1,"Product IP",BUDGET-BUD0007,1,0,,,,,,,,,,,,,1747,,"GOLDWAY R828","Goldway R828 Tyre | Affordable Performance & Grip","Shop Goldway tyres in Melbourne for budget-friendly performance, strong grip & durability. Ideal for SUVs & cars with reliable everyday driving.",49,90,1,R828,"205/55R16 91W",1783756065,synced,1787541310,sync-and-show,approved,yes,yes,,,product,,,,,,,,,2026-03-06
1287,simple,,,"BUDGET (RUN FLAT)-BUD0008",1,0,visible,,"</strong>FEATURES:</strong>\n<ul class=""list"">\n<li>Optimized pitch variance design & tread formula with high silica rubber reduces noise, innovative grip, improved mileage as well. </li>\n<li>4 straight grooves provide excellent smooth water dispersion and high levels of wet handling </li>\n<li>Three solid longitudinal ribs improved braking and linear stability during high speed. </li>\n</ul>\n\n",,,taxable,,1,,,0,0,,,,,0,,,139.00,Tyres,"205/55ZR16 91W",,https://www.tiromobiletyres.com.au/wp-content/uploads/2026/07/TMT2.png,,,,,,,,,0,BUDGET,Size,"205/55R16 91W",1,1,Width,205,1,1,Profile,55,1,1,Diameter,16,1,1,"Load Index",91,1,1,"Speed Rating",W,1,1,Type,"Run Flat",1,0,"Product IP",BUDGET-BUD0008,1,0,,,,,,,,,1747,,"GOLDWAY R828","Goldway R828 Tyre | Affordable Performance & Grip","Shop Goldway tyres in Melbourne for budget-friendly performance, strong grip & durability. Ideal for SUVs & cars with reliable everyday driving.",49,90,1,R828,"205/55R16 91W",1782905909,synced,1787541310,sync-and-show,approved,yes,yes,,,product,,,,,,,,,2026-03-06
1288,simple,,,BUDGET-BUD0009,1,0,visible,,"</strong>FEATURES:</strong>\n<ul class=""list"">\n<li>Non-directional twists and turn groove new design provides outstanding grip when driving on all season application, even in stony, muddy and off-road condition surfaces. </li>\n<li>Continuous channels ensure faster and more effective water explosion from the contact patch.\n</li>\n<li>Special tread compound reduces fuel consumption and increases higher mileage to reach the economic and valuable tyre. </li>\n</ul>\n\n",,,taxable,,1,,,0,0,,,,,0,,,119.00,Tyres,205/65R16,,https://www.tiromobiletyres.com.au/wp-content/uploads/2026/07/TMT2.png,,,,,,,,,0,BUDGET,Size,"205/65R16 107/105T",1,1,Width,205,1,1,Profile,65,1,1,Diameter,16,1,1,"Load Index",107/105,1,1,"Speed Rating",T,1,1,Tyepe,"LIGHT TRUCK",1,0,"Product IP",BUDGET-BUD0009,1,0,,,,,,,,,1747,15,"GOLDWAY R828","Goldway R828 Tyre | Affordable Performance & Grip","Shop Goldway tyres in Melbourne for budget-friendly performance, strong grip & durability. Ideal for SUVs & cars with reliable everyday driving.",49,90,1,R828,"205/65R16 107/105T",1783757202,synced,1787541310,sync-and-show,approved,yes,yes,,,product,,,,,,,,,2026-03-06
1289,simple,,,BUDGET-BUD0010,1,0,visible,,"</strong>FEATURES:</strong>\n<ul class=""list"">\n<li>Optimized pitch variance design & tread formula with high silica rubber reduces noise, innovative grip, improved mileage as well. </li>\n<li>4 straight grooves provide excellent smooth water dispersion and high levels of wet handling. </li>\n<li>Three solid longitudinal ribs improved braking and linear stability during high speed. </li>\n</ul>\n\n",,,taxable,,1,,,0,0,,,,,0,,,108.41,Tyres,"215/55R16 97W",,https://www.tiromobiletyres.com.au/wp-content/uploads/2026/07/TMT2.png,,,,,,,,,0,BUDGET,Size,"215/55R16 97W",1,1,Width,215,1,1,Profile,55,1,1,Diameter,16,1,1,"Load Index",97,1,1,"Speed Rating",W,1,1,"Product IP",BUDGET-BUD0010,1,0,,,,,,,,,,,,,1747,,"GOLDWAY R828","Goldway R828 Tyre | Affordable Performance & Grip","Shop Goldway tyres in Melbourne for budget-friendly performance, strong grip & durability. Ideal for SUVs & cars with reliable everyday driving.",49,90,1,R828,"215/55R16 97W",1783757393,synced,1787541310,sync-and-show,approved,yes,yes,,,product,,,,,,,,,2026-03-06
1290,simple,,,BUDGET-BUD0011,1,0,visible,,"</strong>FEATURES:</strong>\n<ul class=""list"">\n<li>Optimized pitch variance design & tread formula with high silica rubber reduces noise, innovative grip, improved mileage as well. </li>\n<li>4 straight grooves provide excellent smooth water dispersion and high levels of wet handling. </li>\n<li>Three solid longitudinal ribs improved braking and linear stability during high speed. </li>\n</ul>\n\n",,,taxable,,1,,,0,0,,,,,0,,,101.90,Tyres,"215/60R16 95V",,https://www.tiromobiletyres.com.au/wp-content/uploads/2026/07/TMT2.png,,,,,,,,,0,BUDGET,Size,"215/60R16 95V",1,1,Width,215,1,1,Profile,60,1,1,Diameter,16,1,1,"Load Index",95,1,1,"Speed Rating",V,1,1,"Product IP",BUDGET-BUD0011,1,0,,,,,,,,,,,,,1747,,"GOLDWAY R828","Goldway R828 Tyre | Affordable Performance & Grip","Shop Goldway tyres in Melbourne for budget-friendly performance, strong grip & durability. Ideal for SUVs & cars with reliable everyday driving.",49,90,1,R828,"215/60R16 95V",1783757483,synced,1787541310,sync-and-show,approved,yes,yes,,,product,,,,,,,,,2026-03-06
1291,simple,,,BUDGET-BUD0012,1,0,visible,,"</strong>FEATURES:</strong>\n<ul class=""list"">\n<li>Solid center rib designed for high-speed stability. </li>\n<li> Unidirectional grooves ensure fast water disposal and improve the handling on wet, snow and dry conditions. </li>\n<li> Two all-round ribs, separated by a narrow groove from two rows of blocks ensure low rolling resistance, reduce fuel consumption. </li>\n</ul>\n\n",,,taxable,,1,,,0,0,,,,,0,,,119.00,Tyres,"215/65R16 98H",,https://www.tiromobiletyres.com.au/wp-content/uploads/2026/07/TMT2.png,,,,,,,,,0,BUDGET,Size,"215/65R16 98H",1,1,Width,215,1,1,Profile,65,1,1,Diameter,16,1,1,"Load Index",98,1,1,"Speed Rating",H,1,1,"Product IP",BUDGET-BUD0012,1,0,,,,,,,,,,,,,1747,,"GOLDWAY R828","Goldway R828 Tyre | Affordable Performance & Grip","Shop Goldway tyres in Melbourne for budget-friendly performance, strong grip & durability. Ideal for SUVs & cars with reliable everyday driving.",49,90,1,R828,"215/65R16 98H",1783757592,synced,1787541457,sync-and-show,approved,yes,yes,,,product,,,,,,,,,2026-03-06
1292,simple,,,BUDGET-BUD0013,1,0,visible,,"</strong>FEATURES:</strong>\n<ul class=""list"">\n<li>Elegant directional pattern, with ultra low profile design for cars with top speeds exceeding rate, and produced in technical series 55-35 and above 16"". </li>\n<li> Optimum balance between extreme performance, comfort, low noise, and outstanding wet grip. </li>\n<li> Superb road holding and maximum speed of response in any condition of high speed driving, and full range rim protector available </li>\n</ul>\n\n",,,taxable,,1,,,0,0,,,,,0,,,114.78,Tyres,"225/50R16 92W",,https://www.tiromobiletyres.com.au/wp-content/uploads/2026/07/TMT2.png,,,,,,,,,0,BUDGET,Size,"225/50R16 92W",1,1,Width,225,1,1,Profile,50,1,1,Diameter,16,1,1,"Load Index",92,1,1,"Speed Rating",W,1,1,"Product IP",BUDGET-BUD0013,1,0,,,,,,,,,,,,,1747,,"GOLDWAY R828","Goldway R828 Tyre | Affordable Performance & Grip","Shop Goldway tyres in Melbourne for budget-friendly performance, strong grip & durability. Ideal for SUVs & cars with reliable everyday driving.",49,90,1,R828,"225/50R16 92W",1783757698,synced,1787541457,sync-and-show,approved,yes,yes,,,product,,,,,,,,,2026-03-06
1293,simple,,,BUDGET-BUD0014,1,0,visible,,"</strong>FEATURES:</strong>\n<ul class=""list"">\n<li>Optimized pitch variance design & tread formula with high silica rubber reduces noise, innovative grip, improved mileage as well. </li>\n<li>4 straight grooves provide excellent smooth water dispersion and high levels of wet handling. </li>\n<li>Three solid longitudinal ribs improved braking and linear stability during high speed. </li>\n</ul>\n\n",,,taxable,,1,,,0,0,,,,,0,,,115.00,Tyres,"225/55R16 99W",,https://www.tiromobiletyres.com.au/wp-content/uploads/2026/07/TMT2.png,,,,,,,,,0,BUDGET,Size,"225/55R16 99W",1,1,Width,225,1,1,Profile,55,1,1,Diameter,16,1,1,"Load Index",99,1,1,"Speed Rating",W,1,1,"Product IP",BUDGET-BUD0014,1,0,,,,,,,,,,,,,1747,,"GOLDWAY R828","Goldway R828 Tyre | Affordable Performance & Grip","Shop Goldway tyres in Melbourne for budget-friendly performance, strong grip & durability. Ideal for SUVs & cars with reliable everyday driving.",49,90,1,R828,"225/55R16 99W",1783757761,synced,1787541457,sync-and-show,approved,yes,yes,,,product,,,,,,,,,2026-03-06
1294,simple,,,"BUDGET (RUN FLAT)-BUD0015",1,0,visible,,"</strong>FEATURES:</strong>\n<ul class=""list"">\n<li>Optimized pitch variance design & tread formula with high silica rubber reduces noise, innovative grip, improved mileage as well. </li>\n<li>4 straight grooves provide excellent smooth water dispersion and high levels of wet handling. </li>\n<li>Three solid longitudinal ribs improved braking and linear stability during high speed. </li>\n</ul>\n\n",,,taxable,,1,,,0,0,,,,,0,,,159.02,Tyres,"225/55R16 95W",,https://www.tiromobiletyres.com.au/wp-content/uploads/2026/07/TMT2.png,,,,,,,,,0,BUDGET,Size,"225/55R16 95W",1,1,Width,225,1,1,Profile,55,1,1,Diameter,16,1,1,"Load Index",95,1,1,"Speed Rating",W,1,1,Type,"RUN FLAT",1,0,"Product IP",BUD0014,1,0,,,,,,,,,1747,,"GOLDWAY R828","Goldway R828 Tyre | Affordable Performance & Grip","Shop Goldway tyres in Melbourne for budget-friendly performance, strong grip & durability. Ideal for SUVs & cars with reliable everyday driving.",49,90,1,R828,"225/55R16 95W",1783757786,synced,1787541457,sync-and-show,approved,yes,yes,,,product,,,,,,,,,2026-03-06
1295,simple,,,BUDGET-BUD0016,1,0,visible,,"</strong>FEATURES:</strong>\n<ul class=""list"">\n<li>Optimized pitch variance design & tread formula with high silica rubber reduces noise, innovative grip, improved mileage as well. </li>\n<li>4 straight grooves provide excellent smooth water dispersion and high levels of wet handling. </li>\n<li>Three solid longitudinal ribs improved braking and linear stability during high speed. </li>\n</ul>\n\n",,,taxable,,1,,,0,0,,,,,0,,,120.00,Tyres,"225/60R16 98H",,https://www.tiromobiletyres.com.au/wp-content/uploads/2026/07/TMT2.png,,,,,,,,,0,BUDGET,Size,"225/60R16 98H",1,1,Width,225,1,1,Profile,60,1,1,Diameter,16,1,1,"Load Index",98,1,1,"Speed Rating",H,1,1,"Product IP",BUD0016,1,0,,,,,,,,,,,,,1747,,"GOLDWAY R828","Goldway R828 Tyre | Affordable Performance & Grip","Shop Goldway tyres in Melbourne for budget-friendly performance, strong grip & durability. Ideal for SUVs & cars with reliable everyday driving.",49,90,1,R828,"225/60R16 98H",1783757852,synced,1787541457,sync-and-show,approved,yes,yes,,,product,,,,,,,,,2026-03-06
1296,simple,,,BUDGET-BUD0017,1,0,visible,,"</strong>FEATURES:</strong>\n<ul class=""list"">\n<li>The right tire for large size Sport Utility Vehicles and large diameter wheel applications. </li>\n<li>4 wide longitudinal grooves improve drainage and wet weather performance. </li>\n<li>Anti-Hydroplaning lateral grooves offer excellent wet performance. </li>\n<li>3 center block provide straight driving stability.</li>\n<li>Optimized shoulder blocks maximize grip during cornering, and provide a smooth quiet ride.</li>\n</ul>\n\n",,,taxable,,1,,,0,0,,,,,0,,,130.00,Tyres,"235/60R16 100V",,https://www.tiromobiletyres.com.au/wp-content/uploads/2026/07/TMT2.png,,,,,,,,,0,BUDGET,Size,"235/60R16 100V",1,1,Width,235,1,1,Profile,60,1,1,Diameter,16,1,1,"Load Index",100,1,1,"Speed Rating",V,1,1,"Product IP",BUD0017,1,0,,,,,,,,,,,,,1747,,"GOLDWAY R828","Goldway R828 Tyre | Affordable Performance & Grip","Shop Goldway tyres in Melbourne for budget-friendly performance, strong grip & durability. Ideal for SUVs & cars with reliable everyday driving.",49,90,1,R828,"235/60R16 100V",1783757904,synced,1787541457,sync-and-show,approved,yes,yes,,,product,,,,,,,,,2026-03-06
1297,simple,,,BUDGET-BUD0018,1,0,visible,,"</strong>FEATURES:</strong>\n<ul class=""list"">\n<li>TOLEDO is 4x4 tyre especially developed for multi-purpose and 4FWD vehicles. Tread pattern designed to provide exceptional all-terrain traction and control for both on/off road, and in an all-weather condition. </li>\n<li>5-row aggressive tread pattern designed for supreme grip, helped by having self-cleaning tread lugs. </li>\n<li>The blocks are set in offset arrangement, thereby generating extremely low noise levels.\n</li>\n<li>Tractive zigzag grooves to give added traction, giving prompt steering response and mobility and grip on any loose or muddy surface. </li>\n</ul>\n\n",,,taxable,,1,,,0,0,,,,,0,,,155.55,SUV,"245/70R16 111T",,https://www.tiromobiletyres.com.au/wp-content/uploads/2026/07/TMT2.png,,,,,,,,,0,BUDGET,Size,"245/70R16 111T",1,1,Width,245,1,1,Profile,70,1,1,Diameter,16,1,1,"Load Index",111,1,1,"Speed Rating",T,1,1,"Product IP",BUD0018,1,0,,,,,,,,,,,,,1747,1724,"GOLDWAY R828","Goldway R828 Tyre | Affordable Performance & Grip","Shop Goldway tyres in Melbourne for budget-friendly performance, strong grip & durability. Ideal for SUVs & cars with reliable everyday driving.",49,90,1,R828,"245/70R16 111T",1783758064,synced,1787541457,sync-and-show,approved,yes,yes,,,product,,,,,,,,,2026-03-06
1298,simple,,,BUDGET-BUD0019,1,0,visible,,"</strong>FEATURES:</strong>\n<ul class=""list"">\n<li>The budget Tyre is high-performance tyre designed for the most demanding applications. The tread pattern is designed for fast and safe operation in the A/T segment. </li>\n</ul>\n\n",,,taxable,,1,,,0,0,,,,,0,,,160.48,"LIGHT TRUCK","245/70R16 118/118S",,https://www.tiromobiletyres.com.au/wp-content/uploads/2026/07/TMT2.png,,,,,,,,,0,BUDGET,Size,"245/70R16 118/118S",1,1,Width,245,1,1,Profile,70,1,1,Diameter,16,1,1,"Load Index",118/118,1,1,"Speed Rating",S,1,1,"Product IP",BUD0019,1,0,,,,,,,,,,,,,1747,1726,"GOLDWAY R828","Goldway R828 Tyre | Affordable Performance & Grip","Shop Goldway tyres in Melbourne for budget-friendly performance, strong grip & durability. Ideal for SUVs & cars with reliable everyday driving.",49,90,1,R828,"245/70R16 118/118S",1783758156,synced,1787541457,sync-and-show,approved,yes,yes,,,product,,,,,,,,,2026-03-06
1299,simple,,,BUDGET-BUD0020,1,0,visible,,"<strong>FEATURES:</strong>\n<ul>\n<li>The budget Tyre is high-performance tyre designed for the most demanding applications. The tread pattern is designed for fast and safe operation in the A/T segment.</li>\n</ul>\n",,,taxable,,1,,,0,0,,,,,0,,,155.00,"LIGHT TRUCK","265/70R16 121/118S",,https://www.tiromobiletyres.com.au/wp-content/uploads/2026/07/TMT2.png,,,,,,,,,0,BUDGET,Size,"265/70R16 121/118S",1,1,Width,265,1,1,Profile,70,1,1,Diameter,16,1,1,"Load Index",121/118,1,1,"Speed Rating",S,1,1,Pattern,A/T,1,0,"Product IP",BUD0020,1,0,,,,,,,,,1747,1726,"GOLDWAY R828","Goldway R828 Tyre | Affordable Performance & Grip","Shop Goldway tyres in Melbourne for budget-friendly performance, strong grip & durability. Ideal for SUVs & cars with reliable everyday driving.",49,90,1,A/T,"265/70R16 121/118S",1783758787,synced,1787541457,sync-and-show,approved,yes,yes,,,product,,,,,,,,,2026-03-06
1300,simple,,,BUDGET-BUD0021,1,0,visible,,"<strong>FEATURES:</strong>\n<ul>\n<li>TOLEDO is 4x4 tyre especially developed for multi-purpose and 4FWD vehicles. Tread pattern designed to provide exceptional all-terrain traction and control for both on/off road, and in an all-weather condition. </li>\n<li>5-row aggressive tread pattern designed for supreme grip, helped by having self-cleaning tread lugs.</li>\n<li>The blocks are set in offset arrangement, thereby generating extremely low noise levels.</li>\n<li>Tractive zigzag grooves to give added traction, giving prompt steering response and mobility and grip on any loose or muddy surface.</li>\n</ul>\n",,,taxable,,1,,,0,0,,,,,0,,,165.00,SUV,"265/70R16 112H",,https://www.tiromobiletyres.com.au/wp-content/uploads/2026/07/TMT2.png,,,,,,,,,0,BUDGET,Size,"265/70R16 112H",1,1,Width,265,1,1,Profile,70,1,1,Diameter,16,1,1,"Load Index",112,1,1,"Speed Rating",H,1,1,Pattern,TOLEDO,1,0,"Product IP",BUD0021,1,0,,,,,,,,,1747,1724,"GOLDWAY R828","Goldway R828 Tyre | Affordable Performance & Grip","Shop Goldway tyres in Melbourne for budget-friendly performance, strong grip & durability. Ideal for SUVs & cars with reliable everyday driving.",49,90,1,TOLEDO,"265/70R16 112H",1783758803,synced,1787541457,sync-and-show,approved,yes,yes,,,product,,,,,,,,,2026-03-06
1304,simple,,,BUDGET-BUD0022,1,0,visible,,"<strong>FEATURES:</strong>\n<ul>\n<li>Optimized pitch variance design & tread formula with high silica rubber reduces noise, innovative grip, improved mileage as well.</li>\n<li>4 straight grooves provide excellent smooth water dispersion and high levels of wet handling.\n</li>\n<li>Three solid longitudinal ribs improved braking and linear stability during high speed.</li>\n</ul>\n",,,taxable,,1,,,0,0,,,,,0,,,119.00,Tyres,"205/65R16 95V",,https://www.tiromobiletyres.com.au/wp-content/uploads/2026/07/TMT2.png,,,,,,,,,0,BUDGET,Size,"205/65R16 95V",1,1,Width,205,1,1,Profile,65,1,1,Diameter,16,1,1,"Load Index",95,1,1,"Speed Rating",V,1,1,Type,UHP,1,0,"Product IP",BUD0022,1,0,,,,,,,,,1747,15,"GOLDWAY R828","Goldway R828 Tyre | Affordable Performance & Grip","Shop Goldway tyres in Melbourne for budget-friendly performance, strong grip & durability. Ideal for SUVs & cars with reliable everyday driving.",49,90,1,TOLEDO,"205/65R16 95V",1783759845,synced,1787541457,sync-and-show,approved,yes,yes,,,product,,,,,,,,,2026-03-06
1305,simple,,,"BUDGET (RUN FLAT)-BUD0023",1,0,visible,,"</strong>FEATURES:</strong>\n<ul class=""list"">\n<li>Optimized pitch variance design & tread formula with high silica rubber reduces noise, innovative grip, improved mileage as well. </li>\n<li>4 straight grooves provide excellent smooth water dispersion and high levels of wet handling. </li>\n<li>Three solid longitudinal ribs improved braking and linear stability during high speed. <li>\n</ul>\n\n",,,taxable,,1,,,0,0,,,,,0,,,130.00,Tyres,"195/55ZR16 87V",,https://www.tiromobiletyres.com.au/wp-content/uploads/2026/07/TMT2.png,,,,,,,,,0,BUDGET,Size,"195/55ZR16 87V",1,1,Width,195,1,1,Profile,55,1,1,Diameter,16,1,1,"Load Index",87,1,1,"Speed Rating",V,1,1,Type,"Run Flat",1,0,"Product IP",BUD0023,1,0,,,,,,,,,1747,,"GOLDWAY R828","Goldway R828 Tyre | Affordable Performance & Grip","Shop Goldway tyres in Melbourne for budget-friendly performance, strong grip & durability. Ideal for SUVs & cars with reliable everyday driving.",49,90,1,R828,"195/55ZR16 87V",1783761030,synced,1787541457,sync-and-show,approved,yes,yes,,,product,,,,,,,,,2026-03-06
1306,simple,,,BUDGET-BUD0024,1,0,visible,,"<strong>FEATURES:</strong>\n<ul>\n<li>Optimized pitch variance design & tread formula with high silica rubber reduces noise, innovative grip, improved mileage as well.</li>\n<li>4 straight grooves provide excellent smooth water dispersion and high levels of wet handling.\n</li>\n<li>Three solid longitudinal ribs improved braking and linear stability during high speed.</li>\n</ul>\n",,,taxable,,1,,,0,0,,,,,0,,,99.00,Tyres,"205/60R16 96V",,https://www.tiromobiletyres.com.au/wp-content/uploads/2026/07/TMT2.png,,,,,,,,,0,BUDGET,Size,"205/60R16 96V",1,1,Width,205,1,1,Profile,60,1,1,Diameter,16,1,1,"Load Index",96,1,1,"Speed Rating",V,1,1,"Product IP",BUD0024,1,0,,,,,,,,,,,,,1747,15,"GOLDWAY R828","Goldway R828 Tyre | Affordable Performance & Grip","Shop Goldway tyres in Melbourne for budget-friendly performance, strong grip & durability. Ideal for SUVs & cars with reliable everyday driving.",49,90,1,TOLEDO,"205/60R16 96V",1783763578,synced,1787541457,sync-and-show,approved,yes,yes,,,product,,,,,,,,,2026-03-06
1308,simple,,,"NEXEN  N'BLUE HD PLUS-15502NXK",1,0,visible,,,,,taxable,,1,,,0,0,,,,,0,,,104.29,Tyres,"165/60R15 77H",,https://www.tiromobiletyres.com.au/wp-content/uploads/2026/03/NEXEN-ROADIAN-HP-img1.jpg,,,,,,,,,0,NEXEN,Size,"165/60R15 77H",1,1,Width,165,1,1,Profile,60,1,1,Diameter,15,1,1,"Load Index",77,1,1,"Speed Rating",H,1,1,Pattern,"N'BLUE HD PLUS",1,0,,,,,,,,,,,,,63,15,"GOLDWAY R828","Goldway R828 Tyre | Affordable Performance & Grip","Shop Goldway tyres in Melbourne for budget-friendly performance, strong grip & durability. Ideal for SUVs & cars with reliable everyday driving.",49,90,1,"N'BLUE HD PLUS","165/60R15 77H",1783987972,has-errors,1785374731,sync-and-show,approved,yes,yes,,,product,,,,,,,,230c8f76264b95828021d9bd601b6638,2026-03-06
1309,simple,,,BUDGET-BUD0025,1,0,visible,,"<strong>FEATURES:</strong>\n<ul>\n<li>Solid center rib designed for high-speed stability.</li>\n<li>Unidirectional grooves ensure fast water disposal and improve the handling on wet, snow and dry conditions.</li>\n<li>Two all-round ribs, separated by a narrow groove from two rows of blocks ensure low rolling resistance, reduce fuel consumption.</li>\n</ul>\n",,,taxable,,1,,,0,0,,,,,0,,,92.00,Tyres,"175/55R15 77H",,https://www.tiromobiletyres.com.au/wp-content/uploads/2026/07/TMT-15-Rim-2.png,,,,,,,,,0,BUDGET,Size,"175/55R15 77H",1,1,Width,175,1,1,Profile,55,1,1,Diameter,15,1,1,"Load Index",77,1,1,"Speed Rating",H,1,1,"Product IP",BUD0025,1,0,,,,,,,,,,,,,1747,15,"GOLDWAY R828","Goldway R828 Tyre | Affordable Performance & Grip","Shop Goldway tyres in Melbourne for budget-friendly performance, strong grip & durability. Ideal for SUVs & cars with reliable everyday driving.",49,90,1,TOLEDO,"175/55R15 77H",1783989722,synced,1787541457,sync-and-show,approved,yes,yes,,,product,,,,,,,,,2026-03-06
1312,simple,,,BUDGET-BUD0026,1,0,visible,,"<strong>FEATURES:</strong>\n<ul>\n<li> Special profile design has been adopted to increase tyre rigidity and driving comfort, high-speed stability and safety.</li>\n<li>Pitch pattern designed by computer-simulated calculation reduces the noise generation.</li>\n<li>Innovative tread compound provides better all-season grip, lower rolling resistance and improved mileage.</li>\n</ul>\n",,,taxable,,1,,,0,0,,,,,0,,,98.99,Tyres,"175/60R15 81H",,https://www.tiromobiletyres.com.au/wp-content/uploads/2026/07/TMT-15-Rim-2.png,,,,,,,,,0,BUDGET,Size,"175/60R15 81H",1,1,Width,175,1,1,Profile,60,1,1,Diameter,15,1,1,"Load Index",81,1,1,"Speed Rating",H,1,1,"Product IP",BUD0026,1,0,,,,,,,,,,,,,1747,15,"GOLDWAY R828","Goldway R828 Tyre | Affordable Performance & Grip","Shop Goldway tyres in Melbourne for budget-friendly performance, strong grip & durability. Ideal for SUVs & cars with reliable everyday driving.",49,90,1,TOLEDO,"175/60R15 81H",1783990342,synced,1787541457,sync-and-show,approved,yes,yes,,,product,,,,,,,,,2026-03-06
1313,simple,,,"HANKOOK  KINERGY ECO2 K435-1022751",1,0,visible,,,,,taxable,,1,,,0,0,,,,,0,,,139.99,Tyres,"175/60/R15 81H",,https://www.tiromobiletyres.com.au/wp-content/uploads/2026/07/Hankook.png,,,,,,,,,0,HANKOOK,Size,"175/60/R15 81H",1,1,Width,175,1,1,Profile,60,1,1,Diameter,15,1,1,"Load Index",81,1,1,"Speed Rating",H,1,1,Pattern,"KINERGY ECO2 K435",1,0,,,,,,,,,,,,,223,15,"GOLDWAY R828","Goldway R828 Tyre | Affordable Performance & Grip","Shop Goldway tyres in Melbourne for budget-friendly performance, strong grip & durability. Ideal for SUVs & cars with reliable everyday driving.",49,90,1,"KINERGY ECO2 K435","175/60/R15 81H",1784789005,has-errors,1785374731,sync-and-show,,yes,yes,,,product,,,,,,,,1b3931631a5046dce6af6fe011fe09d8,2026-03-06
1315,simple,,,"ZETA  ZTR20-ZTAMS0315901",1,0,visible,,"<strong>FEATURES:</strong>\n<ul>\n<li>Solid center rib designed for high-speed stability.</li>\n<li>Unidirectional grooves ensure fast water disposal and improve the handling on wet, snow and dry conditions.</li>\n<li>Two all-round ribs, separated by a narrow groove from two rows of blocks ensure low rolling resistance, reduce fuel consumption.</li>\n</ul>\n",,,taxable,,1,,,0,0,,,,,0,,,97.00,Tyres,"175/55R15 77H",,https://www.tiromobiletyres.com.au/wp-content/uploads/2026/07/ZETA.png,,,,,,,,,0,ZETA,Size,"175/55R15 77H",1,1,Width,175,1,1,Profile,55,1,1,Diameter,15,1,1,"Load Index",77,1,1,"Speed Rating",H,1,1,,,,,,,,,,,,,,,,,37,15,"GOLDWAY R828","Goldway R828 Tyre | Affordable Performance & Grip","Shop Goldway tyres in Melbourne for budget-friendly performance, strong grip & durability. Ideal for SUVs & cars with reliable everyday driving.",49,90,1,TOLEDO,"175/55R15 77H",1784788223,synced,1787541457,sync-and-show,approved,yes,yes,,,product,,,,,,,,,2026-03-06
1317,simple,,,"ZETA  ZTR20 - ZTAMS005",1,0,visible,,"<strong>Features:</strong>\n<ul>\n<li>Solid center rib designed for high-speed stability.</li>\n<li>Unidirectional grooves ensure fast water disposal and improve the handling on wet, snow and dry conditions.</li>\n<li>Two all-round ribs, separated by a narrow groove from two rows of blocks ensure low rolling resistance, reduce fuel consumption.</li>\n</ul>",,,taxable,,1,,,0,0,,,,,0,,,119.00,Tyres,"215/65R16 98H",,https://www.tiromobiletyres.com.au/wp-content/uploads/2026/07/ZETA.png,,,,,,,,,0,ZETA,"Product IP",ZTAMS005,1,1,"Tyre Type",UHP,1,1,Pattern,ZTR20,1,1,Size,"215/65R16 98H",1,1,Width,215,1,1,Profile,65,1,1,Diameter,16,1,1,"Load Index",98,1,1,"Speed Rating",H,1,1,,,,,,15,"ZETA IMPERO","Zeta Impero Tyre | Affordable SUV Tyres Melbourne","Buy Zeta Impero tyres for SUVs with strong grip, smooth handling & wet performance. Reliable, durable tyres at great value for everyday driving.",54,90,1,ZTR20,"215/65R16 98H",1784020844,synced,1787541457,sync-and-show,approved,yes,yes,,,product,,,,,,,,,2026-03-05
1329,simple,,,"KUMHO  ECOWING ES31 - 2261493",1,0,visible,,"<strong>The Kumho Ecowing ES31 is a car tyre developed to help reduce the fuel consumption of a car. Kumho have designed the Ecowing ES31 with an eco-friendly philosophy - using eco-compounds in the tyre's makeup. The tyre features a asymmetric tread pattern, to enhance handling performance in both wet and dry conditions. An optimal wet performance is achieved through the use of specially designed 4 wide main grooves within the tread, to quickly and efficiently remove surface water from the path of the tyre - also helping in the reduced risk of aquaplaning. Kumho have also incorporated an aerodynamic shoulder design, for improved air resistance - in turn helping to enhance the tyre's fuel efficient capabilities.:</strong>\n<ul>\n<li>Developed to reduce fuel consumption and preserve the environment by using eco-compounds</li>\n<li>Securing handling & traction performance</li>\n<li>Improved wet grip technology</li>\n<li>Improved endurance and mileage</li>\n</ul>\n\n\n",,,taxable,,1,,,0,0,,,,,1,,,172.79,Tyres,"215/65R16 98H",,https://www.tiromobiletyres.com.au/wp-content/uploads/2026/07/KUMHO.png,,,,,,,,,0,KUMHO,"Product IP",2261493,1,1,"Tyre Type",PCR,1,1,Pattern,"ECOWING ES31",1,1,Size,"215/65R16 98H",1,1,Width,215,1,1,Profile,65,1,1,Diameter,16,1,1,"Load Index",98,1,1,"Speed Rating",H,1,1,,,,,,,,,,,90,1,"ECOWING ES31","215/65R16 98H",1784022472,synced,1787541457,sync-and-show,approved,yes,yes,,,product,,,,,,,,,
1330,simple,,,"NEXEN  RODIAN CT8 - 13799NXC",1,0,visible,,"<strong>FEATURES:</strong>\n<ul>\n<li>N/A</li>\n</ul>",,,taxable,,1,,,0,0,,,,,1,,,188.21,Tyres,"215/65R16 109/107T",,https://www.tiromobiletyres.com.au/wp-content/uploads/2026/07/NEXEN.png,,,,,,,,,0,NEXEN,"Product IP",13799NXC,1,1,Pattern,"RODIAN CT8",1,1,Size,"215/65R16 109/107T",1,1,Width,215,1,1,Profile,65,1,1,Diameter,16,1,1,"Load Index",109/107,1,1,"Speed Rating",T,1,1,,,,,,,,,,,"NEXEN ROADIAN HP","Nexen Roadian HP Tyre | Durable SUV Performance Tyres","Buy Nexen Roadian HP tyres for reliable SUV performance, strong grip & long tread life. Ideal for smooth, safe driving with great value.",56,90,1,"RODIAN CT8","215/65R16 109/107T",1784023000,synced,1787541457,sync-and-show,approved,yes,yes,,,product,,,,,,,,,
1331,simple,,,"CONTINENTAL  ULTRACONTACT UX7 - 03597450000",1,0,visible,,"<strong>Features:</strong>\n<ul>\n<li>N/A</li>\n</ul>\n\n",,,taxable,,1,,,0,0,,,,,0,,,207.46,Tyres,2853522,,https://www.tiromobiletyres.com.au/wp-content/uploads/2026/07/CONTINENTAL.png,,,,,,,,,0,CONTINENTAL,"Product IP",03597450000,1,1,"Tyre Type",SUV,1,1,Pattern,"ULTRACONTACT UX7",1,1,Size,"215/65R16 98H",1,1,Width,215,1,1,Profile,65,1,1,Diameter,16,1,1,"Load Index",98,1,1,"Speed Rating",H,1,1,,,,,,,"Continental ContiSportContact","Continental ContiSportContact 6 Tyre | High Speed Grip","Buy Continental ContiSportContact 6 tyres for high-speed stability, precise handling & superior grip. Ideal for performance cars & smooth driving.",57,90,1,"ULTRACONTACT UX7","215/65R16 98H",1784023397,synced,1787541457,sync-and-show,approved,yes,yes,,,product,,,,,,,,,
1332,simple,,,"PIRELLI  POWERGY - 	4006200",1,0,visible,,"<strong>- Car\n- Summer\n-The smart & safe choice:<strong>\n<ul>\n<li> Powergy is the new Pirelli Summer line for cars and SUVs. It’s the smart choice for drivers looking for safety and green performance with a low environmental impact.</li>\n<li>With high levels of wet grip (EU Label Wet Grip A Rating on full range) and braking, Powergy helps to provides precise handling in all road conditions and reduces the risk of aquaplaning.</li>\n<li>The low rolling resistance ensures low fuel consumption and high levels of comfort.</li>\n</ul>\n\n\n",,,taxable,,1,,,0,0,,,,,0,,,213.46,Tyres,"215/65R16 98H",,https://www.tiromobiletyres.com.au/wp-content/uploads/2026/07/PIRELLI.png,,,,,,,,,0,PIRELLI,"Product IP",4006200,1,1,"Tyre Type",CAR,1,1,Pattern,POWERGY,1,1,Size,"215/65R16 98H",1,1,Width,215,1,1,Profile,65,1,1,Diameter,16,1,1,"Load Index",98,1,1,"Speed Rating",H,1,1,,,,,,,"PIRELLI SCORPION MS","Pirelli Scorpion MS Tyres | SUV Comfort & Performance","Explore Pirelli Scorpion MS tyres for SUVs. Enjoy strong wet grip, smooth comfort, low noise & fuel efficiency for reliable everyday driving.",57,90,1,POWERGY,"215/65R16 98H",1784023866,synced,1787541457,sync-and-show,approved,yes,yes,,,product,,,,,,,,,
1333,simple,,,"KUMHO PORTRAN KC53 - 2210763",1,0,visible,,"The PorTran KC53 van tyre is a powerful tyre designed for heavy commercial usage, and is ideal for vans, people movers and mobile homes. The new generation for light commercial vehicle tyre with high mileage and good handling properties.\n\n\n<strong>Features:</strong>\n\n<strong>Handling performance</strong>\n<ul>\n<li>Wider tread width & solid centre rib for dry handling</li>\n<li>Increased cavity volume wide straight circumferential for wet handling /aquaplaning</li>\n<li>Low RR and high mileage</li>\n</ul>\n\n<strong>Rib style tread pattern</strong>\n<ul>\n<li>Optimised pitch sequence with multi-pitch</li>\n<li>Optimised void design to maintain rib stiffness</li>\n</ul>\n",,,taxable,,1,,,0,0,,,,,1,,,261.99,Tyres,2157015,,https://www.tiromobiletyres.com.au/wp-content/uploads/2026/07/KUMHO.png,,,,,,,,,0,KUMHO,"Product IP",2210763,1,1,"Tyre Type",LT,1,1,Pattern,"PORTRAN KC53",1,1,Size,"215/65R16 109/107T",1,1,Width,215,1,1,Profile,65,1,1,Diameter,16,1,1,"Load Index",109/107,1,1,"Speed Rating",T,1,1,,,,,,,,,,,90,1,"PORTRAN KC53","215/65R16 109/107T",1784024768,synced,1787541457,sync-and-show,approved,yes,yes,,,product,,,,,,,,,
1334,simple,,,"PIRELLI PZERO ROSSO - 3569600",1,0,visible,,"<strong>THE OPTIMUM BALANCE BETWEEN PERFORMANCE AND COMFORT</strong>\nDeveloped for modern sports cars with electronic drive and stability control systems, the P ZERO ROSSO™ (or ‘Red’, as it translates into in English, which is synonymous with Italian motor racing) is ideal for sports performance providing precise steering response on dry and wet roads. \n\nThe ideal choice for optimum balance between performance and comfort for medium to high-powered cars.\n\nAn Ultra High Performance tyre, combining performance and comfort. Possible combination of P ZERO ROSSO Direzionale (front axle fitment) with P ZERO ROSSO Asimmetrico (rear axle fitment or all-round application).\n\nDirectional and asymmetric: two different tread patterns designed to provide the best sports performance. The directional tread pattern, for the front axle, with its grooves and longitudinal channels ensure excellent grip on both wet and dry roads. The asymmetric tyre has three distinct elements: large blocks on the outer shoulder, a central semi-slick rib with curved transverse grooves and a more open inner shoulder.\n\nIn addition to the sports performance, P ZERO ROSSO promotes the concept of comfort through the special construction of the carcass, which combines performance with the comfort features typical of high-performance flagship cars. P ZERO ROSSO has achieved more than 200 original equipment homologations from leading manufacturers on top performance vehicles.",,,taxable,,1,,,0,0,,,,,0,,,462.99,Tyres,"225/50R16 92Y",,https://www.tiromobiletyres.com.au/wp-content/uploads/2026/07/PIRELLI.png,,,,,,,,,0,PIRELLI,"Product IP",3569600,1,1,"Tyre Type",UHP,1,1,Pattern,"PZERO ROSSO",1,1,Size,"225/50R16 92Y",1,1,Width,225,1,1,Profile,50,1,1,Diameter,16,1,1,"Load Index",92,1,1,"Speed Rating",Y,1,1,,,,,,,,,,,60,2,"PZERO ROSSO","225/50R16 92Y",1784025358,synced,1787541457,sync-and-show,approved,yes,yes,,,product,,,,,,,,,
1336,simple,,,"BRIDGESTONE POTENZA RE005 - 11003409",1,0,visible,,"<strong>Features:</strong>\n<ul>\n<li>N/A</li>\n</ul>",,,taxable,,1,,,0,0,,,,,0,,,266.00,Tyres,"225/50R16 92W",,https://www.tiromobiletyres.com.au/wp-content/uploads/2026/07/BRIDGESTONE.png,,,,,,,,,0,BRIDGESTONE,"Product IP",11003409,1,1,"Tyre Type",Performance,1,1,Pattern,"POTENZA ADRENALIN RE005",1,1,Size,"225/50R16 92W",1,1,Width,225,1,1,Profile,50,1,1,Diameter,16,1,1,"Load Index",92,1,1,"Speed Rating",W,1,1,,,,,,,,,,,90,1,"POTENZA ADRENALIN RE005","225/50R16 92W",1784025859,synced,1787541457,sync-and-show,approved,yes,yes,,,product,,,,,,,,,
1337,simple,,,"ZETA  ALVENTI-ZETAMS03.073.02",1,0,visible,,"</strong>FEATURES:</strong>\n<ul class=""list"">\n<li>Optimized pitch variance design & tread formula with high silica rubber reduces noise, innovative grip, improved mileage as well. </li>\n<li>4 straight grooves provide excellent smooth water dispersion and high levels of wet handling. </li>\n<li>Three solid longitudinal ribs improved braking and linear stability during high speed. </li>\n</ul>\n\n",,,taxable,,1,,,0,0,,,,,0,,,130.00,Tyres,"225/60R16 98H",,https://www.tiromobiletyres.com.au/wp-content/uploads/2026/07/ZETA.png,,,,,,,,,0,ZETA,"Product IP",ZETAMS03.073.02,1,1,"Tyre Type",PCR,1,1,Size,"225/60R16 98H",1,1,Width,225,1,1,Profile,60,1,1,Diameter,16,1,1,"Load Index",98,1,1,"Speed Rating",H,1,1,,,,,,,,,37,,"GOLDWAY R828","Goldway R828 Tyre | Affordable Performance & Grip","Shop Goldway tyres in Melbourne for budget-friendly performance, strong grip & durability. Ideal for SUVs & cars with reliable everyday driving.",49,90,1,R828,"225/60R16 98H",1784026808,synced,1787541457,sync-and-show,approved,yes,yes,,,product,,,,,,,,,2026-03-06
1338,simple,,,"KUMHO  SOLUS TA21 - 	2389433",1,0,visible,,,,,taxable,,1,,,0,0,,,,,0,,,159.78,Tyres,"225/60R16 98H",,https://www.tiromobiletyres.com.au/wp-content/uploads/2026/07/KUMHO.png,,,,,,,,,0,KUMHO,"Product IP",2389433,1,1,"Tyre Type",PCR,1,1,Pattern,"SOLUS TA21",1,1,Size,"225/60R16 98H",1,1,Width,225,1,1,Profile,60,1,1,Diameter,16,1,1,"Load Index",98,1,1,"Speed Rating",H,1,1,,,,,,,,,,,90,1,"SOLUS TA21","225/60R16 98H",1784027079,has-errors,1785374731,sync-and-show,approved,yes,yes,,,product,,,,,,,,7376c4217524d97dfe96c95a10042db1,
1339,simple,,,"KUMHO ECSTA HS52 - 2304713",1,0,visible,,,,,taxable,,1,,,0,0,,,,,0,,,173.90,Tyres,"225/60R16 98W",,https://www.tiromobiletyres.com.au/wp-content/uploads/2026/07/KUMHO.png,,,,,,,,,0,KUMHO,"Product IP",2304713,1,1,"Tyre Type",PCR,1,1,Pattern,"ECSTA HS52",1,1,Size,"225/60R16 98W",1,1,Width,225,1,1,Profile,60,1,1,Diameter,16,1,1,"Load Index",98,1,1,"Speed Rating",W,1,1,,,,,,,,,,,90,1,"ECSTA HS52","225/60R16 98W",1784027387,has-errors,1785374731,sync-and-show,approved,yes,yes,,,product,,,,,,,,614bf31e2d5fb998fbfa5299deb98f81,
1340,simple,,,"ZETA ANTARCTICA ICE - ZTAMS7001",1,0,visible,,"<div><b>Features:</b></div>\n<ul>\n<li>Specially developed soft compound with silica tread; good combination of winter properties with optimal wet and dry performance.</li>\n<li>Utilized 8-11, double-flange studs enables safer driving behaviour.</li>\n<li>Certified snowflake symbol</li>\n<li>Specially developed winter tire for use in the most harsh conditions</li>\n<li>Balanced tread profile provide excellent driving characteristics and shorter braking distanc</li>\n<li>Optimum high-density sipes and pitch arrangement gives superior water drainage and snow removal.</li>\n</ul>",,,taxable,,1,,,0,0,,,,,0,,,185.00,Tyres,"225/60R16 102T",,https://www.tiromobiletyres.com.au/wp-content/uploads/2026/07/ZETA.png,,,,,,,,,0,ZETA,"Product IP",ZTAMS7001,1,1,"Tyre Type",SUV,1,1,Pattern,"ANTARCTICA ICE",1,1,Size,"225/60R16 102T",1,1,Width,225,1,1,Profile,60,1,1,Diameter,16,1,1,"Load Index",102,1,1,"Speed Rating",T,1,1,,,,,,,,,,,90,1,"ANTARCTICA ICE","225/60R16 102T",1784027976,synced,1787541457,sync-and-show,approved,yes,yes,,,product,,,,,,,,,
1341,simple,,,"HANKOOK VENTUS PRIME4 K135 - 1031791",1,0,visible,,,,,taxable,,1,,,0,0,,,,,0,,,189.00,Tyres,"225/60R16 98W",,https://www.tiromobiletyres.com.au/wp-content/uploads/2026/07/Hankook.png,,,,,,,,,0,HANKOOK,"Product IP",1031791,1,1,"Tyre Type","PASS (UHP)",1,1,Pattern,"VENTUS PRIME4 K135",1,1,Size,"225/60R16 98W",1,1,Width,225,1,1,Profile,60,1,1,Diameter,16,1,1,"Load Index",98,1,1,"Speed Rating",W,1,1,,,,,,,,,,,90,1,"VENTUS PRIME4 K135","225/60R16 98W",1784028277,has-errors,1785374731,sync-and-show,approved,yes,yes,,,product,,,,,,,,d52c0fa237bdcb0a12f863aacdbe7832,
1342,simple,,,"BRIDGESTONE  TURANZA 6  - 11006396",1,0,visible,,,,,taxable,,1,,,0,0,,,,,0,,,259.78,Tyres,"225/60/16 102W",,https://www.tiromobiletyres.com.au/wp-content/uploads/2026/07/BRIDGESTONE.png,,,,,,,,,0,BRIDGESTONE,"Product IP",11006396,1,1,"Tyre Type","4WD H/P",1,1,Pattern,"TURANZA 6",1,1,Size,"225/60/16 102W",1,1,Width,225,1,1,Profile,60,1,1,Diameter,16,1,1,"Load Index",102,1,1,"Speed Rating",W,1,1,,,,,,,,,,,90,1,"TURANZA 6","225/60/16 102W",1784028808,has-errors,1785374731,sync-and-show,approved,yes,yes,,,product,,,,,,,,54dc8269605f54b1093f06f9950c7b42,
1343,simple,,,"KUMHO CRUGEN HT51 - 2230883",1,0,visible,,"<strong>Engineered with quality, features and details to go the distance in hard working, hard driving, all-weather conditions:</strong>\n<ul>\n<li>Improved straight line driving performance\n- Stiff centre block design reinforces stability, traction and handling capabilities.</li>\n<li>Extended tread life\n- An optimal block shape and four channel symmetric layout improves long tread life.</li>\n<li>Enhanced driving performance in wet conditions\n- Application of a zig-zag style groove design for improved drainage performance.</li>\n</ul>\n\n\n",,,taxable,,1,,,0,0,,,,,0,,,220.35,Tyres,"245/70R16 111T",,https://www.tiromobiletyres.com.au/wp-content/uploads/2026/07/KUMHO.png,,,,,,,,,0,KUMHO,"Product IP",2230883,1,1,"Tyre Type",RV,1,1,Pattern,"CRUGEN HT51",1,1,Size,"245/70R16 111T",1,1,Width,245,1,1,Profile,70,1,1,Diameter,16,1,1,"Load Index",111,1,1,"Speed Rating",T,1,1,,,,,,,,,,,90,1,"CRUGEN HT51","245/70R16 111T",1784030655,synced,1787541457,sync-and-show,approved,yes,yes,,,product,,,,,,,,,
1344,simple,,,"GENERAL  GRABBER AT6- 04491890007",1,0,visible,,,,,taxable,,1,,,0,0,,,,,0,,,275.39,Tyres,"245/70R16 111S",,https://www.tiromobiletyres.com.au/wp-content/uploads/2026/07/GENERAL.png,,,,,,,,,0,GENERAL,"Product IP",04491890007,1,1,"Tyre Type",4X4,1,1,Pattern,"GRABBER AT6",1,1,Size,"245/70R16 111S",1,1,Width,245,1,1,Profile,70,1,1,Diameter,16,1,1,"Load Index",111,1,1,"Speed Rating",S,1,1,,,,,,,,,,,90,1,"GRABBER AT6","245/70R16 111S",1784096629,has-errors,1785374731,sync-and-show,approved,yes,yes,,,product,,,,,,,,1df4a3990e94c1af564d6090e94257d6,
1345,simple,,,"HANKOOK  DYNAPRO AT2 XTR RF12- 2021917",1,0,visible,,,,,taxable,,1,,,0,0,,,,,0,,,245.00,Tyres,"245/70R16 106Q",,https://www.tiromobiletyres.com.au/wp-content/uploads/2026/07/Hankook.png,,,,,,,,,0,HANKOOK,"Product IP",2021917,1,1,"Tyre Type","4X4 / SUV (A-T)",1,1,Pattern,"DYNAPRO AT2 XTR RF12",1,1,Size,"245/70R16 106Q",1,1,Width,245,1,1,Profile,70,1,1,Diameter,16,1,1,"Load Index",106,1,1,"Speed Rating",Q,1,1,,,,,,,,,,,90,1,"DYNAPRO AT2 XTR RF12","245/70R16 106Q",1784097313,has-errors,1785374731,sync-and-show,approved,yes,yes,,,product,,,,,,,,6e6bbd3b389564260af9099cf682c74b,
1346,simple,,,"HANKOOK  DYNAPRO HP RA23- 1006069",1,0,visible,,"<strong>FEATURES:</strong>\n<ul>\n<li>The premium all-season SUV tyre\nThe Dynapro HP provides excellent traction, reduced noise and improved interior properties for powerful, dynamic SUV’s.</li>\n<li> Unique design\nImproved off-road and snow performance.</li>\n<li>Embossed style\nImproved off-road performance with an aggressive SUV appearance.</li>\n<li>2-step graduated groove\nDischarges water rapidly from the tread surface to prevent hydroplaning.</li>\n<li>4 straight channel grooves\nResists hydroplaning, providing increased aquaplaning performance.</li>\n<li>Semi-groove\nUniform contact area provides improved on wet and snowy surfaces.</li>\n<li>Tie bar\nA greater circumferential and lateral stiffness enables improved dry braking, pass-by noise and prevents uneven wear.</li>\n<li>Centre rib\nImproved dry braking, handling and steering response.</li>\n<li>Noise-reduction kerf\nPrevents a harmonic tread pattern sound.</li>\n<li>Tyre Structure\nJointless cap ply\nJointless cap ply around the circumference of the tyre over the steel belts assures enhanced belt endurance plus improved uniformity for comfort and high-speed stability.</li>\n<li>Wide, high-tensile steel belts\nEnhance tread strength for steering response and wear life.</li>\n</ul>\n\n\n\n\n\n",,,taxable,,1,,,0,0,,,,,0,,,246.21,Tyres,"255/70R16 111H",,https://www.tiromobiletyres.com.au/wp-content/uploads/2026/07/Hankook.png,,,,,,,,,0,HANKOOK,"Product IP",1006069,1,1,"Tyre Type",PCR,1,1,Pattern,"DYNAPRO HP RA23",1,1,Size,"255/70R16 111H",1,1,Width,255,1,1,Profile,70,1,1,Diameter,16,1,1,"Load Index",111,1,1,"Speed Rating",H,1,1,,,,,,,,,,,90,1,"DYNAPRO HP RA23","255/70R16 111H",1784111826,synced,1787541457,sync-and-show,approved,yes,yes,,,product,,,,,,,,,
1347,simple,,,"HANKOOK  DYNAPRO AT2 XTR RF12- 1029797",1,0,visible,,"'\n\n\n\n\n\n",,,taxable,,1,,,0,0,,,,,0,,,249.69,Tyres,"255/70/16 111T",,https://www.tiromobiletyres.com.au/wp-content/uploads/2026/07/Hankook.png,,,,,,,,,0,HANKOOK,"Product IP",1029797,1,1,"Tyre Type",4X4,1,1,Pattern,"DYNAPRO AT2 XTR RF12",1,1,Size,"255/70/16 111T",1,1,Width,255,1,1,Profile,70,1,1,Diameter,16,1,1,"Load Index",111,1,1,"Speed Rating",T,1,1,,,,,,,,,,,90,1,"DYNAPRO AT2 XTR RF12","255/70/16 111T",1784112081,synced,1787541457,sync-and-show,approved,yes,yes,,,product,,,,,,,,,
1349,simple,,,"TOLEDO  RAGNAR R9 265/70R16 116Q - 117.007.09",1,0,visible,,,,,taxable,,1,,,0,0,,,,,0,,,189.00,Tyres,"265/70R16 116Q",,https://www.tiromobiletyres.com.au/wp-content/uploads/2026/01/TOLEDO-RAGNAR-R9-img.jpg,,,,,,,,,0,TOLEDO,"Product IP",117.007.09,1,1,"Tyre Type",R/T,1,1,Pattern,"RAGNAR R9",1,1,Size,"265/70R16 116Q",1,1,Width,265,1,1,Profile,70,1,1,Diameter,16,1,1,"Load Index",116,1,1,"Speed Rating",Q,1,1,,,,,,,,,,,90,1,"RAGNAR R9","265/70R16 116Q",1784113330,has-errors,1785374731,sync-and-show,,yes,yes,,,product,,,,,,,,06e6b33d4176cc15148220ee755a3661,
1350,simple,,,"SUMAXX  MAX RANGER R/T-SNMAXX-009-RT",1,0,visible,,,,,taxable,,1,,,0,0,,,,,0,,,189.00,Tyres,"265/70R16 112T, 4X4",,https://www.tiromobiletyres.com.au/wp-content/uploads/2026/07/SUMAXX.png,,,,,,,,,0,SUMAXX,"Product IP",SNMAXX-009-RT,1,1,"Tyre Type",4X4,1,1,Pattern,"MAX RANGER R/T",1,1,Size,"265/70R16 112T",1,1,Width,265,1,1,Profile,70,1,1,Diameter,16,1,1,"Load Index",112,1,1,"Speed Rating",T,1,1,,,,,,15,,,,,90,1,"MAX RANGER R/T","265/70R16 112T",1784113624,has-errors,1785374731,sync-and-show,,yes,yes,,,product,,,,,,,,b9377c2e8407e261b8fe3442f5eb82ab,
1352,simple,,,"SUMAXX  ALL TERRAIN-SNMAXX-009",1,0,visible,,,,,taxable,,1,,,0,0,,,,,0,,,189.00,Tyres,"265/70R16 112T, 4X4",,https://www.tiromobiletyres.com.au/wp-content/uploads/2026/07/SUMAXX.png,,,,,,,,,0,SUMAXX,"Product IP",SNMAXX-009-RT,1,1,"Tyre Type",4X4,1,1,Pattern,"ALL TERRAIN",1,1,Size,"265/70R16 112T",1,1,Width,265,1,1,Profile,70,1,1,Diameter,16,1,1,"Load Index",112,1,1,"Speed Rating",T,1,1,,,,,,15,,,,,90,1,"ALL TERRAIN","265/70R16 112T",1784361803,has-errors,1785374731,sync-and-show,approved,yes,yes,,,product,,,,,,,,4046965e9dbdad11ae3be4fc21ff599d,
1353,simple,,,"ZETA  ZIVARO A/T-ZTAMS507",1,0,visible,,"</strong>FEATURES:</strong>\n<ul class=""list"">\n<li>The Zeta ZIVARO is high-performance tyre designed for the most demanding applications. The tread pattern is designed for fast and safe operation in the A/T segment.</li>\n</ul>\n\n",,,taxable,,1,,,0,0,,,,,0,,,179.00,Tyres,"265/70R16 121/118S",,https://www.tiromobiletyres.com.au/wp-content/uploads/2026/07/ZETA.png,,,,,,,,,0,ZETA,"Product IP",ZTAMS507,1,1,"Tyre Type","LIGHT TRUCK",1,1,Size,"265/70R16 121/118S",1,1,Width,265,1,1,Profile,70,1,1,Diameter,16,1,1,"Load Index",121/118,1,1,"Speed Rating",S,1,1,,,,,,,,,37,,"GOLDWAY R828","Goldway R828 Tyre | Affordable Performance & Grip","Shop Goldway tyres in Melbourne for budget-friendly performance, strong grip & durability. Ideal for SUVs & cars with reliable everyday driving.",49,90,1,R828,"265/70R16 121/118S",1784362391,synced,1787541457,sync-and-show,approved,yes,yes,,,product,,,,,,,,,2026-03-06
1354,simple,,,"ZETA  TOLEDO-ZTAMS147",1,0,visible,,"</strong>TOLEDO is 4x4 tyre especially developed for multi-purpose and 4FWD vehicles. Tread pattern designed to provide exceptional all-terrain traction and control for both on/off road, and in an all weather conditions.:</strong>\n<ul class=""list"">\n<li>5-row aggressive tread pattern designed for supreme grip, helped by having self-cleaning tread lugs.</li>\n<li>The blocks are set in offset arrangement, thereby generating extremely low noise levels.</li>\n<li>Tractive zigzag grooves to give added traction, giving prompt steering response and mobility and grip on any loose or muddy surface.</li>\n</ul>\n\n",,,taxable,,1,,,0,0,,,,,0,,,185.00,Tyres,"265/70R16 112H",,https://www.tiromobiletyres.com.au/wp-content/uploads/2026/07/ZETA.png,,,,,,,,,0,ZETA,"Product IP",ZTAMS147,1,1,"Tyre Type",SUV,1,1,Pattern,TOLEDO,1,0,Size,"265/70R16 112H",1,1,Width,265,1,1,Profile,70,1,1,Diameter,16,1,1,"Load Index",112,1,1,"Speed Rating",H,1,1,,,,,37,,"GOLDWAY R828","Goldway R828 Tyre | Affordable Performance & Grip","Shop Goldway tyres in Melbourne for budget-friendly performance, strong grip & durability. Ideal for SUVs & cars with reliable everyday driving.",49,90,1,TOLEDO,"265/70R16 112H",1784362891,synced,1787541457,sync-and-show,approved,yes,yes,,,product,,,,,,,,,2026-03-06
1355,simple,,,"HANKOOK  DYNAPRO AT2 XTR RF12- 2021925",1,0,visible,,"'\n\n\n\n\n",,,taxable,,1,,,0,0,,,,,0,,,268.14,Tyres,"265/70R16 117S",,https://www.tiromobiletyres.com.au/wp-content/uploads/2026/07/Hankook.png,,,,,,,,,0,HANKOOK,"Product IP",2021925,1,1,"Tyre Type","4X4 / SUV (A-T)",1,1,Pattern,"DYNAPRO AT2 XTR RF12",1,1,Size,"265/70R16 117S",1,1,Width,265,1,1,Profile,70,1,1,Diameter,16,1,1,"Load Index",117,1,1,"Speed Rating",S,1,1,,,,,,,,,,,90,1,"DYNAPRO AT2 XTR RF12","265/70R16 117S",1784363458,synced,1787541457,sync-and-show,approved,yes,yes,,,product,,,,,,,,,
1356,simple,,,"PIRELLI  SCORPION ATR- 2004700",1,0,visible,"'\n\n","<strong>Features:</strong>\n<ul class=""list"">\n<li>An all terrain tyre, for use on all surfaces: versatile in all situations with excellent off road capabilities. Off road it is tenacious and reliable. On road it provides comfort, excellent traction and resistance to wear.\n</li>\n<li>Off road it is tenacious and reliable. On road it provides comfort, excellent traction and resistance to wear. A versatile and safe tyre, the SCORPION™ ATR features a tread with a specific self-cleaning pattern. It facilitates the most demanding off-road driving and resists the hardest shocks on uneven surfaces.</li>\n<li>Once back on the road it provides safety when braking and whilst cornering. It delivers a high resistance to aquaplaning and low rolling noise, which enhances the acoustic comfort in the cabin. Excellent traction in all road conditions.</li>\n<li> Characterisation as an all terrain tyre, this is confirmed by its ability to provide a safe and controlled performance on the most diverse surfaces, from gravel to mud, it offers a reassuring grip. Scorpion™ ATR features the M+S marking engraved on the sidewall.</li>\n</ul>",,,taxable,,1,,,0,0,,,,,1,,,268.85,Tyres,"265/70R16 112T",,https://www.tiromobiletyres.com.au/wp-content/uploads/2026/07/PIRELLI.png,,,,,,,,,0,PIRELLI,"Product IP",2004700,1,1,"Tyre Type",4X4,1,1,Pattern,"SCORPION ATR",1,1,Size,"265/70R16 112T",1,1,Width,265,1,1,Profile,70,1,1,Diameter,16,1,1,"Load Index",112,1,1,"Speed Rating",T,1,1,,,,,,,"Pirelli Cinturato P7","Pirelli Cinturato P7 Tyre | Fuel Efficient & Comfort Ride","Buy Pirelli Cinturato P7 tyres for fuel efficiency, strong grip and smooth, comfortable driving. Ideal for everyday road use with reliable performance and safety.",60,90,1,"SCORPION ATR","265/70R16 112T",1784363960,synced,1787541457,sync-and-show,approved,yes,yes,,,product,,,,,,,,,
1357,simple,,,"HANKOOK  DYNAPRO MT RT05-2020987",1,0,visible,,"'\n\n\n\n",,,taxable,,1,,,0,0,,,,,0,,,271.29,Tyres,"265/70R16 121/118Q",,https://www.tiromobiletyres.com.au/wp-content/uploads/2026/07/Hankook.png,,,,,,,,,0,HANKOOK,"Product IP",2020987,1,1,"Tyre Type",4X4,1,1,Pattern,"DYNAPRO MT RT05",1,1,Size,"265/70R16 121/118Q",1,1,Width,265,1,1,Profile,70,1,1,Diameter,16,1,1,"Load Index",121/118,1,1,"Speed Rating",Q,1,1,,,,,,,,,,,90,1,"DYNAPRO MT RT05","265/70R16 121/118Q",1784364221,synced,1787541457,sync-and-show,approved,yes,yes,,,product,,,,,,,,,
1358,simple,,,"BRIDGESTONE  DUELER A/T002 - 11007235",1,0,visible,,,,,taxable,,1,,,0,0,,,,,0,,,275.38,Tyres,"265/70R16 112S",,https://www.tiromobiletyres.com.au/wp-content/uploads/2026/07/BRIDGESTONE.png,,,,,,,,,0,BRIDGESTONE,"Product IP",11007235,1,1,"Tyre Type","4WD A/T",1,1,Pattern,"DUELER A/T002",1,1,Size,"265/70R16 112S",1,1,Width,265,1,1,Profile,70,1,1,Diameter,16,1,1,"Load Index",112,1,1,"Speed Rating",S,1,1,,,,,,,,,,,90,1,"DUELER A/T002","265/70R16 112S",1784364554,has-errors,1785374731,sync-and-show,approved,yes,yes,,,product,,,,,,,,9dc48365f67ca84b93b72a2c00dcccb1,
1359,simple,,,"FALKEN  WILDPEAK AT4W- AU10356391",1,0,visible,,,,,taxable,,1,,,0,0,,,,,1,,,289.45,Tyres,"265/70R16 112XLT",,https://www.tiromobiletyres.com.au/wp-content/uploads/2026/07/FALKEN.png,,,,,,,,,0,FALKEN,"Product IP",AU10356391,1,1,Type,4x4,1,0,Pattern,"WILDPEAK AT4W",1,1,Size,"265/70R16 112XLT",1,1,Width,265,1,1,Profile,70,1,1,Diameter,16,1,1,"Load Index",112XL,1,1,"Speed Rating",T,1,1,,,,,,,,,,,90,1,"WILDPEAK AT4W","265/70R16 112XLT",1784365194,has-errors,1785374731,sync-and-show,approved,yes,yes,,,product,,,,,,,,5e2c6ec3e1f52ea7ddcdc9414860821e,
1360,simple,,,"BRIDGESTONE  DUELER A/T D697- 11000910",1,0,visible,,"<strong>The ultimate 4WD all terrain tyre, designed and tested to withstand Australia’s harshest outback conditions.Its proven superior wear life and better resistance to cutting and chipping make it the number one choice for all terrain adventuring. Dueler is tough enough to bring you back.:</strong>\n<ul>\n<li>Longer wear life on and off road.</li>\n<li>Tougher construction for superior puncture resistance.</li>\n<li>Quiet, comfortable ride on any terrain.</li>\n</ul>\n\n\n",,,taxable,,1,,,0,0,,,,,0,,,348.78,Tyres,"275/70R16 119S",,https://www.tiromobiletyres.com.au/wp-content/uploads/2026/07/BRIDGESTONE.png,,,,,,,,,0,BRIDGESTONE,"Product IP",11000910,1,1,"Tyre Type",4X4,1,1,Pattern,"DUELER A/T D697",1,1,Size,"275/70R16 119S",1,1,Width,275,1,1,Profile,70,1,1,Diameter,16,1,1,"Load Index",119,1,1,"Speed Rating",S,1,1,,,,,,,,,,,90,1,"DUELER A/T D697","275/70R16 119S",1784365667,synced,1787541457,sync-and-show,approved,yes,yes,,,product,,,,,,,,,
1361,simple,,,"YOKOHAMA  GEOLANDAR A/T4 G018- 2757016G018PC",1,0,visible,,,,,taxable,,1,,,0,0,,,,,0,,,349.09,Tyres,"275/70R16 114H",,https://www.tiromobiletyres.com.au/wp-content/uploads/2026/07/YOKOHAMA.png,,,,,,,,,0,YOKOHAMA,"Product IP",2757016G018PC,1,1,"Tyre Type",4WD,1,1,Pattern,"GEOLANDAR A/T4 G018",1,1,Size,"275/70R16 114H",1,1,Width,275,1,1,Profile,70,1,1,Diameter,16,1,1,"Load Index",114,1,1,"Speed Rating",H,1,1,,,,,,,"YOKOHAMA V107","Yokohama V107 Tyre | High Performance Grip & Stability","Buy Yokohama ADVAN Sport V107 tyres for superior grip, precise handling & high-speed stability. Ideal for performance cars & smooth driving.",57,90,1,"GEOLANDAR A/T4 G018","275/70R16 114H",1784365945,has-errors,1785374731,sync-and-show,approved,yes,yes,,,product,,,,,,,,7e4076d35e950820b1608e7b9dcd0b92,
1364,simple,,,"ZETA  ZTR50-ZETAMS03.112.02",1,0,visible,,"<strong>FEATURES:</strong>\n<ul>\n<li> Special profile design has been adopted to increase tyre rigidity and driving comfort, high-speed stability and safety.</li>\n<li>Pitch pattern designed by computer-simulated calculation reduces the noise generation.</li>\n<li>Innovative tread compound provides better all-season grip, lower rolling resistance and improved mileage.</li>\n</ul>\n",,,taxable,,1,,,0,0,,,,,0,,,112.67,Tyres,"175/60R15 81H",,https://www.tiromobiletyres.com.au/wp-content/uploads/2026/07/ZETA.png,,,,,,,,,0,ZETA,Size,"175/60R15 81H",1,1,Width,175,1,1,Profile,60,1,1,Diameter,15,1,1,"Load Index",81,1,1,"Speed Rating",H,1,1,,,,,,,,,,,,,,,,,37,15,"GOLDWAY R828","Goldway R828 Tyre | Affordable Performance & Grip","Shop Goldway tyres in Melbourne for budget-friendly performance, strong grip & durability. Ideal for SUVs & cars with reliable everyday driving.",49,90,1,TOLEDO,"175/60R15 81H",1784789130,synced,1787541457,sync-and-show,approved,yes,yes,,,product,,,,,,,,,2026-03-06
1368,simple,,,BUDGET-BUD0027,1,0,visible,,"<strong>FEATURES:</strong>\n<ul>\n<li> Special profile design has been adopted to increase tyre rigidity and driving comfort, high-speed stability and safety.</li>\n<li>Pitch pattern designed by computer-simulated calculation reduces the noise generation.</li>\n<li>Innovative tread compound provides better all-season grip, lower rolling resistance and improved mileage.</li>\n</ul>\n",,,taxable,,1,,,0,0,,,,,0,,,85.00,Tyres,"175/65R15 88H",,https://www.tiromobiletyres.com.au/wp-content/uploads/2026/07/TMT-15-Rim-2.png,,,,,,,,,0,BUDGET,Type,PCR,1,0,Size,"175/65R15 88H",1,1,Width,175,1,1,Profile,65,1,1,Diameter,15,1,1,"Load Index",88,1,1,"Speed Rating",H,1,1,"Product IP",BUD0027,1,0,,,,,,,,,1747,15,"GOLDWAY R828","Goldway R828 Tyre | Affordable Performance & Grip","Shop Goldway tyres in Melbourne for budget-friendly performance, strong grip & durability. Ideal for SUVs & cars with reliable everyday driving.",49,90,1,TOLEDO,"175/65R15 88H",1785218380,synced,1787541457,sync-and-show,approved,yes,yes,,,product,,,,,,,,,2026-03-06
1369,simple,,,"KUMHO  ECOWING ES31-2250033",1,0,visible,,"<strong>The Kumho Ecowing ES31 is a car tyre developed to help reduce the fuel consumption of a car. Kumho have designed the Ecowing ES31 with an eco-friendly philosophy - using eco-compounds in the tyre's makeup. The tyre features a asymmetric tread pattern, to enhance handling performance in both wet and dry conditions. An optimal wet performance is achieved through the use of specially designed 4 wide main grooves within the tread, to quickly and efficiently remove surface water from the path of the tyre - also helping in the reduced risk of aquaplaning. Kumho have also incorporated an aerodynamic shoulder design, for improved air resistance - in turn helping to enhance the tyre's fuel efficient capabilities:</strong>\n<ul>\n<li>Developed to reduce fuel consumption and preserve the environment by using eco-compounds</li>\n<li>Securing handling & traction performance</li>\n<li>Improved wet grip technology</li>	\n<li>Improved endurance and mileage</li>\n</ul>\n\n\n",,,taxable,,1,,,0,0,,,,,0,,,147.19,Tyres,"175/65R15 84H",,https://www.tiromobiletyres.com.au/wp-content/uploads/2026/07/KUMHO.png,,,,,,,,,0,KUMHO,"Product IP",2250033,1,1,"Tyre Type",PCR,1,1,Pattern,"ECOWING ES31",1,1,Size,"175/65R15 84H",1,1,Width,175,1,1,Profile,65,1,1,Diameter,15,1,1,"Load Index",84,1,1,"Speed Rating",H,1,1,,,,,,,,,,,90,1,"ECOWING ES31","175/65R15 84H",1785218944,synced,1787541457,sync-and-show,approved,yes,yes,,,product,,,,,,,,,
1370,simple,,,"KUMHO  ECOWING ES31-2361693",1,0,visible,,"<strong>The Kumho Ecowing ES31 is a car tyre developed to help reduce the fuel consumption of a car. Kumho have designed the Ecowing ES31 with an eco-friendly philosophy - using eco-compounds in the tyre's makeup. The tyre features a asymmetric tread pattern, to enhance handling performance in both wet and dry conditions. An optimal wet performance is achieved through the use of specially designed 4 wide main grooves within the tread, to quickly and efficiently remove surface water from the path of the tyre - also helping in the reduced risk of aquaplaning. Kumho have also incorporated an aerodynamic shoulder design, for improved air resistance - in turn helping to enhance the tyre's fuel efficient capabilities:</strong>\n<ul>\n<li>Developed to reduce fuel consumption and preserve the environment by using eco-compounds</li>\n<li>Securing handling & traction performance</li>\n<li>Improved wet grip technology</li>	\n<li>Improved endurance and mileage</li>\n</ul>\n\n\n",,,taxable,,1,,,0,0,,,,,0,,,135.67,Tyres,"185/60R15 88H",,https://www.tiromobiletyres.com.au/wp-content/uploads/2026/07/KUMHO.png,,,,,,,,,0,KUMHO,"Product IP",2361693,1,1,"Tyre Type",PCR,1,1,Pattern,"ECOWING ES31",1,1,Size,"185/60R15 88H",1,1,Width,185,1,1,Profile,60,1,1,Diameter,15,1,1,"Load Index",88,1,1,"Speed Rating",H,1,1,,,,,,,,,,,90,1,"ECOWING ES31","185/60R15 88H",1785223312,synced,1787541457,sync-and-show,approved,yes,yes,,,product,,,,,,,,,
1371,simple,,,"CONTINENTAL  CONTICOMFORTCONTACT CC6 - 03577740009",1,0,visible,,"<strong>The comfort choice with lowest noise level and smooth comfortable ride.:</strong>\n<ul>\n<li>Less noise and comfortable frequencies.\nHarmonic Comfort Chambers are based on the ""Helmoholtz resonator"" principle. These specially designed noise cancelling chambers are positioned on the inner shoulder of the tyre pattern. Unpleasant noise generated between the road and tyre is effectively cancelled out as air waves migrate in and out of the chambers. This prevents noise emission towards passengers, resulting in a quieter ride.\n</li>\n<li>Reduced noise level\n""0"" dB-Eaters are uniquely shaped in-groove elements designed to split and diffuse noise waves for lower road noise. To ensure a quieter ride, they break up noise waves travelling in the tread grooves to reduce the sound-level measured in decibels (dB).</li>\n<li>Comfortable relaxed ride\nThe CC6 Whisper Compound is a smoother rolling tread compound that adapts better to the roughness of the road surface for superior comfort. The compound absorbs tyre vibrations to diffuse road noise. It dampens micro bumps on the road so the tyre rolls smoothly.</li>\n</ul>\n\n",,,taxable,,1,,,0,0,,,,,0,,,181.49,Tyres,"185/60R15 84H",,https://www.tiromobiletyres.com.au/wp-content/uploads/2026/07/CONTINENTAL.png,,,,,,,,,0,CONTINENTAL,"Product IP",03577740009,1,1,"Tyre Type",PASSENGER,1,1,Pattern,"CONTICOMFORTCONTACT CC6",1,1,Size,"185/60R15 84H",1,1,Width,185,1,1,Profile,60,1,1,Diameter,15,1,1,"Load Index",84,1,1,"Speed Rating",H,1,1,,,,,,,"Continental ContiSportContact","Continental ContiSportContact 6 Tyre | High Speed Grip","Buy Continental ContiSportContact 6 tyres for high-speed stability, precise handling & superior grip. Ideal for performance cars & smooth driving.",60,60,1,"CONTICOMFORTCONTACT CC6","185/60R15 84H",1785223689,synced,1787541457,sync-and-show,approved,yes,yes,,,product,,,,,,,,,
1372,simple,,,"BRIDGESTONE  ECOPIA EP300- 11003016",1,0,visible,,"<strong>The Ecopia EP300 is engineered for superior performance, giving you better safety and increased savings. Using low rolling resistance technology to consume less fuel to power the tyre forward, the EP300 is a saving for your back pocket and the environment:</strong>\n<ul>\n<li>Low rolling resistance for better fuel efficiency\nEnhanced wet grip performance for safety\nImproved design for longer lasting life</li>\n<li>Optimised crown shape\nThis ensures more even contact pressure between the tyre and road surface, which contributes to better rolling resistance, wet grip and wear life.</li>\n<li>Chamfering\nRounding the block edges of the tyres prevents deformation, boosting braking performance in both wet and dry conditions</li>\n<li>Nano Pro-Tech™ rubber\nThe cutting-edge compound contributes to improved wet grip and reduced rolling resistance. The EP300 has improved rolling resistance compared to its predecessor. This is due to its high‑dispersing silica that not only increases the contact area, but reduces energy loss</li>\n<li>Superior wet braking\nThe Ecopia EP300’s improved grip levels mean a shorter braking distance on wet road surfaces. In a wet braking test a vehicle’s stopping distance is measured from a speed of 80km/h in 2mm depth of standing water*</li>\n</ul>\n\n\n",,,taxable,,1,,,0,0,,,,,0,,,215.36,Tyres,"185/60R15 84V",,https://www.tiromobiletyres.com.au/wp-content/uploads/2026/07/BRIDGESTONE.png,,,,,,,,,0,BRIDGESTONE,"Product IP",11003016,1,1,"Tyre Type",PCR,1,1,Pattern,"ECOPIA EP300",1,1,Size,"185/60R13 84V",1,1,Width,185,1,1,Profile,60,1,1,Diameter,15,1,1,"Load Index",84,1,1,"Speed Rating",V,1,1,,,,,,,,,,,90,1,"ECOPIA EP300","185/60R13 84V",1785224109,synced,1787541457,sync-and-show,approved,yes,yes,,,product,,,,,,,,,
1373,simple,,,BUDGET-BUD0028,1,0,visible,,"</strong>FEATURES:</strong>\n<ul class=""list"">\n<li>Optimized pitch variance design & tread formula with high silica rubber reduces noise, innovative grip, improved mileage as well</li>\n<li>4 straight grooves provide excellent smooth water dispersion and high levels of wet handling</li>\n<li>Three solid longitudinal ribs improved braking and linear stability during high speed</li>\n</ul>\n\n",,,taxable,,1,,,0,0,,,,,0,,,85.00,Tyres,"185/60R15 88V",,https://www.tiromobiletyres.com.au/wp-content/uploads/2026/07/TMT2.png,,,,,,,,,0,BUDGET,Size,"185/60R15 88V",1,1,Width,185,1,1,Profile,60,1,1,Diameter,15,1,1,"Load Index",88,1,1,"Speed Rating",V,1,1,"Product IP",BUD0028,1,0,,,,,,,,,,,,,1747,15,"GOLDWAY R828","Goldway R828 Tyre | Affordable Performance & Grip","Shop Goldway tyres in Melbourne for budget-friendly performance, strong grip & durability. Ideal for SUVs & cars with reliable everyday driving.",49,90,1,R828,"185/60R15 88V",1785224466,synced,1787541457,sync-and-show,approved,yes,yes,,,product,,,,,,,,,2026-03-06
1374,simple,,,"FALKEN  SN832A- AU10327692",1,0,visible,,,,,taxable,,1,,,0,0,,,,,1,,,180.14,Tyres,"185/65R15 88H",,https://www.tiromobiletyres.com.au/wp-content/uploads/2026/07/FALKEN.png,,,,,,,,,0,FALKEN,"Product IP",AU10327692,1,1,Pattern,SN832A,1,1,Size,"185/65R15 88H",1,1,Width,185,1,1,Profile,65,1,1,Diameter,15,1,1,"Load Index",88,1,1,"Speed Rating",H,1,1,,,,,,,,,,,,,,,90,1,SN832A,"185/65R15 88H",1785224804,has-errors,1785374731,sync-and-show,,yes,yes,,,product,,,,,,,,fa9982859c11de8b40d6dd5d62561fa0,
1375,simple,,,BUDGET-BUD0029,1,0,visible,,"</strong>FEATURES:</strong>\n<ul class=""list"">\n<li>Special profile design has been adopted to increase tyre rigidity and driving comfort, high-speed stability and safety</li>\n<li>Pitch pattern designed by computer-simulated calculation reduces the noise generation</li>\n<li>Innovative tread compound provides better all-season grip, lower rolling resistance and improved mileage</li>\n</ul>\n\n",,,taxable,,1,,,0,0,,,,,0,,,85.00,Tyres,"185/65R15 88H",,https://www.tiromobiletyres.com.au/wp-content/uploads/2026/07/TMT2.png,,,,,,,,,0,BUDGET,Size,"185/65R15 88H",1,1,Width,185,1,1,Profile,65,1,1,Diameter,15,1,1,"Load Index",88,1,1,"Speed Rating",H,1,1,"Product IP",BUD0029,1,0,,,,,,,,,,,,,1747,15,"GOLDWAY R828","Goldway R828 Tyre | Affordable Performance & Grip","Shop Goldway tyres in Melbourne for budget-friendly performance, strong grip & durability. Ideal for SUVs & cars with reliable everyday driving.",49,90,1,R828,"185/65R15 88H",1785224993,synced,1787541457,sync-and-show,approved,yes,yes,,,product,,,,,,,,,2026-03-06
1376,simple,,,"ZETA  ALVENTI-ZETAMS03.017.02",1,0,visible,,"<strong>FEATURES:</strong>\n<ul>\n<li>Optimized pitch variance design & tread formula with high silica rubber reduces noise, innovative grip, improved mileage as well</li>\n<li>4 straight grooves provide excellent smooth water dispersion and high levels of wet handling</li>\n<li>Three solid longitudinal ribs improved braking and linear stability during high speed</li>\n</ul>\n",,,taxable,,1,,,0,0,,,,,0,,,98.00,Tyres,"195/50R15 82V",,https://www.tiromobiletyres.com.au/wp-content/uploads/2026/07/ZETA.png,,,,,,,,,0,ZETA,"Product IP",ZETAMS03.017.02,1,0,Type,PCR,1,0,Pattern,ALVENTI,1,0,Size,"195/50R15 82V",1,1,Width,195,1,1,Profile,50,1,1,Diameter,15,1,1,"Load Index",82,1,1,"Speed Rating",V,1,1,,,,,37,15,"GOLDWAY R828","Goldway R828 Tyre | Affordable Performance & Grip","Shop Goldway tyres in Melbourne for budget-friendly performance, strong grip & durability. Ideal for SUVs & cars with reliable everyday driving.",49,90,1,ALVENTI,"195/50R15 82V",1785225424,synced,1787541457,sync-and-show,approved,yes,yes,,,product,,,,,,,,,2026-03-06
1377,simple,,,BUDGET-BUD0030,1,0,visible,,"</strong>FEATURES:</strong>\n<ul class=""list"">\n<li>Optimized pitch variance design & tread formula with high silica rubber reduces noise, innovative grip, improved mileage as well</li>\n<li>4 straight grooves provide excellent smooth water dispersion and high levels of wet handling</li>\n<li>Three solid longitudinal ribs improved braking and linear stability during high speed</li>\n</ul>\n\n",,,taxable,,1,,,0,0,,,,,0,,,84.00,Tyres,"195/50R15 82V",,https://www.tiromobiletyres.com.au/wp-content/uploads/2026/07/TMT2.png,,,,,,,,,0,BUDGET,Size,"195/50R15 82V",1,1,Width,195,1,1,Profile,50,1,1,Diameter,15,1,1,"Load Index",82,1,1,"Speed Rating",V,1,1,"Product IP",BUD0030,1,0,,,,,,,,,,,,,1747,15,"GOLDWAY R828","Goldway R828 Tyre | Affordable Performance & Grip","Shop Goldway tyres in Melbourne for budget-friendly performance, strong grip & durability. Ideal for SUVs & cars with reliable everyday driving.",49,90,1,R828,"195/50R15 82V",1785225542,synced,1787541457,sync-and-show,approved,yes,yes,,,product,,,,,,,,,2026-03-06
1378,simple,,,"VIKING  PROTECH PT6 - 15623410000",1,0,visible,,,,,taxable,,1,,,0,0,,,,,1,,,114.10,Tyres,1856514,,https://www.tiromobiletyres.com.au/wp-content/uploads/2026/07/viking.png,,,,,,,,,0,VIKING,"Product IP",15623410000,1,1,"Tyre Type",PASSENGER,1,1,Pattern,"PROTECH PT6",1,1,Size,"195/50R15 82V",1,1,Width,195,1,1,Profile,50,1,1,Diameter,15,1,1,"Load Index",82,1,1,"Speed Rating",V,1,1,,,,,,,,,,,90,1,"PROTECH PT6","195/50R15 82V",1785226539,has-errors,1785374731,sync-and-show,approved,yes,yes,,,product,,,,,,,,30330d657a1760e0f9a576091823204c,
1380,simple,,,"KUMHO  ECSTA HS52-2303363",1,0,visible,,"'\n\n\n",,,taxable,,1,,,0,0,,,,,0,,,126.00,Tyres,"195/50R15 82V",,https://www.tiromobiletyres.com.au/wp-content/uploads/2026/07/KUMHO.png,,,,,,,,,0,KUMHO,"Product IP",2303363,1,1,"Tyre Type",PCR,1,1,Pattern,"ECSTA HS52",1,1,Size,"195/50R15 82V",1,1,Width,195,1,1,Profile,50,1,1,Diameter,15,1,1,"Load Index",82,1,1,"Speed Rating",V,1,1,,,,,,,,,,,90,1,"ECSTA HS52","195/50R15 82V",1785227096,synced,1787541457,sync-and-show,approved,yes,yes,,,product,,,,,,,,,
1381,simple,,,"CONTINENTAL  COMFORTCONTACT CC7- 03128190008",1,0,visible,,"<strong>features:</strong>\n<ul>\n<li>N/A</li>\n</ul>\n\n",,,taxable,,1,,,0,0,,,,,0,,,155.49,Tyres,"195/50R15 82V",,https://www.tiromobiletyres.com.au/wp-content/uploads/2026/07/CONTINENTAL.png,,,,,,,,,0,CONTINENTAL,"Product IP",03128190008,1,1,"Tyre Type",PASSENGER,1,1,Pattern,"COMFORTCONTACT CC7",1,1,Size,"195/50R15 82V",1,1,Width,195,1,1,Profile,50,1,1,Diameter,15,1,1,"Load Index",82,1,1,"Speed Rating",V,1,1,,,,,,,"Continental ContiSportContact","Continental ContiSportContact 6 Tyre | High Speed Grip","Buy Continental ContiSportContact 6 tyres for high-speed stability, precise handling & superior grip. Ideal for performance cars & smooth driving.",54,90,1,"COMFORTCONTACT CC7","195/50R15 82V",1785227398,synced,1787541457,sync-and-show,approved,yes,yes,,,product,,,,,,,,,
1382,simple,,,"HANKOOK  VENTUS RS4 Z232-1021829",1,0,visible,,"<strong>Summer:</strong>\n<ul>\n<li>Ultimate performance for street and circuit driving applications. The successor of the Ventus R-S3. The Ventus R-S4 features an aggressive direction pattern and optimised tread contact rate per block to provide tyre stability for performance driving use.</li>\n</ul>\n\n\n\n\n",,,taxable,,1,,,0,0,,,,,0,,,160.00,Tyres,"195/50R15 86V",,https://www.tiromobiletyres.com.au/wp-content/uploads/2026/07/Hankook.png,,,,,,,,,0,HANKOOK,"Product IP",1021829,1,1,"Tyre Type",UHP,1,1,Pattern,"VENTUS RS4 Z232",1,1,Size,"195/50R15 86V",1,1,Width,195,1,1,Profile,50,1,1,Diameter,15,1,1,"Load Index",86,1,1,"Speed Rating",V,1,1,,,,,,,,,,,90,1,"VENTUS RS4 Z232","195/50R15 86V",1785227682,synced,1787541457,sync-and-show,approved,yes,yes,,,product,,,,,,,,,
1388,simple,,,"BUDGET- BUD0031",1,0,visible,,"New designed Asymmetric tread pattern , enhanced UHP tyre block stiffness for heavy loads, and ensure vehicle has been controlled perfect under any road conditions.\n\n<strong>KEY FEATURES:</strong>\n<ul>\n<li>Optimized pitch variance design & tread formula with high silica rubber reduces noise, innovative grip, improved mileage as well.</li>\n<li>4 straight grooves provide excellent smooth water dispersion and high levels of wet handling.</li>\n<li>Three solid longitudinal ribs improved braking and linear stability during high speed.</li>\n</ul>\n",,,taxable,,1,,,0,0,,,,,0,,,90.01,Tyres,"195/55R15 85V",,https://www.tiromobiletyres.com.au/wp-content/uploads/2026/07/TMT-15-Rim-2.png,,,,,,,,,0,BUDGET,"Tyre Type",PCR,1,1,Size,"195/55R15 85V",1,1,Width,195,1,1,Profile,55,1,1,Diameter,15,1,1,"Load Index",85,1,1,"Speed Rating",V,1,1,,,,,,,,,,,,,1747,,,,,,90,1,ALVENTI,"195/55R15 85V",1785918462,synced,1788145493,sync-and-show,approved,yes,yes,,,product,,,,,,,,,
1389,simple,,,"GENERAL  ALTIMAX GS5- 1549885",1,0,visible,,"'\n",,,taxable,,1,,,0,0,,,,,0,,,130.00,Tyres,"195/55R15 85V",,https://www.tiromobiletyres.com.au/wp-content/uploads/2026/07/GENERAL.png,,,,,,,,,0,GENERAL,"Product IP",1549885,1,0,"Tyre Type",PCR,1,1,Pattern,"ALTIMAX GS5",1,0,Size,"195/55R15 85V",1,1,Width,195,1,1,Profile,55,1,1,Diameter,15,1,1,"Load Index",85,1,1,"Speed Rating",V,1,1,,,,,47,,,,,,90,1,"ALTIMAX GS5","195/55R15 85V",1785918754,synced,1788145493,sync-and-show,approved,yes,yes,,,product,,,,,,,,,
1390,simple,,,"GENERAL  ALTIMAX GS5- 15498830000",1,0,visible,,,,,taxable,,1,,,0,0,,,,,0,,,132.75,Tyres,"195/60R15 88V",,https://www.tiromobiletyres.com.au/wp-content/uploads/2026/07/GENERAL.png,,,,,,,,,0,GENERAL,"Product IP",15498830000,1,0,"Tyre Type",PASSENGER,1,1,Pattern,"ALTIMAX GS5",1,0,Size,"195/60R15 88V",1,1,Width,195,1,1,Profile,60,1,1,Diameter,15,1,1,"Load Index",88,1,1,"Speed Rating",V,1,1,,,,,47,,,,,,90,1,"ALTIMAX GS5","195/60R15 88V",1785922378,has-errors,1785922378,sync-and-show,approved,yes,yes,,,product,,,,,,,,75494824e697bb0fdd733f41ebcee869,
1391,simple,,,"BRIDGESTONE  ECOPIA EP300- 11003047",1,0,visible,,"<strong>The Ecopia EP300 is engineered for superior performance, giving you better safety and increased savings. Using low rolling resistance technology to consume less fuel to power the tyre forward, the EP300 is a saving for your back pocket and the environment:</strong>\n<ul>\n<li>Low rolling resistance for better fuel efficiency\nEnhanced wet grip performance for safety\nImproved design for longer lasting life</li>\n<li>Optimised crown shape\nThis ensures more even contact pressure between the tyre and road surface, which contributes to better rolling resistance, wet grip and wear life.</li>\n<li>Chamfering\nRounding the block edges of the tyres prevents deformation, boosting braking performance in both wet and dry conditions</li>\n<li>Nano Pro-Tech™ rubber\nThe cutting-edge compound contributes to improved wet grip and reduced rolling resistance. The EP300 has improved rolling resistance compared to its predecessor. This is due to its high‑dispersing silica that not only increases the contact area, but reduces energy loss</li>\n<li>Superior wet braking\nThe Ecopia EP300’s improved grip levels mean a shorter braking distance on wet road surfaces. In a wet braking test a vehicle’s stopping distance is measured from a speed of 80km/h in 2mm depth of standing water*</li>\n</ul>\n\n\n",,,taxable,,1,,,0,0,,,,,0,,,188.94,Tyres,"195/60R15 88V",,https://www.tiromobiletyres.com.au/wp-content/uploads/2026/07/BRIDGESTONE.png,,,,,,,,,0,BRIDGESTONE,"Product IP",11003047,1,1,"Tyre Type",PCR,1,1,Pattern,"ECOPIA EP300",1,1,Size,"195/60R15 88V",1,1,Width,195,1,1,Profile,60,1,1,Diameter,15,1,1,"Load Index",88,1,1,"Speed Rating",V,1,1,,,,,,,,,,,90,2,"ECOPIA EP300","195/60R15 88V",1785923558,synced,1788145493,sync-and-show,approved,yes,yes,,,product,,,,,,,,,
1392,simple,,,"BUDGET - BUD0032",1,0,visible,,"<strong>FEATURES:</strong>\n<ul>\n<li>Special profile design has been adopted to increase tyre rigidity and driving comfort, high-speed stability and safety.</li>\n<li>Pitch pattern designed by computer-simulated calculation reduces the noise generation.</li>\n<li>Innovative tread compound provides better all-season grip, lower rolling resistance and improved mileage.</li>\n</ul>\n\n\n",,,taxable,,1,,,0,0,,,,,1,,,90.99,Tyres,"195/60R15 88V",,https://www.tiromobiletyres.com.au/wp-content/uploads/2026/07/TMT-15-Rim-2.png,,,,,,,,,0,BUDGET,"Product IP",BUD0032,1,1,Size,"195/60R15 88V",1,1,Width,195,1,1,Profile,60,1,1,Diameter,15,1,1,"Load Index",88,1,1,"Speed Rating",V,1,1,,,,,,,,,,,,,1747,,,,,,90,1,ZTR50,"195/60R15 88V",1785923781,synced,1788145493,sync-and-show,approved,yes,yes,,,product,,,,,,,,,
1393,simple,,,"KUMHO  SOLUS TA21-2375103",1,0,visible,,"'\n\n",,,taxable,,1,,,0,0,,,,,0,,,135.00,Tyres,"195/65R15 91H",,https://www.tiromobiletyres.com.au/wp-content/uploads/2026/07/KUMHO.png,,,,,,,,,0,KUMHO,"Product IP",2375103,1,1,"Tyre Type",PCR,1,1,Pattern,"SOLUS TA21",1,1,Size,"195/65R15 91H",1,1,Width,195,1,1,Profile,65,1,1,Diameter,15,1,1,"Load Index",91,1,1,"Speed Rating",H,1,1,,,,,,,,,,,90,1,"SOLUS TA21","195/65R15 91H",1786010003,synced,1788231892,sync-and-show,approved,yes,yes,,,product,,,,,,,,,
1394,simple,,,"HANKOOK  KINERGY ECO2 K435-1022292",1,0,visible,,"<strong>Summer:</strong>\n<ul>\n<li>The smart choice for driver and environment</li>\n</ul>\n\n\n\n\n",,,taxable,,1,,,0,0,,,,,0,,,147.42,Tyres,"195/65R15 91H",,https://www.tiromobiletyres.com.au/wp-content/uploads/2026/07/Hankook.png,,,,,,,,,0,HANKOOK,"Product IP",1022292,1,1,"Tyre Type","PASS (PER)",1,1,Pattern,"KINERGY ECO2 K435",1,1,Size,"195/65R15 91H",1,1,Width,195,1,1,Profile,65,1,1,Diameter,15,1,1,"Load Index",91,1,1,"Speed Rating",H,1,1,,,,,,,,,,,90,1,"KINERGY ECO2 K435","195/65R15 91H",1786010455,synced,1788231892,sync-and-show,approved,yes,yes,,,product,,,,,,,,,
1395,simple,,,"PIRELLI  POWERGY- 4005200",1,0,visible,"'\n","<strong>The smart & safe choice:</strong>\n<ul class=""list"">\n<li>Powergy is the new Pirelli Summer line for cars and SUVs. It’s the smart choice for drivers looking for safety and green performance with a low environmental impact</li>\n<li>With high levels of wet grip (EU Label Wet Grip A Rating on full range) and braking, Powergy helps to provides precise handling in all road conditions and reduces the risk of aquaplaning</li>\n<li>The low rolling resistance ensures low fuel consumption and high levels of comfort</li>\n</ul>",,,taxable,,1,,,0,0,,,,,1,,,182.33,Tyres,"195/65R15 91V",,https://www.tiromobiletyres.com.au/wp-content/uploads/2026/07/PIRELLI.png,,,,,,,,,0,PIRELLI,"Product IP",4005200,1,1,"Tyre Type",CAR,1,1,Pattern,POWERGY,1,1,Size,"195/65R15 91V",1,1,Width,195,1,1,Profile,65,1,1,Diameter,15,1,1,"Load Index",91,1,1,"Speed Rating",V,1,1,,,,,,,"Pirelli Cinturato P7","Pirelli Cinturato P7 Tyre | Fuel Efficient & Comfort Ride","Buy Pirelli Cinturato P7 tyres for fuel efficiency, strong grip and smooth, comfortable driving. Ideal for everyday road use with reliable performance and safety.",54,90,1,POWERGY,"195/65R15 91V",1786011006,synced,1788231892,sync-and-show,approved,yes,yes,,,product,,,,,,,,,
1396,simple,,,"BRIDGESTONE  ECOPIA EP300- 11003018",1,0,visible,,"<strong>The Ecopia EP300 is engineered for superior performance, giving you better safety and increased savings. Using low rolling resistance technology to consume less fuel to power the tyre forward, the EP300 is a saving for your back pocket and the environment:</strong>\n<ul>\n<li>Low rolling resistance for better fuel efficiency\nEnhanced wet grip performance for safety\nImproved design for longer lasting life</li>\n<li>Optimised crown shape\nThis ensures more even contact pressure between the tyre and road surface, which contributes to better rolling resistance, wet grip and wear life.</li>\n<li>Chamfering\nRounding the block edges of the tyres prevents deformation, boosting braking performance in both wet and dry conditions</li>\n<li>Nano Pro-Tech™ rubber\nThe cutting-edge compound contributes to improved wet grip and reduced rolling resistance. The EP300 has improved rolling resistance compared to its predecessor. This is due to its high‑dispersing silica that not only increases the contact area, but reduces energy loss</li>\n<li>Superior wet braking\nThe Ecopia EP300’s improved grip levels mean a shorter braking distance on wet road surfaces. In a wet braking test a vehicle’s stopping distance is measured from a speed of 80km/h in 2mm depth of standing water*</li>\n</ul>\n\n\n",,,taxable,,1,,,0,0,,,,,0,,,190.73,Tyres,"195/65R15 91V",,https://www.tiromobiletyres.com.au/wp-content/uploads/2026/07/BRIDGESTONE.png,,,,,,,,,0,BRIDGESTONE,"Product IP",11003018,1,1,"Tyre Type",PCR,1,1,Pattern,"ECOPIA EP300",1,1,Size,"195/65R15 91V",1,1,Width,195,1,1,Profile,65,1,1,Diameter,15,1,1,"Load Index",91,1,1,"Speed Rating",V,1,1,,,,,,,,,,,90,2,"ECOPIA EP300","195/65R15 91V",1786011237,synced,1788231892,sync-and-show,approved,yes,yes,,,product,,,,,,,,,
1397,simple,,,"BUDGET- BUD0033",1,0,visible,"New designed Asymmetric tread pattern , enhanced UHP tyre block stiffness for heavy loads, and ensure vehicle has been controlled perfect under any road conditions.\n\n<strong>KEY FEATURES:</strong>\n<ul class=""list"">\n<li>Optimized pitch variance design & tread formula with high silica rubber reduces noise, innovative grip, improved mileage as well.</li>\n<li>4 straight grooves provide excellent smooth water dispersion and high levels of wet handling.</li>\n<li>Three solid longitudinal ribs improved braking and linear stability during high speed.</li>\n</ul>",,,,taxable,,1,,,0,0,,,,,1,,,99.00,Tyres,"195/65R15 95H",,https://www.tiromobiletyres.com.au/wp-content/uploads/2026/07/TMT-15-Rim-2.png,,,,,,,,,0,BUDGET,"Product IP",BUD0033,1,1,"Tyre Type",PASSENGER,1,1,Size,"195/65R15 95H",1,1,Width,195,1,1,Profile,65,1,1,Diameter,15,1,1,"Load Index",95,1,1,"Speed Rating",H,1,1,"Rim Size",R15,1,1,,,,,1747,,"Zeta Alventi","Zeta Alventi Tyre | Budget Grip & Smooth Everyday Ride","Buy Zeta Alventi tyres for strong grip, smooth handling and low noise. A budget‑friendly choice for reliable performance and comfort on daily drives.",56,90,1,ALVENTI,"195/65R15 95H",1786011554,synced,1788231892,sync-and-show,approved,,,,,,,,,,,,,,
1399,simple,,,"BUDGET- BUD0034",1,0,visible,"New designed Asymmetric tread pattern , enhanced UHP tyre block stiffness for heavy loads, and ensure vehicle has been controlled perfect under any road conditions.\n\n<strong>KEY FEATURES:</strong>\n<ul class=""list"">\n<li>Optimized pitch variance design & tread formula with high silica rubber reduces noise, innovative grip, improved mileage as well.</li>\n<li>4 straight grooves provide excellent smooth water dispersion and high levels of wet handling.</li>\n<li>Three solid longitudinal ribs improved braking and linear stability during high speed.</li>\n</ul>",,,,taxable,,1,,,0,0,,,,,1,,,99.00,Tyres,"205/60R15 91V",,https://www.tiromobiletyres.com.au/wp-content/uploads/2026/07/TMT-15-Rim-2.png,,,,,,,,,0,BUDGET,"Product IP","BUD0033, BUD0034",1,1,"Tyre Type",PASSENGER,1,1,Size,"205/60R15 91V",1,1,Width,205,1,1,Profile,60,1,1,Diameter,15,1,1,"Load Index",91,1,1,"Speed Rating",V,1,1,"Rim Size",R15,1,1,,,,,1747,,"Zeta Alventi","Zeta Alventi Tyre | Budget Grip & Smooth Everyday Ride","Buy Zeta Alventi tyres for strong grip, smooth handling and low noise. A budget‑friendly choice for reliable performance and comfort on daily drives.",56,90,1,ALVENTI,"205/60R15 91V",1786107034,synced,1788318150,sync-and-show,approved,yes,yes,,,product,,,,,,,,,
1400,simple,,,"BUDGET- BUD0034 (Copy)",-1,0,visible,"New designed Asymmetric tread pattern , enhanced UHP tyre block stiffness for heavy loads, and ensure vehicle has been controlled perfect under any road conditions.\n\n<strong>KEY FEATURES:</strong>\n<ul class=""list"">\n<li>Optimized pitch variance design & tread formula with high silica rubber reduces noise, innovative grip, improved mileage as well.</li>\n<li>4 straight grooves provide excellent smooth water dispersion and high levels of wet handling.</li>\n<li>Three solid longitudinal ribs improved braking and linear stability during high speed.</li>\n</ul>",,,,taxable,,1,,,0,0,,,,,1,,,99.00,Tyres,"205/60R15 91V",,https://www.tiromobiletyres.com.au/wp-content/uploads/2026/07/TMT-15-Rim-2.png,,,,,,,,,0,BUDGET,"Product IP","BUD0033, BUD0034",1,1,"Tyre Type",PASSENGER,1,1,Size,"205/60R15 91V",1,1,Width,205,1,1,Profile,60,1,1,Diameter,15,1,1,"Load Index",91,1,1,"Speed Rating",V,1,1,"Rim Size",R15,1,1,,,,,1747,,"Zeta Alventi","Zeta Alventi Tyre | Budget Grip & Smooth Everyday Ride","Buy Zeta Alventi tyres for strong grip, smooth handling and low noise. A budget‑friendly choice for reliable performance and comfort on daily drives.",56,90,1,ALVENTI,"205/60R15 91V",1786107034,,,sync-and-show,,yes,yes,,,product,,,,,,,,,
1401,simple,,,"BUDGET - BUD0035",1,0,visible,,"New designed Asymmetric tread pattern , enhanced UHP tyre block stiffness for heavy loads, and ensure vehicle has been controlled perfect under any road conditions.\n\n<strong>FEATURES:</strong>\n<ul>\n<li>Optimized pitch variance design & tread formula with high silica rubber reduces noise, innovative grip, improved mileage as well.</li>\n<li>4 straight grooves provide excellent smooth water dispersion and high levels of wet handling.</li>\n<li>Three solid longitudinal ribs improved braking and linear stability during high speed.</li>\n</ul>\n\n\n",,,taxable,,1,,,0,0,,,,,1,,,107.09,Tyres,"205/65R15 94H",,https://www.tiromobiletyres.com.au/wp-content/uploads/2026/07/TMT-15-Rim-2.png,,,,,,,,,0,BUDGET,"Product IP",BUD0035,1,1,"Tyre Type",PCR,1,1,Size,"205/65R15 94H",1,1,Width,205,1,1,Profile,65,1,1,Diameter,15,1,1,"Load Index",94,1,1,"Speed Rating",H,1,1,,,,,,,,,1747,,,,,,90,1,ALVENTI,"205/65R15 94H",1786107941,synced,1788318150,sync-and-show,approved,yes,yes,,,product,,,,,,,,,
1402,simple,,,"NEXEN  N'BLUE HD PLUS - 18643NXK",1,0,visible,,"<strong>FEATURES:</strong>\n<ul>\n<li>N/A</li>\n</ul>",,,taxable,,1,,,0,0,,,,,1,,,141.50,Tyres,"215/60R15 94H",,https://www.tiromobiletyres.com.au/wp-content/uploads/2026/07/NEXEN.png,,,,,,,,,0,NEXEN,"Product IP",18643NXK,1,1,Pattern,"N'BLUE HD PLUS",1,1,Size,"215/60R15 94H",1,1,Width,215,1,1,Profile,60,1,1,Diameter,15,1,1,"Load Index",94,1,1,"Speed Rating",H,1,1,,,,,,,,,,,"NEXEN ROADIAN HP","Nexen Roadian HP Tyre | Durable SUV Performance Tyres","Buy Nexen Roadian HP tyres for reliable SUV performance, strong grip & long tread life. Ideal for smooth, safe driving with great value.",56,90,1,"N'BLUE HD PLUS","215/60R15 94H",1786110872,synced,1788318150,sync-and-show,approved,yes,yes,,,product,,,,,,,,,
1403,simple,,,"TOLEDO  RAGNAR R9- 117.007.02",1,0,visible,,,,,taxable,,1,,,0,0,,,,,0,,,174.10,Tyres,"235/75R15 109Q",,https://www.tiromobiletyres.com.au/wp-content/uploads/2026/01/TOLEDO-RAGNAR-R9-img.jpg,,,,,,,,,0,TOLEDO,"Product IP",117.007.02,1,1,"Tyre Type",R/T,1,1,Pattern,"RAGNAR R9",1,1,Size,"235/75R15 109Q",1,1,Width,235,1,1,Profile,75,1,1,Diameter,15,1,1,"Load Index",109,1,1,"Speed Rating",Q,1,1,,,,,,,,,,,90,1,"RAGNAR R9","235/75R15 109Q",1786112337,has-errors,,sync-and-show,,yes,yes,,,product,,,,,,,,,
1404,simple,,,"FALKEN  WILDPEAK AT4 - AU10356521",1,0,visible,,,,,taxable,,1,,,0,0,,,,,0,,,275.00,Tyres,"235/75/15 116113R",,https://www.tiromobiletyres.com.au/wp-content/uploads/2025/12/FALKEN-WILDPEAK-AT-AT3W-img.jpg,,,,,,,,,0,FALKEN,"Product IP",AU10356521,1,1,"Tyre Type",4X4,1,1,Pattern,"WILDPEAK AT4W",1,1,Size,"235/75/15 116113R",1,1,Width,235,1,1,Profile,75,1,1,Diameter,15,1,1,"Load Index",116/113,1,1,"Speed Rating",R,1,1,,,,,,15,,,,,90,1,"WILDPEAK AT4W","235/75/15 116113R",1786112850,has-errors,,sync-and-show,,yes,yes,,,product,,,,,,,,,
1405,simple,,,"BRIDGESTONE  DUELER A/T D697- 11000899",1,0,visible,,"<strong>The ultimate 4WD all terrain tyre, designed and tested to withstand Australia’s harshest outback conditions.Its proven superior wear life and better resistance to cutting and chipping make it the number one choice for all terrain adventuring. Dueler is tough enough to bring you back\n:</strong>\n<ul>\n<li>Longer wear life on and off road</li>\n<li>Tougher construction for superior puncture resistance</li>\n<li>Quiet, comfortable ride on any terrain</li>\n</ul>\n\n\n",,,taxable,,1,,,0,0,,,,,0,,,306.80,Tyres,"235/75R15 110S",,https://www.tiromobiletyres.com.au/wp-content/uploads/2026/07/BRIDGESTONE.png,,,,,,,,,0,BRIDGESTONE,"Product IP",11000899,1,1,"Tyre Type",4X4,1,1,Pattern,"DUELER A/T D697",1,1,Size,"235/75R15 110S",1,1,Width,235,1,1,Profile,75,1,1,Diameter,15,1,1,"Load Index",110,1,1,"Speed Rating",S,1,1,,,,,,,,,,,90,2,"DUELER A/T D697","235/75R15 110S",1786113222,synced,1788318150,sync-and-show,approved,yes,yes,,,product,,,,,,,,,
1406,simple,,,"BUDGET- BUD0036",1,0,visible,,"<strong>Features:</strong>\n<ul>\n<li>5-row aggressive tread pattern designed for supreme grip, helped by having self-cleaning tread lugs.</li>\n<li>The blocks are set in offset arrangement, thereby generating extremely low noise levels.</li>\n<li>Tractive zigzag grooves to give added traction, giving prompt steering response and mobility and grip on any loose or muddy surface.</li>\n</ul>",,,taxable,,1,,,0,0,,,,,0,,,158.03,Tyres,"235/75R15 110/110S",,https://www.tiromobiletyres.com.au/wp-content/uploads/2026/07/TMT-15-Rim-2.png,,,,,,,,,0,BUDGET,"Product IP","BUD0036, ZTAMS027",1,1,"Tyre Type","LIGHT TRUCK",1,1,Pattern,TOLEDO,1,1,Size,"235/75R15 110/110S",1,1,Width,235,1,1,Profile,75,1,1,Diameter,15,1,1,"Load Index",110/110,1,1,"Speed Rating",S,1,1,,,,,1747,,,,,,90,1,TOLEDO,"235/75R15 110/110S",1786113442,synced,1788318150,sync-and-show,approved,yes,yes,,,product,,,,,,,,,
1407,simple,,,BUDGET-BUD0037,1,0,visible,,"The Budget is high-performance tyre designed for the most demanding applications. The tread pattern is designed for fast and safe operation in the A/T segment.",,,taxable,,1,,,0,0,,,,,0,,,169.00,"All Terrian, Tyres","235/75R15 110/110S, A/T",,https://www.tiromobiletyres.com.au/wp-content/uploads/2026/07/TMT-15-Rim-2.png,,,,,,,,,0,BUDGET,"Product IP",BUD0037,1,1,"Tyre Type","LIGHT TRUCK",1,1,Pattern,"ALL TERRAIN",1,1,Size,"235/75R15 110/110S",1,1,Width,235,1,1,Profile,75,1,1,Diameter,15,1,1,"Load Index",110/110,1,1,"Speed Rating",S,1,1,,,,,1747,,,,,,90,1,"ALL TERRAIN","235/75R15 110/110S",1786113776,synced,1788318150,sync-and-show,approved,yes,yes,,,product,,,,,,,,,
1408,simple,,,"BRIDGESTONE  DUELER A/T D697- 704590",1,0,visible,,"<strong>The ultimate 4WD all terrain tyre, designed and tested to withstand Australia’s harshest outback conditions.Its proven superior wear life and better resistance to cutting and chipping make it the number one choice for all terrain adventuring. Dueler is tough enough to bring you back\n:</strong>\n<ul>\n<li>Longer wear life on and off road</li>\n<li>Tougher construction for superior puncture resistance</li>\n<li>Quiet, comfortable ride on any terrain</li>\n</ul>\n\n\n",,,taxable,,1,,,0,0,,,,,0,,,317.91,Tyres,"255/70R15 112S",,https://www.tiromobiletyres.com.au/wp-content/uploads/2026/07/BRIDGESTONE.png,,,,,,,,,0,BRIDGESTONE,"Product IP",704590,1,1,"Tyre Type",SUV,1,1,Pattern,"DUELER A/T D697",1,1,Size,"255/70R15 112S",1,1,Width,255,1,1,Profile,70,1,1,Diameter,15,1,1,"Load Index",112,1,1,"Speed Rating",S,1,1,,,,,,,,,,,90,1,"DUELER A/T D697","255/70R15 112S",1786114109,synced,1788318150,sync-and-show,approved,yes,yes,,,product,,,,,,,,,
1409,simple,,,"SUMAXX  ALL TERRAIN-SNMAXX-027",1,0,visible,,,,,taxable,,1,,,0,0,,,,,0,,,184.00,Tyres,"265/70R15 112T, 4X4",,https://www.tiromobiletyres.com.au/wp-content/uploads/2026/07/SUMAXX.png,,,,,,,,,0,SUMAXX,"Product IP",SNMAXX-027,1,1,"Tyre Type",4X4,1,1,Pattern,"ALL TERRAIN",1,1,Size,"265/70R15 112T",1,1,Width,265,1,1,Profile,70,1,1,Diameter,15,1,1,"Load Index",112,1,1,"Speed Rating",T,1,1,,,,,,15,,,,,90,1,"ALL TERRAIN","265/70R15 112T",1786114358,has-errors,,sync-and-show,,yes,yes,,,product,,,,,,,,,
1410,simple,,,"TOLEDO  RAGNAR R9- 117.007.15",1,0,visible,,,,,taxable,,1,,,0,0,,,,,0,,,195.20,Tyres,"31X10.50R15LT 109Q",,https://www.tiromobiletyres.com.au/wp-content/uploads/2026/01/TOLEDO-RAGNAR-R9-img.jpg,,,,,,,,,0,TOLEDO,"Product IP",117.007.15,1,1,"Tyre Type",R/T,1,1,Pattern,"RAGNAR R9",1,1,Size,"31X10.50R15LT 109Q",1,1,Width,31,1,1,Profile,10.5,1,1,Diameter,15,1,1,"Load Index",109,1,1,"Speed Rating",Q,1,1,,,,,,,,,,,90,1,"RAGNAR R9","31X10.50R15LT 109Q",1786114996,has-errors,,sync-and-show,,yes,yes,,,product,,,,,,,,,
1411,simple,,,"BRIDGESTONE  DUELER A/T D697- 11000922",1,0,visible,,"<strong>The ultimate 4WD all terrain tyre, designed and tested to withstand Australia’s harshest outback conditions.Its proven superior wear life and better resistance to cutting and chipping make it the number one choice for all terrain adventuring. Dueler is tough enough to bring you back\n:</strong>\n<ul>\n<li>Longer wear life on and off road</li>\n<li>Tougher construction for superior puncture resistance</li>\n<li>Quiet, comfortable ride on any terrain</li>\n</ul>\n\n\n",,,taxable,,1,,,0,0,,,,,0,,,298.59,Tyres,"31X10.5R15 109S",,https://www.tiromobiletyres.com.au/wp-content/uploads/2026/07/BRIDGESTONE.png,,,,,,,,,0,BRIDGESTONE,"Product IP",11000922,1,1,"Tyre Type",4X4,1,1,Pattern,"DUELER A/T D697",1,1,Size,"31X10.5R15 109S",1,1,Width,31,1,1,Profile,10.5,1,1,Diameter,15,1,1,"Load Index",109,1,1,"Speed Rating",S,1,1,,,,,,,,,,,90,1,"DUELER A/T D697","31X10.5R15 109S",1786115414,synced,1788318150,sync-and-show,approved,yes,yes,,,product,,,,,,,,,
1412,simple,,,"ZETA  ZTR50-ZETAMS03.108.01",1,0,visible,,"<strong>FEATURES:</strong>\n<ul>\n<li>Special profile design has been adopted to increase tyre rigidity and driving comfort, high-speed stability and safety</li>\n<li>Pitch pattern designed by computer-simulated calculation reduces the noise generation</li>\n<li>Innovative tread compound provides better all-season grip, lower rolling resistance and improved mileage</li>\n</ul>\n",,,taxable,,1,,,0,0,,,,,0,,,89.00,Tyres,"155/65R14 75T",,https://www.tiromobiletyres.com.au/wp-content/uploads/2026/07/ZETA.png,,,,,,,,,0,ZETA,"Product IP",ZETAMS03.108.01,1,0,Type,PCR,1,0,Pattern,ZTR50,1,0,Size,"155/65R14 75T",1,1,Width,155,1,1,Profile,65,1,1,Diameter,14,1,1,"Load Index",75,1,1,"Speed Rating",T,1,1,,,,,37,15,"GOLDWAY R828","Goldway R828 Tyre | Affordable Performance & Grip","Shop Goldway tyres in Melbourne for budget-friendly performance, strong grip & durability. Ideal for SUVs & cars with reliable everyday driving.",52,90,1,ZTR50,"155/65R14 75T",1786117522,synced,1788318150,sync-and-show,approved,yes,yes,,,product,,,,,,,,,2026-03-06
1413,simple,,,BUDGET-BUD0038,1,0,visible,,"<strong>FEATURES:</strong>\n<ul>\n<li>Special profile design has been adopted to increase tyre rigidity and driving comfort, high-speed stability and safety</li>\n<li>Pitch pattern designed by computer-simulated calculation reduces the noise generation</li>\n<li>Innovative tread compound provides better all-season grip, lower rolling resistance and improved mileage</li>\n</ul>\n",,,taxable,,1,,,0,0,,,,,0,,,85.00,Tyres,"155/65R14 75T",,https://www.tiromobiletyres.com.au/wp-content/uploads/2026/08/TMT-14.png,,,,,,,,,0,BUDGET,"Product IP",BUD0037,1,0,Type,PCR,1,0,Size,"155/65R14 75T",1,1,Width,155,1,1,Profile,65,1,1,Diameter,14,1,1,"Load Index",75,1,1,"Speed Rating",T,1,1,,,,,,,,,1747,15,"GOLDWAY R828","Goldway R828 Tyre | Affordable Performance & Grip","Shop Goldway tyres in Melbourne for budget-friendly performance, strong grip & durability. Ideal for SUVs & cars with reliable everyday driving.",52,90,1,ALVENTI,"155/65R14 75T",1786116656,synced,1788318150,sync-and-show,approved,yes,yes,,,product,,,,,,,,,2026-03-06
1415,simple,,,BUDGET-BUD0039,1,0,visible,,"<strong>FEATURES:</strong>\n<ul>\n<li>Special profile design has been adopted to increase tyre rigidity and driving comfort, high-speed stability and safety</li>\n<li>Pitch pattern designed by computer-simulated calculation reduces the noise generation</li>\n<li>Innovative tread compound provides better all-season grip, lower rolling resistance and improved mileage</li>\n</ul>\n",,,taxable,,1,,,0,0,,,,,0,,,85.00,Tyres,"165/55R14 72H",,https://www.tiromobiletyres.com.au/wp-content/uploads/2026/08/TMT-14.png,,,,,,,,,0,BUDGET,"Product IP",BUD0039,1,0,Type,Passenger,1,0,Size,"165/55R14 72H",1,1,Width,165,1,1,Profile,55,1,1,Diameter,14,1,1,"Load Index",72,1,1,"Speed Rating",H,1,1,,,,,,,,,1747,15,"GOLDWAY R828","Goldway R828 Tyre | Affordable Performance & Grip","Shop Goldway tyres in Melbourne for budget-friendly performance, strong grip & durability. Ideal for SUVs & cars with reliable everyday driving.",52,90,1,ALVENTI,"165/55R14 72H",1786116967,synced,1788318150,sync-and-show,approved,yes,yes,,,product,,,,,,,,,2026-03-06
1416,simple,,,"ZETA  ZTR50-ZETAMS03.110.01",1,0,visible,,"<strong>FEATURES:</strong>\n<ul>\n<li>Special profile design has been adopted to increase tyre rigidity and driving comfort, high-speed stability and safety</li>\n<li>Pitch pattern designed by computer-simulated calculation reduces the noise generation</li>\n<li>Innovative tread compound provides better all-season grip, lower rolling resistance and improved mileage</li>\n</ul>\n",,,taxable,,1,,,0,0,,,,,0,,,97.00,Tyres,"165/60R14 75H",,https://www.tiromobiletyres.com.au/wp-content/uploads/2026/07/ZETA.png,,,,,,,,,0,ZETA,"Product IP",ZETAMS03.110.01,1,0,Type,PCR,1,0,Pattern,ZTR50,1,0,Size,"165/60R14 75H",1,1,Width,165,1,1,Profile,60,1,1,Diameter,14,1,1,"Load Index",75,1,1,"Speed Rating",H,1,1,,,,,37,15,"GOLDWAY R828","Goldway R828 Tyre | Affordable Performance & Grip","Shop Goldway tyres in Melbourne for budget-friendly performance, strong grip & durability. Ideal for SUVs & cars with reliable everyday driving.",52,90,1,ZTR50,"165/60R14 75H",1786117241,synced,1788318150,sync-and-show,approved,yes,yes,,,product,,,,,,,,,2026-03-06
1417,simple,,,BUDGET-BUD0040,1,0,visible,,"<strong>FEATURES:</strong>\n<ul>\n<li>Special profile design has been adopted to increase tyre rigidity and driving comfort, high-speed stability and safety</li>\n<li>Pitch pattern designed by computer-simulated calculation reduces the noise generation</li>\n<li>Innovative tread compound provides better all-season grip, lower rolling resistance and improved mileage</li>\n</ul>\n",,,taxable,,1,,,0,0,,,,,0,,,87.00,Tyres,"165/60R14 75H",,https://www.tiromobiletyres.com.au/wp-content/uploads/2026/08/TMT-14.png,,,,,,,,,0,BUDGET,"Product IP",BUD0040,1,0,Type,PCR,1,0,Size,"165/60R14 75H",1,1,Width,165,1,1,Profile,60,1,1,Diameter,14,1,1,"Load Index",75,1,1,"Speed Rating",H,1,1,,,,,,,,,1747,15,"GOLDWAY R828","Goldway R828 Tyre | Affordable Performance & Grip","Shop Goldway tyres in Melbourne for budget-friendly performance, strong grip & durability. Ideal for SUVs & cars with reliable everyday driving.",52,90,1,ZTR50,"165/60R14 75H",1786117349,synced,1788318150,sync-and-show,approved,yes,yes,,,product,,,,,,,,,2026-03-06
1418,simple,,,"BUDGET - BUD0041",1,0,visible,,"<strong>Features:</strong>\n<ul class=""list"">\n<li>Special profile design has been adopted to increase tyre rigidity and driving comfort, high-speed stability and safety.</li>\n<li>Pitch pattern designed by computer-simulated calculation reduces the noise generation.</li>\n<li>Innovative tread compound provides better all-season grip, lower rolling resistance and improved mileage.</li>\n</ul>",,,taxable,,1,,,0,0,,,,,0,,,95.00,Tyres,"165/65R14 79H",,https://www.tiromobiletyres.com.au/wp-content/uploads/2026/08/TMT-14.png,,,,,,,,,0,BUDGET,"Product IP",BUD0041,1,1,"Tyre Type",PCR,1,1,Size,"165/65R14 79H",1,1,Width,165,1,1,Profile,65,1,1,Diameter,14,1,1,"Load Index",79,1,1,"Speed Rating",H,1,1,,,,,,,,,1747,,,,,,90,1,ZTR50,"165/65R14 79H",1786117718,synced,1788318150,sync-and-show,approved,yes,yes,,,product,,,,,,,,,
1419,simple,,,"CONTINENTAL  COMFORTCONTACT CC7- 03128280000",1,0,visible,,"<strong>features:</strong>\n<ul>\n<li>N/A</li>\n</ul>\n\n",,,taxable,,1,,,0,0,,,,,0,,,163.90,Tyres,"165/65R14 79T",,https://www.tiromobiletyres.com.au/wp-content/uploads/2026/07/CONTINENTAL.png,,,,,,,,,0,CONTINENTAL,"Product IP",03128280000,1,1,"Tyre Type",PASSENGER,1,1,Pattern,"COMFORTCONTACT CC7",1,1,Size,"165/65R14 79T",1,1,Width,165,1,1,Profile,65,1,1,Diameter,14,1,1,"Load Index",79,1,1,"Speed Rating",T,1,1,,,,,,,"Continental ContiSportContact","Continental ContiSportContact 6 Tyre | High Speed Grip","Buy Continental ContiSportContact 6 tyres for high-speed stability, precise handling & superior grip. Ideal for performance cars & smooth driving.",58,90,1,"COMFORTCONTACT CC7","165/65R14 79T",1786117952,synced,1788318150,sync-and-show,approved,yes,yes,,,product,,,,,,,,,
1420,simple,,,"BUDGET- BUD0042",1,0,visible,,"<strong>FEATURES:</strong>\n<ul>\n<li>Special profile design has been adopted to increase tyre rigidity and driving comfort, high-speed stability and safety.</li>\n<li>Pitch pattern designed by computer-simulated calculation reduces the noise generation.</li>\n<li>Innovative tread compound provides better all-season grip, lower rolling resistance and improved mileage.</li>\n</ul>\n\n\n",,,taxable,,1,,,0,0,,,,,1,,,87.01,Tyres,"165/70R14 81T",,https://www.tiromobiletyres.com.au/wp-content/uploads/2026/08/TMT-14.png,,,,,,,,,0,BUDGET,"Product IP","BUD0042, ZTAMS325",1,1,"Tyre Type",PCR,1,1,Size,"165/70R14 81T",1,1,Width,165,1,1,Profile,70,1,1,Diameter,14,1,1,"Load Index",81,1,1,"Speed Rating",T,1,1,,,,,,,,,1747,,,,,,90,1,ZTR50,"165/70R14 81T",1786118288,synced,1788318150,sync-and-show,approved,,,,,,,,,,,,,,
1421,simple,,,"KUMHO  SOLUS TA21-2389413",1,0,visible,,"'\n",,,taxable,,1,,,0,0,,,,,0,,,121.52,Tyres,"175/65R14 82H",,https://www.tiromobiletyres.com.au/wp-content/uploads/2026/07/KUMHO.png,,,,,,,,,0,KUMHO,"Product IP",2389413,1,1,"Tyre Type",PCR,1,1,Pattern,"SOLUS TA21",1,1,Size,"175/65R14 82H",1,1,Width,175,1,1,Profile,65,1,1,Diameter,14,1,1,"Load Index",82,1,1,"Speed Rating",H,1,1,,,,,,,,,,,90,1,"SOLUS TA21","175/65R14 82H",1786118855,synced,1788318150,sync-and-show,approved,yes,yes,,,product,,,,,,,,,
1422,simple,,,"CONTINENTAL  COMFORTCONTACT CC7- 0312813",1,0,visible,,"<strong>features:</strong>\n<ul>\n<li>N/A</li>\n</ul>\n\n",,,taxable,,1,,,0,0,,,,,0,,,167.72,Tyres,"175/65R14 82H",,https://www.tiromobiletyres.com.au/wp-content/uploads/2026/07/CONTINENTAL.png,,,,,,,,,0,CONTINENTAL,"Product IP",0312813,1,1,"Tyre Type",PASSENGER,1,1,Pattern,"COMFORTCONTACT CC7",1,1,Size,"175/65R14 82H",1,1,Width,175,1,1,Profile,65,1,1,Diameter,14,1,1,"Load Index",82,1,1,"Speed Rating",H,1,1,,,,,,,"Continental ContiSportContact","Continental ContiSportContact 6 Tyre | High Speed Grip","Buy Continental ContiSportContact 6 tyres for high-speed stability, precise handling & superior grip. Ideal for performance cars & smooth driving.",58,90,1,"COMFORTCONTACT CC7","175/65R14 82H",1786119050,synced,1788318150,sync-and-show,approved,yes,yes,,,product,,,,,,,,,
1423,simple,,,"BRIDGESTONE  ECOPIA EP150- 11003299",1,0,visible,,"<strong>The EP150 is a tyre that truly reflects Bridgestone's advanced technology and commitment to innovation. This low rolling resistance tyre is designed to deliver excellent fuel economy and low noise while maintaining Bridgestone's renowned safety standards.:</strong>\n<ul>\n<li>Excellent braking performance</li>\n<li>Improved fuel efficiency</li>\n<li>Low noise for a quieter, more comfortable ride</li>\n<li>Superior wear resistance</li>\n<li>Exceptional handling in hazardous, wet conditions</li>\n</ul>\n\n\n",,,taxable,,1,,,0,0,,,,,0,,,168.51,Tyres,"175/65R14 82H",,https://www.tiromobiletyres.com.au/wp-content/uploads/2026/07/BRIDGESTONE.png,,,,,,,,,0,BRIDGESTONE,"Product IP",11003299,1,1,"Tyre Type",PCR,1,1,Pattern,"ECOPIA EP150",1,1,Size,"175/65R14 82H",1,1,Width,175,1,1,Profile,65,1,1,Diameter,14,1,1,"Load Index",82,1,1,"Speed Rating",H,1,1,,,,,,,,,,,90,1,"ECOPIA EP150","175/65R14 82H",1786119409,synced,1788318150,sync-and-show,approved,yes,yes,,,product,,,,,,,,,
1424,simple,,,"BUDGET - BUD0043",1,0,visible,,"<strong>FEATURES:</strong>\n<ul>\n<li>Special profile design has been adopted to increase tyre rigidity and driving comfort, high-speed stability and safety.</li>\n<li>Pitch pattern designed by computer-simulated calculation reduces the noise generation.</li>\n<li>Innovative tread compound provides better all-season grip, lower rolling resistance and improved mileage.</li>\n</ul>\n\n\n",,,taxable,,1,,,0,0,,,,,1,,,95.00,Tyres,"175/65R14 86H",,https://www.tiromobiletyres.com.au/wp-content/uploads/2026/08/TMT-14.png,,,,,,,,,0,BUDGET,"Product IP","BUD0043, ZTAMS393",1,1,"Tyre Type",PCR,1,1,Size,"175/65R14 86H",1,1,Width,175,1,1,Profile,65,1,1,Diameter,14,1,1,"Load Index",86,1,1,"Speed Rating",H,1,1,,,,,,,,,1747,,,,,,90,1,ZTR50,"175/65R14 86H",1786119556,synced,1788318150,sync-and-show,approved,yes,yes,,,product,,,,,,,,,
1425,simple,,,"HANKOOK  KINERGY ECO2 K435-1024673",1,0,visible,,"<strong>Summer:</strong>\n<ul>\n<li>The smart choice for driver and environment</li>\n</ul>\n\n\n\n\n",,,taxable,,1,,,0,0,,,,,0,,,134.57,Tyres,"175/70/R14 88T",,https://www.tiromobiletyres.com.au/wp-content/uploads/2026/07/Hankook.png,,,,,,,,,0,HANKOOK,"Product IP",1024673,1,1,"Tyre Type",PCR,1,1,Pattern,"KINERGY ECO2 K435",1,1,Size,"175/70/R14 88T",1,1,Width,175,1,1,Profile,70,1,1,Diameter,14,1,1,"Load Index",88,1,1,"Speed Rating",T,1,1,,,,,,,,,,,90,1,"KINERGY ECO2 K435","175/70/R14 88T",1786119944,synced,1788318150,sync-and-show,approved,yes,yes,,,product,,,,,,,,,
1426,simple,,,"GENERAL  ALTIMAX GC5- 1549878",1,0,visible,,,,,taxable,,1,,,0,0,,,,,0,,,146.99,Tyres,"175/70R14 84H",,https://www.tiromobiletyres.com.au/wp-content/uploads/2026/07/GENERAL.png,,,,,,,,,0,GENERAL,"Product IP",1549878,1,0,"Tyre Type",PCR,1,1,Pattern,"ALTIMAX GC5",1,0,Size,"175/70R14 84H",1,1,Width,175,1,1,Profile,70,1,1,Diameter,14,1,1,"Load Index",84,1,1,"Speed Rating",H,1,1,,,,,47,,,,,,90,1,"ALTIMAX GC5","175/70R14 84H",1786120190,has-errors,,sync-and-show,,yes,yes,,,product,,,,,,,,,
1427,simple,,,"BUDGET - BUD0044",1,0,visible,,"<strong>FEATURES:</strong>\n<ul>\n<li>Special profile design has been adopted to increase tyre rigidity and driving comfort, high-speed stability and safety.</li>\n<li>Pitch pattern designed by computer-simulated calculation reduces the noise generation.</li>\n<li>Innovative tread compound provides better all-season grip, lower rolling resistance and improved mileage.</li>\n</ul>\n\n\n",,,taxable,,1,,,0,0,,,,,1,,,89.01,Tyres,"175/70R14 88T",,https://www.tiromobiletyres.com.au/wp-content/uploads/2026/08/TMT-14.png,,,,,,,,,0,BUDGET,"Product IP","BUD0044, ZTAMS326",1,1,"Tyre Type",PCR,1,1,Size,"175/70R14 88T",1,1,Width,175,1,1,Profile,70,1,1,Diameter,14,1,1,"Load Index",88,1,1,"Speed Rating",T,1,1,,,,,,,,,1747,,,,,,90,1,ZTR50,"175/70R14 88T",1786120363,synced,1788318150,sync-and-show,approved,yes,yes,,,product,,,,,,,,,
1428,simple,,,"BUDGET - BUD0045",1,0,visible,,"<strong>FEATURES:</strong>\n<ul>\n<li>Non-directional twists and turn groove new design provides outstanding grip when driving on all season application, even in stony, muddy and off-road condition surfaces.</li>\n<li>Continuous channels ensure faster and more effective water explosion from the contact patch.</li>\n<li>Special tread compound reduces fuel consumption and increases higher mileage to reach the economic and valuable tyre.</li>\n</ul>\n\n\n",,,taxable,,1,,,0,0,,,,,1,,,104.00,Tyres,"175/70R14 95/93S",,https://www.tiromobiletyres.com.au/wp-content/uploads/2026/08/TMT-14.png,,,,,,,,,0,BUDGET,"Product IP",BUD0045,1,1,"Tyre Type","LIGHT TRUCK",1,1,Size,"175/70R14 95/93S",1,1,Width,175,1,1,Profile,70,1,1,Diameter,14,1,1,"Load Index",95/93,1,1,"Speed Rating",S,1,1,,,,,,,,,1747,,,,,,90,1,ZTR18,"175/70R14 95/93S",1786120539,synced,1788318150,sync-and-show,approved,yes,yes,,,product,,,,,,,,,
1429,simple,,,"CONTINENTAL  TECHCONTACT TC6- 03112850009",1,0,visible,,"<strong>features:</strong>\n<ul>\n<li>N/A</li>\n</ul>\n\n",,,taxable,,1,,,0,0,,,,,0,,,139.00,Tyres,"185/60R14 82H",,https://www.tiromobiletyres.com.au/wp-content/uploads/2026/07/CONTINENTAL.png,,,,,,,,,0,CONTINENTAL,"Product IP",03112850009,1,1,"Tyre Type",PASSENGER,1,1,Pattern,"TECHCONTACT TC6",1,1,Size,"185/60R14 82H",1,1,Width,185,1,1,Profile,60,1,1,Diameter,14,1,1,"Load Index",82,1,1,"Speed Rating",H,1,1,,,,,,,"Continental ContiSportContact","Continental ContiSportContact 6 Tyre | High Speed Grip","Buy Continental ContiSportContact 6 tyres for high-speed stability, precise handling & superior grip. Ideal for performance cars & smooth driving.",58,90,1,"TECHCONTACT TC6","185/60R14 82H",1786120956,synced,1788318150,sync-and-show,approved,yes,yes,,,product,,,,,,,,,
1430,simple,,,"BUDGET - BUD0046",1,0,visible,,"<strong>FEATURES:</strong>\n<ul>\n<li>Special profile design has been adopted to increase tyre rigidity and driving comfort, high-speed stability and safety.</li>\n<li>Pitch pattern designed by computer-simulated calculation reduces the noise generation.</li>\n<li>Innovative tread compound provides better all-season grip, lower rolling resistance and improved mileage.</li>\n</ul>\n\n\n",,,taxable,,1,,,0,0,,,,,1,,,92.00,Tyres,"185/60R14 82H",,https://www.tiromobiletyres.com.au/wp-content/uploads/2026/08/TMT-14.png,,,,,,,,,0,BUDGET,"Product IP",BUD0046,1,1,"Tyre Type",PCR,1,1,Size,"185/60R14 82H",1,1,Width,185,1,1,Profile,60,1,1,Diameter,14,1,1,"Load Index",82,1,1,"Speed Rating",H,1,1,,,,,,,,,1747,,,,,,90,1,ZTR50,"185/60R14 82H",1786121091,synced,1788318150,sync-and-show,approved,yes,yes,,,product,,,,,,,,,
1431,simple,,,"BUDGET - BUD0047",1,0,visible,,"<strong>FEATURES:</strong>\n<ul>\n<li>Special profile design has been adopted to increase tyre rigidity and driving comfort, high-speed stability and safety.</li>\n<li>Pitch pattern designed by computer-simulated calculation reduces the noise generation.</li>\n<li>Innovative tread compound provides better all-season grip, lower rolling resistance and improved mileage.</li>\n</ul>\n\n\n",,,taxable,,1,,,0,0,,,,,1,,,95.00,Tyres,"185/65R14 86H",,https://www.tiromobiletyres.com.au/wp-content/uploads/2026/08/TMT-14.png,,,,,,,,,0,BUDGET,"Product IP",BUD0047,1,1,"Tyre Type",PCR,1,1,Size,"185/65R14 86H",1,1,Width,185,1,1,Profile,65,1,1,Diameter,14,1,1,"Load Index",86,1,1,"Speed Rating",H,1,1,,,,,,,,,1747,,,,,,90,1,ZTR50,"185/65R14 86H",1786121424,synced,1788318150,sync-and-show,approved,yes,yes,,,product,,,,,,,,,
1432,simple,,,"BUDGET - BUD0048",1,0,visible,,"<strong>FEATURES:</strong>\n<ul>\n<li>Special profile design has been adopted to increase tyre rigidity and driving comfort, high-speed stability and safety.</li>\n<li>Pitch pattern designed by computer-simulated calculation reduces the noise generation.</li>\n<li>Innovative tread compound provides better all-season grip, lower rolling resistance and improved mileage.</li>\n</ul>\n\n\n",,,taxable,,1,,,0,0,,,,,1,,,94.01,Tyres,"185/70R14 88H",,https://www.tiromobiletyres.com.au/wp-content/uploads/2026/08/TMT-14.png,,,,,,,,,0,BUDGET,"Product IP",BUD0048,1,1,"Tyre Type",PCR,1,1,Size,"185/70R14 88H",1,1,Width,185,1,1,Profile,70,1,1,Diameter,14,1,1,"Load Index",88,1,1,"Speed Rating",H,1,1,,,,,,,,,1747,,,,,,90,1,ZTR50,"185/70R14 88H",1786122140,synced,1788318150,sync-and-show,approved,yes,yes,,,product,,,,,,,,,
1433,simple,,,"BUDGET - BUD0049",1,0,visible,,"<strong>Features:</strong>\n<ul class=""list"">\n<li>Solid center rib designed for high-speed stability.</li>\n<li>Unidirectional grooves ensure fast water disposal and improve the handling on wet, snow and dry conditions.</li>\n<li>Two all-round ribs, separated by a narrow groove from two rows of blocks ensure low rolling resistance, reduce fuel consumption.</li>\n</ul>",,,taxable,,1,,,0,0,,,,,0,,,93.64,Tyres,"195/60R14 86H",,https://www.tiromobiletyres.com.au/wp-content/uploads/2026/08/TMT-14.png,,,,,,,,,0,BUDGET,"Product IP",BUD0049,1,1,"Tyre Type",PCR,1,1,Size,"195/60R14 86H",1,1,Width,195,1,1,Profile,60,1,1,Diameter,14,1,1,"Load Index",86,1,1,"Speed Rating",H,1,1,,,,,,,,,1747,,,,,,90,1,ZTR20,"195/60R14 86H",1786122749,synced,1788318150,sync-and-show,approved,yes,yes,,,product,,,,,,,,,
1434,simple,,,"ZETA  ZTR50-ZTAMS328",1,0,visible,,"</strong>FEATURES:</strong>\n<ul class=""list"">\n<li>Special profile design has been adopted to increase tyre rigidity and driving comfort, high-speed stability and safety</li>\n<li>Pitch pattern designed by computer-simulated calculation reduces the noise generation</li>\n<li>Innovative tread compound provides better all-season grip, lower rolling resistance and improved mileage</li>\n</ul>\n\n",,,taxable,,1,,,0,0,,,,,0,,,109.00,Tyres,"195/70R14 91H",,https://www.tiromobiletyres.com.au/wp-content/uploads/2026/07/ZETA.png,,,,,,,,,0,ZETA,"Product IP",ZTAMS328,1,1,"Tyre Type",PCR,1,1,Pattern,ZTR50,1,0,Size,"195/70R14 91H",1,1,Width,195,1,1,Profile,70,1,1,Diameter,14,1,1,"Load Index",91,1,1,"Speed Rating",H,1,1,,,,,37,,"GOLDWAY R828","Goldway R828 Tyre | Affordable Performance & Grip","Shop Goldway tyres in Melbourne for budget-friendly performance, strong grip & durability. Ideal for SUVs & cars with reliable everyday driving.",52,90,1,ZTR50,"195/70R14 91H",1786123206,synced,1788318150,sync-and-show,approved,yes,yes,,,product,,,,,,,,,2026-03-06
1435,simple,,,BUDGET-BUD0050,1,0,visible,,"</strong>FEATURES:</strong>\n<ul class=""list"">\n<li>Special profile design has been adopted to increase tyre rigidity and driving comfort, high-speed stability and safety</li>\n<li>Pitch pattern designed by computer-simulated calculation reduces the noise generation</li>\n<li>Innovative tread compound provides better all-season grip, lower rolling resistance and improved mileage</li>\n</ul>\n\n",,,taxable,,1,,,0,0,,,,,0,,,99.00,Tyres,"195/70R14 91H",,https://www.tiromobiletyres.com.au/wp-content/uploads/2026/08/TMT-14.png,,,,,,,,,0,BUDGET,"Product IP",BUD0050,1,1,"Tyre Type",PCR,1,1,Size,"195/70R14 91H",1,1,Width,195,1,1,Profile,70,1,1,Diameter,14,1,1,"Load Index",91,1,1,"Speed Rating",H,1,1,,,,,,,,,1747,,"GOLDWAY R828","Goldway R828 Tyre | Affordable Performance & Grip","Shop Goldway tyres in Melbourne for budget-friendly performance, strong grip & durability. Ideal for SUVs & cars with reliable everyday driving.",52,90,1,ZTR50,"195/70R14 91H",1786123304,synced,1788318150,sync-and-show,approved,yes,yes,,,product,,,,,,,,,2026-03-06
1436,simple,,,"CONTINENTAL  CONTISPORTCONTACT 3- [RUN FLAT]",1,0,visible,,"<strong>features:</strong>\n<ul>\n<li>One of the most crucial requirements of tyres fitted on high performance, sports cars is agile steering precision. This ensures your vehicle maintains good adherence to the road in face of the considerable forces acting on the tyres when driving at high speeds, making abrupt manoeuvres or changes in road surfaces. The asymmetric tread ribs on the ContiSportContact 3 are designed to absorb these forces</li>\n<li>On dry roads, the new tread pattern ribs provide outstanding braking capability and steering precision, by absorbing the forces exerted on braking. This means a reduction in stopping distances. On wet surfaces, the unique grooves allow increased clearance of water for better resistance to aquaplaning</li>\n</ul>\n\n",,,taxable,,1,,,0,0,,,,,0,,,240.00,Tyres,"SSR 205/45R17 84W",,https://www.tiromobiletyres.com.au/wp-content/uploads/2026/07/CONTINENTAL.png,,,,,,,,,0,CONTINENTAL,"Product IP",358038,1,1,"Tyre Type",RUNFLAT,1,1,Pattern,"CONTISPORTCONTACT 3",1,1,Size,"SSR 205/45R17 84W",1,1,Width,205,1,1,Profile,45,1,1,Diameter,17,1,1,"Load Index",84,1,1,"Speed Rating",W,1,1,,,,,,,"Continental ContiSportContact","Continental ContiSportContact 6 Tyre | High Speed Grip","Buy Continental ContiSportContact 6 tyres for high-speed stability, precise handling & superior grip. Ideal for performance cars & smooth driving.",64,90,1,"CONTISPORTCONTACT 3","SSR 205/45R17 84W",1786290682,synced,1788490852,sync-and-show,approved,yes,yes,,,product,,,,,,,,,
1437,simple,,,"KUMHO  ECSTA PA51-2248393",1,0,visible,,,,,taxable,,1,,,0,0,,,,,0,,,171.52,Tyres,"205/45R17 88V",,https://www.tiromobiletyres.com.au/wp-content/uploads/2026/07/KUMHO.png,,,,,,,,,0,KUMHO,"Product IP",2248393,1,1,"Tyre Type",UHP,1,1,Pattern,"ECSTA PA51",1,1,Size,"205/45R17 88V",1,1,Width,205,1,1,Profile,45,1,1,Diameter,17,1,1,"Load Index",88,1,1,"Speed Rating",V,1,1,,,,,,,,,,,90,1,"ECSTA PA51","205/45R17 88V",1786290905,has-errors,,sync-and-show,,yes,yes,,,product,,,,,,,,,
1438,simple,,,"PIRELLI  CINTURATO P7- [RUN FLAT]",1,0,visible,,"<strong>Pirelli's first Green Performance tyre, CINTURATO  P7 has been created to take full advantage of latest materials, structures and tread pattern design in order to guarantee savings, respect for the environment, comfort and safety on all road surfaces. Pirelli CINTURATO P7 is on the top in 2010 ADAC summer tyre test confirming its leadership in terms of performance, safety and eco-compatibility:</strong>\n<ul class=""list"">\n<li>ENERGY EFFICIENT:\nReduces fuel consumption and CO2 emissions</li>\n<li>CLEAN AIR:\nMade from eco-compatible materials that minimise environmental impact, both at the production stage and throughout the life of the tyre</li>\n<li>HIGH MILEAGE:\nLonger lasting tyre that maintains high levels of performance and safety</li>\n<li>LOW NOISE:\nAlready complies with the 2012 EU Regulation on the reduction of noise, resulting in improved driving comfort</li>\n<li>Key Homologations:\nAlfa Romeo, Audi, BMW, Mercedes, MINI, Peugeot, Skoda, Volkswagen</li>\n</ul>",,,taxable,,1,,,0,0,,,,,1,,,303.33,Tyres,"205/45R17 88W",,https://www.tiromobiletyres.com.au/wp-content/uploads/2026/07/PIRELLI.png,,,,,,,,,0,PIRELLI,"Product IP",3801600,1,1,"Tyre Type",RUNFLAT,1,1,Pattern,"CINTURATO P7",1,1,Size,"205/45R17 88W",1,1,Width,205,1,1,Profile,45,1,1,Diameter,17,1,1,"Load Index",88,1,1,"Speed Rating",W,1,1,,,,,,,"Pirelli Cinturato P7","Pirelli Cinturato P7 Tyre | Fuel Efficient & Comfort Ride","Buy Pirelli Cinturato P7 tyres for fuel efficiency, strong grip and smooth, comfortable driving. Ideal for everyday road use with reliable performance and safety.",66,90,1,"CINTURATO P7","205/45R17 88W",1786291284,synced,1788490852,sync-and-show,approved,yes,yes,,,product,,,,,,,,,
1439,simple,,,"BUDGET- BUD0051",1,0,visible,,"New designed Asymmetric tread pattern , enhanced UHP tyre block stiffness for heavy loads, and ensure vehicle has been controlled perfect under any road conditions.\n\n<strong>KEY FEATURES:</strong>\n<ul>\n<li>Optimized pitch variance design & tread formula with high silica rubber reduces noise, innovative grip, improved mileage as well.</li>\n<li>4 straight grooves provide excellent smooth water dispersion and high levels of wet handling.</li>\n<li>Three solid longitudinal ribs improved braking and linear stability during high speed.</li>\n</ul>\n",,,taxable,,1,,,0,0,,,,,0,,,106.00,Tyres,"205/45R17 88Y",,https://www.tiromobiletyres.com.au/wp-content/uploads/2026/07/TMT-15-Rim.png,,,,,,,,,0,BUDGET,"Product IP",BUD0051,1,1,"Tyre Type",UHP,1,1,Size,"205/45R17 88Y",1,1,Width,205,1,1,Profile,45,1,1,Diameter,17,1,1,"Load Index",88,1,1,"Speed Rating",Y,1,1,,,,,,,,,1747,,,,,,90,1,ALVENTI,"205/45R17 88Y",1786291444,synced,1788490852,sync-and-show,approved,yes,yes,,,product,,,,,,,,,
1440,simple,,,"BUDGET - [RUN FLAT]",1,0,visible,,"New designed Asymmetric tread pattern , enhanced UHP tyre block stiffness for heavy loads, and ensure vehicle has been controlled perfect under any road conditions.\n\n<strong>KEY FEATURES:</strong>\n<ul>\n<li>Optimized pitch variance design & tread formula with high silica rubber reduces noise, innovative grip, improved mileage as well.</li>\n<li>4 straight grooves provide excellent smooth water dispersion and high levels of wet handling.</li>\n<li>Three solid longitudinal ribs improved braking and linear stability during high speed.</li>\n</ul>\n",,,taxable,,1,,,0,0,,,,,0,,,144.00,Tyres,"205/45R17 88W, Runflat",,https://www.tiromobiletyres.com.au/wp-content/uploads/2026/07/TMT-15-Rim.png,,,,,,,,,0,BUDGET,"Product IP",BUD0052,1,1,"Tyre Type",UHP,1,1,Size,"205/45R17 88W",1,1,Width,205,1,1,Profile,45,1,1,Diameter,17,1,1,"Load Index",88,1,1,"Speed Rating",W,1,1,,,,,,,,,1747,,,,,,90,1,ALVENTI,"205/45R17 88W",1786291591,synced,1788490852,sync-and-show,approved,yes,yes,,,product,,,,,,,,,
1441,simple,,,"FALKEN  ZE310R - AU10352137",1,0,visible,,,,,taxable,,1,,,0,0,,,,,0,,,183.99,Tyres,"205/50R17 93W",,https://www.tiromobiletyres.com.au/wp-content/uploads/2026/07/FALKEN.png,,,,,,,,,0,FALKEN,"Product IP",AU10352137,1,1,Pattern,ZE310R,1,1,Size,"205/50R17 93W",1,1,Width,205,1,1,Profile,50,1,1,Diameter,17,1,1,"Load Index",93,1,1,"Speed Rating",W,1,1,,,,,,,,,,15,,,,,90,1,ZE310R,"205/50R17 93W",1786292161,has-errors,,sync-and-show,,yes,yes,,,product,,,,,,,,,
1442,simple,,,"NANKANG  NOBLE SPORT NS20 - NA205501720",1,0,visible,,"<strong>Ultra High Performance:</strong>\n<ul>\n<li> New generation sophisticated performance</li>\n<li>Hangs on like the proverbial</li>\n<li>Yet quiet and comfortable</li>\n</ul>",,,taxable,,1,,,0,0,,,,,1,,,178.48,Tyres,"205/50R17 93V",,https://www.tiromobiletyres.com.au/wp-content/uploads/2026/07/NANKANG.png,,,,,,,,,0,NANKANG,"Product IP",NA205501720,1,1,"Tyre Type",UHP,1,1,Pattern,"NOBLE SPORT NS20",1,1,Size,"205/50R17 93V",1,1,Width,205,1,1,Profile,50,1,1,Diameter,17,1,1,"Load Index",93,1,1,"Speed Rating",V,1,1,,,,,,,"NANKANG SP9","Nankang SP9 Tyre | SUV Comfort, Grip & Smooth Ride","Buy Nankang SP9 tyres for SUVs & crossovers. Enjoy quiet rides, strong wet grip & balanced performance for daily driving with long tread life.",61,90,1,"NOBLE SPORT NS20","205/50R17 93V",1786292619,synced,1788490852,sync-and-show,approved,yes,yes,,,product,,,,,,,,,
1443,simple,,,"PIRELLI  POWERGY- 4198200",1,0,visible,,"<strong>Car\nSummer:</strong>\n<ul class=""list"">\n<li>The smart & safe choice</li>\n<li>Powergy is the new Pirelli Summer line for cars and SUVs. It’s the smart choice for drivers looking for safety and green performance with a low environmental impact</li>\n<li>With high levels of wet grip (EU Label Wet Grip A Rating on full range) and braking, Powergy helps to provides precise handling in all road conditions and reduces the risk of aquaplaning</li>\n<li>The low rolling resistance ensures low fuel consumption and high levels of comfort</li>\n</ul>",,,taxable,,1,,,0,0,,,,,1,,,210.33,Tyres,"205/50R17 93V",,https://www.tiromobiletyres.com.au/wp-content/uploads/2026/07/PIRELLI.png,,,,,,,,,0,PIRELLI,"Product IP",4198200,1,1,"Tyre Type",PASSENGER,1,1,Pattern,POWERGY,1,1,Size,"205/50R17 93V",1,1,Width,205,1,1,Profile,50,1,1,Diameter,17,1,1,"Load Index",93,1,1,"Speed Rating",V,1,1,,,,,,,"Pirelli Cinturato P7","Pirelli Cinturato P7 Tyre | Fuel Efficient & Comfort Ride","Buy Pirelli Cinturato P7 tyres for fuel efficiency, strong grip and smooth, comfortable driving. Ideal for everyday road use with reliable performance and safety.",54,90,1,POWERGY,"205/50R17 93V",1786293019,synced,1788490852,sync-and-show,approved,yes,yes,,,product,,,,,,,,,
1444,simple,,,"CONTINENTAL  ULTRACONTACT UC7- 0312027",1,0,visible,,"<strong>features:</strong>\n<ul>\n<li>N/A</li>\n</ul>\n\n",,,taxable,,1,,,0,0,,,,,0,,,234.58,Tyres,"205/50R17 93W",,https://www.tiromobiletyres.com.au/wp-content/uploads/2026/07/CONTINENTAL.png,,,,,,,,,0,CONTINENTAL,"Product IP","03112850009, 0312027",1,1,"Tyre Type",PASSENGER,1,1,Pattern,"ULTRACONTACT UC7",1,1,Size,"205/50R17 93W",1,1,Width,205,1,1,Profile,50,1,1,Diameter,17,1,1,"Load Index",93,1,1,"Speed Rating",W,1,1,,,,,,,"Continental ContiSportContact","Continental ContiSportContact 6 Tyre | High Speed Grip","Buy Continental ContiSportContact 6 tyres for high-speed stability, precise handling & superior grip. Ideal for performance cars & smooth driving.",58,90,1,"ULTRACONTACT UC7","205/50R17 93W",1786293241,synced,1788490852,sync-and-show,approved,yes,yes,,,product,,,,,,,,,
1445,simple,,,"BRIDGESTONE  POTENZA ADRENALIN RE003- MSBR707",1,0,visible,,"<strong>The Potenza Adrenalin RE003 has raised the bar even higher for sports performance tyres. Cutting-edge technology in the unique tread pattern and tyre’s composition has created a performance tyre that delivers an incredible driving experience for sports car drivers and enthusiasts:</strong>\n<ul>\n<li>Precise handling and cornering performance</li>\n<li>Increased handling stability provides powerful traction in dry conditions</li>\n<li>Better groove drainage and anti-hydroplaning performance</li>\n<li>Enhanced wet braking capabilities and reduced irregular wear</li>\n</ul>\n\n\n",,,taxable,,1,,,0,0,,,,,0,,,173.51,Tyres,"205/50R17 93W",,https://www.tiromobiletyres.com.au/wp-content/uploads/2026/07/BRIDGESTONE.png,,,,,,,,,0,BRIDGESTONE,"Product IP",MSBR707,1,1,"Tyre Type",UHP,1,1,Pattern,"POTENZA ADRENALIN RE003",1,1,Size,"205/50R17 93W",1,1,Width,205,1,1,Profile,50,1,1,Diameter,17,1,1,"Load Index",93,1,1,"Speed Rating",W,1,1,,,,,,,,,,,90,1,"POTENZA ADRENALIN RE003","205/50R17 93W",1786293557,synced,1788490852,sync-and-show,approved,yes,yes,,,product,,,,,,,,,
1446,simple,,,"BRIDGESTONE  POTENZA ADRENALIN RE005- 11003358",1,0,visible,,"<strong>:</strong>\n<ul>\n<li>N/A</li>\n</ul>\n\n\n",,,taxable,,1,,,0,0,,,,,0,,,183.55,Tyres,"205/50R17 93Y",,https://www.tiromobiletyres.com.au/wp-content/uploads/2026/07/BRIDGESTONE.png,,,,,,,,,0,BRIDGESTONE,"Product IP",11003358,1,1,"Tyre Type",Performance,1,1,Pattern,"POTENZA ADRENALIN RE005",1,1,Size,"205/50R17 93Y",1,1,Width,205,1,1,Profile,50,1,1,Diameter,17,1,1,"Load Index",93,1,1,"Speed Rating",Y,1,1,,,,,,,,,,,90,1,"POTENZA ADRENALIN RE005","205/50R17 93Y",1786293766,synced,1788490852,sync-and-show,approved,yes,yes,,,product,,,,,,,,,
1447,simple,,,"BRIDGESTONE  TURANZA T001- 11004756",1,0,visible,,"<strong>The Turanza T001 was developed with luxury touring in mind and is original equipment on prestige cars including Mercedes B class and Mazda 6. The tyre combines a unique tread design with noise reduction technology to deliver superior performance and ride comfort:</strong>\n<ul>\n<li>Outstanding high speed stability and performance\nSuperior grip for reliable braking in the wet\nReduced rolling resistance for better fuel economy\nLonger wear life</li>\n<li>Tyre Features\nWide main groove\nNano Pro-Tech™ tread compound\nFlat contact patch tread profile\nSlim high bead filler\nHigh-angle blocks\n5 degree noise reduction</li>\n<li>Driver Benefits\nMinimise risk of hydroplaning\nUnparalleled performance in the wet and good rolling resistance\nReduced irregular wear\nBetter handling and comfort\nSuperior braking\nReduced road noise</li>\n</ul>\n\n\n",,,taxable,,1,,,0,0,,,,,0,,,295.55,Tyres,"205/50R17 89V",,https://www.tiromobiletyres.com.au/wp-content/uploads/2026/07/BRIDGESTONE.png,,,,,,,,,0,BRIDGESTONE,"Product IP",11004756,1,1,Pattern,"TURANZA T001",1,1,Size,"205/50R17 89V",1,1,Width,205,1,1,Profile,50,1,1,Diameter,17,1,1,"Load Index",89,1,1,"Speed Rating",V,1,1,,,,,,,,,,,,,,,90,1,"TURANZA T001","205/50R17 89V",1786294679,synced,1788490852,sync-and-show,approved,yes,yes,,,product,,,,,,,,,
1448,simple,,,"BUDGET- BUD0053",1,0,visible,,"New designed Asymmetric tread pattern , enhanced UHP tyre block stiffness for heavy loads, and ensure vehicle has been controlled perfect under any road conditions.\n\n<strong>KEY FEATURES:</strong>\n<ul>\n<li>Optimized pitch variance design & tread formula with high silica rubber reduces noise, innovative grip, improved mileage as well.</li>\n<li>4 straight grooves provide excellent smooth water dispersion and high levels of wet handling.</li>\n<li>Three solid longitudinal ribs improved braking and linear stability during high speed.</li>\n</ul>\n",,,taxable,,1,,,0,0,,,,,0,,,109.00,Tyres,"205/50R17 93Y",,https://www.tiromobiletyres.com.au/wp-content/uploads/2026/07/TMT-15-Rim.png,,,,,,,,,0,BUDGET,"Product IP",BUD0053,1,1,"Tyre Type",UHP,1,1,Size,"205/50R17 93Y",1,1,Width,205,1,1,Profile,50,1,1,Diameter,17,1,1,"Load Index",93,1,1,"Speed Rating",Y,1,1,,,,,,,,,1747,,,,,,90,1,ALVENTI,"205/50R17 93Y",1786294866,synced,1788490852,sync-and-show,approved,yes,yes,,,product,,,,,,,,,
1449,simple,,,"BUDGET - [RUN FLAT]",1,0,visible,,"New designed Asymmetric tread pattern , enhanced UHP tyre block stiffness for heavy loads, and ensure vehicle has been controlled perfect under any road conditions.\n\n<strong>KEY FEATURES:</strong>\n<ul>\n<li>Optimized pitch variance design & tread formula with high silica rubber reduces noise, innovative grip, improved mileage as well.</li>\n<li>4 straight grooves provide excellent smooth water dispersion and high levels of wet handling.</li>\n<li>Three solid longitudinal ribs improved braking and linear stability during high speed.</li>\n</ul>\n",,,taxable,,1,,,0,0,,,,,0,,,150.62,Tyres,"205/50ZR17 89W, Runflat",,https://www.tiromobiletyres.com.au/wp-content/uploads/2026/07/TMT-15-Rim.png,,,,,,,,,0,BUDGET,"Product IP",BUD0054,1,1,"Tyre Type",RUNFLAT,1,1,Size,"205/50ZR17 89W",1,1,Width,205,1,1,Profile,50,1,1,Diameter,17,1,1,"Load Index",89,1,1,"Speed Rating",W,1,1,,,,,,,,,1747,,,,,,90,1,ALVENTI,"205/50ZR17 89W",1786295027,synced,1788490852,sync-and-show,approved,yes,yes,,,product,,,,,,,,,
1451,simple,,,"BUDGET- BUD0055",1,0,visible,,"New designed Asymmetric tread pattern , enhanced UHP tyre block stiffness for heavy loads, and ensure vehicle has been controlled perfect under any road conditions.\n\n<strong>KEY FEATURES:</strong>\n<ul>\n<li>Optimized pitch variance design & tread formula with high silica rubber reduces noise, innovative grip, improved mileage as well.</li>\n<li>4 straight grooves provide excellent smooth water dispersion and high levels of wet handling.</li>\n<li>Three solid longitudinal ribs improved braking and linear stability during high speed.</li>\n</ul>\n",,,taxable,,1,,,0,0,,,,,0,,,109.00,Tyres,"205/55R17 95W",,https://www.tiromobiletyres.com.au/wp-content/uploads/2026/07/TMT-15-Rim.png,,,,,,,,,0,BUDGET,"Product IP","BUD0053, BUD0055",1,1,"Tyre Type",UHP,1,1,Size,"205/55R17 95W",1,1,Width,205,1,1,Profile,55,1,1,Diameter,17,1,1,"Load Index",95,1,1,"Speed Rating",W,1,1,,,,,,,,,1747,,,,,,90,1,ALVENTI,"205/55R17 95W",1786430595,synced,1788663604,sync-and-show,approved,yes,yes,,,product,,,,,,,,,
1452,simple,,,"ZETA  ALVENTI-[RUN FLAT]",1,0,visible,,"</strong>New designed Asymmetric tread pattern , enhanced UHP tyre block stiffness for heavy loads, and ensure vehicle has been controlled perfect under any road conditions:</strong>\n<ul class=""list"">\n<li>Optimized pitch variance design & tread formula with high silica rubber reduces noise, innovative grip, improved mileage as well</li>\n<li>4 straight grooves provide excellent smooth water dispersion and high levels of wet handling</li>\n<li>Three solid longitudinal ribs improved braking and linear stability during high speed</li>\n</ul>\n\n",,,taxable,,1,,,0,0,,,,,0,,,171.00,Tyres,"205/55ZR17 91V",,https://www.tiromobiletyres.com.au/wp-content/uploads/2026/07/ZETA.png,,,,,,,,,0,ZETA,"Product IP",ZETAMS03.168.02,1,1,"Tyre Type",RUNFLAT,1,1,Pattern,ALVENTI,1,0,Size,"205/55ZR17 91V",1,1,Width,205,1,1,Profile,55,1,1,Diameter,17,1,1,"Load Index",91,1,1,"Speed Rating",V,1,1,,,,,37,,"GOLDWAY R828","Goldway R828 Tyre | Affordable Performance & Grip","Shop Goldway tyres in Melbourne for budget-friendly performance, strong grip & durability. Ideal for SUVs & cars with reliable everyday driving.",52,90,1,ALVENTI,"205/55ZR17 91V",1786430983,synced,1788750126,sync-and-show,approved,yes,yes,,,product,,,,,,,,,2026-03-06
1453,simple,,,"BUDGET-[RUN FLAT]",1,0,visible,,"</strong>New designed Asymmetric tread pattern , enhanced UHP tyre block stiffness for heavy loads, and ensure vehicle has been controlled perfect under any road conditions:</strong>\n<ul class=""list"">\n<li>Optimized pitch variance design & tread formula with high silica rubber reduces noise, innovative grip, improved mileage as well</li>\n<li>4 straight grooves provide excellent smooth water dispersion and high levels of wet handling</li>\n<li>Three solid longitudinal ribs improved braking and linear stability during high speed</li>\n</ul>\n\n",,,taxable,,1,,,0,0,,,,,0,,,161.00,Tyres,"205/55ZR17 91V",,https://www.tiromobiletyres.com.au/wp-content/uploads/2026/07/TMT-15-Rim.png,,,,,,,,,0,BUDGET,"Product IP",BUD0056,1,1,"Tyre Type",RUNFLAT,1,1,Size,"205/55ZR17 91V",1,1,Width,205,1,1,Profile,55,1,1,Diameter,17,1,1,"Load Index",91,1,1,"Speed Rating",V,1,1,,,,,,,,,1747,,"GOLDWAY R828","Goldway R828 Tyre | Affordable Performance & Grip","Shop Goldway tyres in Melbourne for budget-friendly performance, strong grip & durability. Ideal for SUVs & cars with reliable everyday driving.",52,90,1,ALVENTI,"205/55ZR17 91V",1786531696,synced,1788750126,sync-and-show,approved,yes,yes,,,product,,,,,,,,,2026-03-06
1454,simple,,,"NEXEN  NFERA SU1 - 16048NXK",1,0,visible,,"<strong>Excellent dry and wet traction are supported by optimum split surface siping. By increasing shoulder block stiffness, pressure distributes evenly and ensures maximum cornering performance.\n:</strong>\n<ul>\n<li>4 wide longitudinal grooves – Improved drainage performance</li>\n<li>Lateral grooves in pattern shoulder – Excellent performance and handling on wet surfaces</li>\n<li>3 centre blocks – Excellent stability for directional & straight driving</li>\n<li>Optimised shoulder block – Maximum grip during cornering</li>\n<li>ULTRA HIGH PERFORMANCE</li>\n</ul>",,,taxable,,1,,,0,0,,,,,1,,,176.50,Tyres,"205/55R17 91H",,https://www.tiromobiletyres.com.au/wp-content/uploads/2026/07/NEXEN.png,,,,,,,,,0,NEXEN,"Product IP",16048NXK,1,1,Pattern,"NFERA SU1",1,1,Size,"205/55R17 91H",1,1,Width,205,1,1,Profile,55,1,1,Diameter,17,1,1,"Load Index",91,1,1,"Speed Rating",H,1,1,,,,,,,,,,,"NEXEN ROADIAN HP","Nexen Roadian HP Tyre | Durable SUV Performance Tyres","Buy Nexen Roadian HP tyres for reliable SUV performance, strong grip & long tread life. Ideal for smooth, safe driving with great value.",56,90,1,"NFERA SU1","205/55R17 91H",1786532103,synced,1788750126,sync-and-show,approved,yes,yes,,,product,,,,,,,,,
1455,simple,,,"KUMHO  SOLUS HS63 SUV-2278833",1,0,visible,,,,,taxable,,1,,,0,0,,,,,0,,,188.52,Tyres,"205/55R17 91H",,https://www.tiromobiletyres.com.au/wp-content/uploads/2026/07/KUMHO.png,,,,,,,,,0,KUMHO,"Product IP",2278833,1,1,"Tyre Type",RV,1,1,Pattern,"SOLUS HS63 SUV",1,1,Size,"205/55R17 91H",1,1,Width,205,1,1,Profile,55,1,1,Diameter,17,1,1,"Load Index",91,1,1,"Speed Rating",H,1,1,,,,,,,,,,,90,1,"SOLUS HS63 SUV","205/55R17 91H",1786532388,has-errors,,sync-and-show,,yes,yes,,,product,,,,,,,,,
1456,simple,,,"CONTINENTAL  ECOCONTACT 6- 03149550000",1,0,visible,,"<strong>EcoContact™ 6\nThe next standard enhanced by German technology:</strong>\n<ul>\n<li>We bring high-tech to your car</li>\n<li>Maximum fuel efficiency thanks to improved component geometry and efficient silica distribution</li>\n<li>Enhanced mileage due to new Green Chili™ 2.0 compound</li>\n<li>Optimised grip and handling experience</li>\n</ul>\n\n",,,taxable,,1,,,0,0,,,,,0,,,195.00,Tyres,"205/55R17 91V",,https://www.tiromobiletyres.com.au/wp-content/uploads/2026/07/CONTINENTAL.png,,,,,,,,,0,CONTINENTAL,"Product IP",03149550000,1,1,"Tyre Type",SUV,1,1,Pattern,"ECOCONTACT 6",1,1,Size,"205/55R17 91V",1,1,Width,205,1,1,Profile,55,1,1,Diameter,17,1,1,"Load Index",91,1,1,"Speed Rating",V,1,1,,,,,,,"Continental ContiSportContact","Continental ContiSportContact 6 Tyre | High Speed Grip","Buy Continental ContiSportContact 6 tyres for high-speed stability, precise handling & superior grip. Ideal for performance cars & smooth driving.",58,90,1,"ECOCONTACT 6","205/55R17 91V",1786532764,synced,1788750126,sync-and-show,approved,yes,yes,,,product,,,,,,,,,
1457,simple,,,"CONTINENTAL  ULTRACONTACT UC7- 312032",1,0,visible,,"<strong>Features:</strong>\n<ul>\n<li>N/A</li>\n</ul>\n\n",,,taxable,,1,,,0,0,,,,,0,,,216.18,Tyres,"205/55R17 91V",,https://www.tiromobiletyres.com.au/wp-content/uploads/2026/07/CONTINENTAL.png,,,,,,,,,0,CONTINENTAL,"Product IP",312032,1,1,"Tyre Type",PASSENGER,1,1,Pattern,"ULTRACONTACT UC7",1,1,Size,"205/55R17 91V",1,1,Width,205,1,1,Profile,55,1,1,Diameter,17,1,1,"Load Index",91,1,1,"Speed Rating",V,1,1,,,,,,,"Continental ContiSportContact","Continental ContiSportContact 6 Tyre | High Speed Grip","Buy Continental ContiSportContact 6 tyres for high-speed stability, precise handling & superior grip. Ideal for performance cars & smooth driving.",58,90,1,"ULTRACONTACT UC7","205/55R17 91V",1786564626,synced,1788750126,sync-and-show,approved,yes,yes,,,product,,,,,,,,,
1458,simple,,,"CONTINENTAL  ECOCONTACT 6- 312805",1,0,visible,,"<strong>EcoContact™ 6\nThe next standard enhanced by German technology:</strong>\n<ul>\n<li>We bring high-tech to your car</li>\n<li>Maximum fuel efficiency thanks to improved component geometry and efficient silica distribution</li>\n<li>Enhanced mileage due to new Green Chili™ 2.0 compound</li>\n<li>Optimised grip and handling experience</li>\n</ul>\n\n",,,taxable,,1,,,0,0,,,,,0,,,256.56,Tyres,"205/55R17 91V",,https://www.tiromobiletyres.com.au/wp-content/uploads/2026/07/CONTINENTAL.png,,,,,,,,,0,CONTINENTAL,"Product IP",312805,1,1,"Tyre Type",SUV,1,1,Pattern,"ECOCONTACT 6",1,1,Size,"205/55R17 91V",1,1,Width,205,1,1,Profile,55,1,1,Diameter,17,1,1,"Load Index",91,1,1,"Speed Rating",V,1,1,,,,,,,"Continental ContiSportContact","Continental ContiSportContact 6 Tyre | High Speed Grip","Buy Continental ContiSportContact 6 tyres for high-speed stability, precise handling & superior grip. Ideal for performance cars & smooth driving.",58,90,1,"ECOCONTACT 6","205/55R17 91V",1786533492,synced,1788750126,sync-and-show,approved,yes,yes,,,product,,,,,,,,,
1459,simple,,,"CONTINENTAL  CONTIPREMIUMCONTACT 5- [RUN FLAT]",1,0,visible,,"<strong>The perfect all-round tyre, matching performance with safety. For mid-sized and executive class vehicles:</strong>\n<ul>\n<li>Perfect grip and optimal handling in every driving situation\nShort braking distances on dry and wet surfaces\nComfortable driving and improved rolling resistance\n</li>\n<li>Perfect grip and handling in every driving situation.\nThe ContiPremiumContact 5 has been developed to react to your driving, creating perfect handling and outstanding grip on the road</li>\n<li>Short braking distances on dry and wet surfaces.\nWith its newly-developed technology, the tire is designed to easily grip the road in both wet and dry conditions, resulting in shorter stopping distances to keep you safe</li>\n<li>Comfortable driving and improved rolling resistance.\nThe tire's design means noticeably more comfortable driving with perfect handling and reduced rolling resistance to save you fuel</li>\n<li>Award winning tires.\nThe ContiPremiumContact 5 was awarded a Which? Best Buy in March 2013 and recommended by AutoBild for Best In Wet Braking (2013)</li>\n</ul>\n\n",,,taxable,,1,,,0,0,,,,,0,,,292.31,Tyres,"205/55R17 91W",,https://www.tiromobiletyres.com.au/wp-content/uploads/2026/07/CONTINENTAL.png,,,,,,,,,0,CONTINENTAL,"Product IP",357404,1,1,"Tyre Type",PCR,1,1,Pattern,"CONTIPREMIUMCONTACT 5",1,1,Size,"205/55R17 91W",1,1,Width,205,1,1,Profile,55,1,1,Diameter,17,1,1,"Load Index",91,1,1,"Speed Rating",W,1,1,,,,,,,"Continental ContiSportContact","Continental ContiSportContact 6 Tyre | High Speed Grip","Buy Continental ContiSportContact 6 tyres for high-speed stability, precise handling & superior grip. Ideal for performance cars & smooth driving.",64,90,1,"CONTIPREMIUMCONTACT 5","205/55R17 91W",1786533836,synced,1788750126,sync-and-show,approved,yes,yes,,,product,,,,,,,,,
1460,simple,,,"BRIDGESTONE  TURANZA T001- MSBR315",1,0,visible,,"<strong>The Turanza T001 was developed with luxury touring in mind and is original equipment on prestige cars including Mercedes B class and Mazda 6. The tyre combines a unique tread design with noise reduction technology to deliver superior performance and ride comfort:</strong>\n<ul>\n<li>Outstanding high speed stability and performance\nSuperior grip for reliable braking in the wet\nReduced rolling resistance for better fuel economy\nLonger wear life</li>\n<li>Tyre Features\nWide main groove\nNano Pro-Tech™ tread compound\nFlat contact patch tread profile\nSlim high bead filler\nHigh-angle blocks\n5 degree noise reduction</li>\n<li>Driver Benefits\nMinimise risk of hydroplaning\nUnparalleled performance in the wet and good rolling resistance\nReduced irregular wear\nBetter handling and comfort\nSuperior braking\nReduced road noise</li>\n</ul>\n\n\n",,,taxable,,1,,,0,0,,,,,0,,,308.88,Tyres,"205/55R17 91W",,https://www.tiromobiletyres.com.au/wp-content/uploads/2026/07/BRIDGESTONE.png,,,,,,,,,0,BRIDGESTONE,"Product IP",MSBR315,1,1,Pattern,"TURANZA T001",1,1,Type,UHP,1,0,Size,"205/55R17 91W",1,1,Width,205,1,1,Profile,55,1,1,Diameter,17,1,1,"Load Index",91,1,1,"Speed Rating",W,1,1,,,,,,,,,,,90,1,"TURANZA T001","205/55R17 91W",1786534471,synced,1788750126,sync-and-show,approved,yes,yes,,,product,,,,,,,,,
1461,simple,,,"BRIDGESTONE  TURANZA T005- [RUN FLAT]",1,0,visible,,"<strong>The Turanza T005 is designed to help you to stay in control, even in challenging driving conditions. Offering best-in-class braking and cornering, even on rainy days:</strong>\n<ul>\n<li>Optimised pattern design ensuring water drainage in centre contact</li>\n<li>Enhanced carcass offers a superior handling and lower rolling resistance</li>\n<li>New compound mixing technology improves silica dispersion</li>\n</ul>\n\n\n",,,taxable,,1,,,0,0,,,,,0,,,314.00,Tyres,"205/55R17 91W",,https://www.tiromobiletyres.com.au/wp-content/uploads/2026/07/BRIDGESTONE.png,,,,,,,,,0,BRIDGESTONE,"Product IP",11006427,1,1,Pattern,"TURANZA T005",1,1,Type,UHP,1,0,Size,"205/55R17 91W",1,1,Width,205,1,1,Profile,55,1,1,Diameter,17,1,1,"Load Index",91,1,1,"Speed Rating",W,1,1,,,,,,,,,,,90,1,"TURANZA T005","205/55R17 91W",1786534436,synced,1788750126,sync-and-show,approved,yes,yes,,,product,,,,,,,,,
1462,simple,,,"BRIDGESTONE  TURANZA T001- [RUN FLAT]",1,0,visible,,"<strong>The Turanza T001 was developed with luxury touring in mind and is original equipment on prestige cars including Mercedes B class and Mazda 6. The tyre combines a unique tread design with noise reduction technology to deliver superior performance and ride comfort:</strong>\n<ul>\n<li>Outstanding high speed stability and performance\nSuperior grip for reliable braking in the wet\nReduced rolling resistance for better fuel economy\nLonger wear life</li>\n<li>Tyre Features\nWide main groove\nNano Pro-Tech™ tread compound\nFlat contact patch tread profile\nSlim high bead filler\nHigh-angle blocks\n5 degree noise reduction</li>\n<li>Driver Benefits\nMinimise risk of hydroplaning\nUnparalleled performance in the wet and good rolling resistance\nReduced irregular wear\nBetter handling and comfort\nSuperior braking\nReduced road noise</li>\n</ul>\n\n\n",,,taxable,,1,,,0,0,,,,,0,,,317.73,Tyres,"205/55R17 91W",,https://www.tiromobiletyres.com.au/wp-content/uploads/2026/07/BRIDGESTONE.png,,,,,,,,,0,BRIDGESTONE,"Product IP",11003703,1,1,Pattern,"TURANZA T001",1,1,Type,"RUN FLAT",1,0,Size,"205/55R17 91W",1,1,Width,205,1,1,Profile,55,1,1,Diameter,17,1,1,"Load Index",91,1,1,"Speed Rating",W,1,1,,,,,,,,,,,90,1,"TURANZA T001","205/55R17 91W",1786534720,synced,1788750126,sync-and-show,approved,yes,yes,,,product,,,,,,,,,
1463,simple,,,"BUDGET - BUD0057",1,0,visible,"New designed Asymmetric tread pattern , enhanced UHP tyre block stiffness for heavy loads, and ensure vehicle has been controlled perfect under any road conditions.\n\n<strong>KEY FEATURES:</strong>\n<ul class=""list"">\n<li>Optimized pitch variance design & tread formula with high silica rubber reduces noise, innovative grip, improved mileage as well.</li>\n<li>4 straight grooves provide excellent smooth water dispersion and high levels of wet handling.</li>\n<li>Three solid longitudinal ribs improved braking and linear stability during high speed.</li>\n</ul>","<strong>ew designed Asymmetric tread pattern , enhanced UHP tyre block stiffness for heavy loads, and ensure vehicle has been controlled perfect under any road conditions:</strong>\n<ul>\n<li>Optimized pitch variance design & tread formula with high silica rubber reduces noise, innovative grip, improved mileage as well</li>\n<li>4 straight grooves provide excellent smooth water dispersion and high levels of wet handling</li>\n<li>Three solid longitudinal ribs improved braking and linear stability during high speed</li>\n</ul>\n\n\n",,,taxable,,1,,,0,0,,,,,1,,,115.00,Tyres,"215/45R17 91Y",,https://www.tiromobiletyres.com.au/wp-content/uploads/2026/07/TMT-15-Rim.png,,,,,,,,,0,BUDGET,"Product IP",BUD0057,1,1,"Tyre Type",UHP,1,1,Size,"215/45R17 91Y",1,1,Width,215,1,1,Profile,45,1,1,Diameter,17,1,1,"Load Index",91,1,1,"Speed Rating",Y,1,1,"Rim Size",R17,1,1,,,,,1747,,"Zeta Alventi","Zeta Alventi Tyre | Budget Performance & Smooth Ride","Buy Zeta Alventi tyres for strong grip, smooth handling and low noise. A budget-friendly choice offering reliable everyday performance and comfort.",56,90,1,ALVENTI,"215/45R17 91Y",1786535605,synced,1788750126,sync-and-show,approved,yes,yes,,,product,,,,,,,,,
1552,simple,,,"BRIDGESTONE  POTENZA ADRENALIN RE005-11003381",1,0,visible,,,,,taxable,,1,,,0,0,,,,,0,,,213.23,Tyres,"215/45R17 91W",,https://www.tiromobiletyres.com.au/wp-content/uploads/2026/07/BRIDGESTONE.png,,,,,,,,,0,BRIDGESTONE,"Product IP",11003381,1,1,Pattern,"POTENZA ADRENALIN RE005",1,1,Type,Performance,1,0,Size,"215/45R17 91W",1,1,Width,215,1,1,Profile,45,1,1,Diameter,17,1,1,"Load Index",91,1,1,"Speed Rating",W,1,1,,,,,,,,,,,90,1,"POTENZA ADRENALIN RE005","215/45R17 91W",1787489624,has-errors,,sync-and-show,,yes,yes,,,product,,,,,,,,,
1553,simple,,,"MICHELIN  PILOT SPORT 5 - 217502",1,0,visible,,"<strong>5th generation sport road tyre from MICHELIN</strong>\n\n• Developed for excellent longevity and long-lasting performance[1]\n• Engineered to provide high levels of reactivity for precision steering[2]\n• Optimized grip and braking on wet and dry roads[3]\n• Sleek aesthetic design meets high performance\n• Supported by the Michelin + Warranty Program\n<strong>Features:</strong>\n<strong>Enjoy high performance driving kilometer after kilometer with the MICHELIN Pilot Sport 5 road Tyre. Feel every moment of every drive with this Tyre engineered for high longevity, precision handling and steering control. Responsive driving comes from the enhanced grip on wet and dry roads. Wherever you’re going, get there in style, and experience exhilarating driving with this safe, road Tyre.\nIf you require any specific Marketing material, please let me know and I’ll endeavor to obtain this through my Marketing department </strong>\n<strong>Benefit –</strong>\nFor fun and confident driving choose the MICHELIN Pilot Sport 5 precision tyre. It’s Dual Sport Tread Design has large internal side longitudinal grooves for improved wet traction, and external side rigid blocks for grip on dry roads. Master the roads with wet and dry performance.\n \n<strong>Technology Summary –\n• MaxTouch Construction\n• Dynamic Response Technology\n• Dual Sport Tread Design\n• Groove Clear\n• Wear2Check\n• Premium Touch Sidewall Design</strong>\n",,,taxable,,1,,,0,0,,,,,0,,,260.48,Tyres,"215/45R17 91Y",,https://www.tiromobiletyres.com.au/wp-content/uploads/2025/12/MICHELIN-PILOT-SPORT-4-img.jpg,,,,,,,,,0,MICHELIN,"Product IP",217502,1,1,"Tyre Type",UHP,1,1,Pattern,"PILOT SPORT 5",1,1,Size,"215/45R17 91Y",1,1,Width,215,1,1,Profile,45,1,1,Diameter,17,1,1,"Load Index",91,1,1,"Speed Rating",Y,1,1,,,,,,,,,,,60,2,"PILOT SPORT 5","215/45R17 91Y",1787490712,synced,1787490712,sync-and-show,approved,yes,yes,,,product,,,,,,,,,
1554,simple,,,"KUMHO  SOLUS TA21-2375053",1,0,visible,,,,,taxable,,1,,,0,0,,,,,0,,,162.52,Tyres,"215/50R17 95V",,https://www.tiromobiletyres.com.au/wp-content/uploads/2026/07/KUMHO.png,,,,,,,,,0,KUMHO,"Product IP",2375053,1,1,"Tyre Type",UHP,1,1,Pattern,"SOLUS TA21",1,1,Size,"215/50R17 95V",1,1,Width,215,1,1,Profile,50,1,1,Diameter,17,1,1,"Load Index",95,1,1,"Speed Rating",V,1,1,,,,,,,,,,,90,1,"SOLUS TA21","215/50R17 95V",1787491742,has-errors,,sync-and-show,,yes,yes,,,product,,,,,,,,,
1555,simple,,,"CONTINENTAL  ECONTACT- 313287",1,0,visible,,"'\n\n",,,taxable,,1,,,0,0,,,,,0,,,205.00,Tyres,"215/50R17 91W",,https://www.tiromobiletyres.com.au/wp-content/uploads/2026/07/CONTINENTAL.png,,,,,,,,,0,CONTINENTAL,"Product IP",313287,1,1,"Tyre Type",PASSENGER,1,1,Pattern,ECONTACT,1,1,Size,"215/50R17 91W",1,1,Width,215,1,1,Profile,50,1,1,Diameter,17,1,1,"Load Index",91,1,1,"Speed Rating",W,1,1,,,,,,,"Continental ContiSportContact","Continental ContiSportContact 6 Tyre | High Speed Grip","Buy Continental ContiSportContact 6 tyres for high-speed stability, precise handling & superior grip. Ideal for performance cars & smooth driving.",58,90,1,ECONTACT,"215/50R17 91W",1787492187,synced,1787492222,sync-and-show,approved,yes,yes,,,product,,,,,,,,,
1558,simple,,,"PIRELLI  POWERGY- 4006700",1,0,visible,,"<strong>- Car\n- Summer:</strong>\n<ul class=""list"">\n<li>The smart & safe choice</li>\n<li>Powergy is the new Pirelli Summer line for cars and SUVs. It’s the smart choice for drivers looking for safety and green performance with a low environmental impact</li>\n<li>With high levels of wet grip (EU Label Wet Grip A Rating on full range) and braking, Powergy helps to provides precise handling in all road conditions and reduces the risk of aquaplaning</li>\n<li>The low rolling resistance ensures low fuel consumption and high levels of comfort</li>\n</ul>",,,taxable,,1,,,0,0,,,,,1,,,214.00,Tyres,"215/50R17 95W",,https://www.tiromobiletyres.com.au/wp-content/uploads/2026/07/PIRELLI.png,,,,,,,,,0,PIRELLI,"Product IP",4006700,1,1,"Tyre Type",CAR,1,1,Pattern,POWERGY,1,1,Size,"215/50R17 95W",1,1,Width,215,1,1,Profile,50,1,1,Diameter,17,1,1,"Load Index",95,1,1,"Speed Rating",W,1,1,,,,,,,"Pirelli Cinturato P7","Pirelli Cinturato P7 Tyre | Fuel Efficient & Comfort Ride","Buy Pirelli Cinturato P7 tyres for fuel efficiency, strong grip and smooth, comfortable driving. Ideal for everyday road use with reliable performance and safety.",54,90,1,POWERGY,"215/50R17 95W",1787492668,synced,1787492681,sync-and-show,approved,yes,yes,,,product,,,,,,,,,
1559,simple,,,"CONTINENTAL  CONTIMAXCONTACT MC6- 3573970",1,0,visible,,"'\n",,,taxable,,1,,,0,0,,,,,0,,,226.00,Tyres,"215/50R17 95W",,https://www.tiromobiletyres.com.au/wp-content/uploads/2026/07/CONTINENTAL.png,,,,,,,,,0,CONTINENTAL,"Product IP",3573970,1,1,"Tyre Type",PCR,1,1,Pattern,"CONTIMAXCONTACT MC6",1,1,Size,"215/50R17 95W",1,1,Width,215,1,1,Profile,50,1,1,Diameter,17,1,1,"Load Index",95,1,1,"Speed Rating",W,1,1,,,,,,,"Continental ContiSportContact","Continental ContiSportContact 6 Tyre | High Speed Grip","Buy Continental ContiSportContact 6 tyres for high-speed stability, precise handling & superior grip. Ideal for performance cars & smooth driving.",58,90,1,"CONTIMAXCONTACT MC6","215/50R17 95W",1787493051,synced,1787493051,sync-and-show,approved,yes,yes,,,product,,,,,,,,,
1560,simple,,,"CONTINENTAL  MAXCONTACT MC7- 03133870000",1,0,visible,,,,,taxable,,1,,,0,0,,,,,0,,,239.41,Tyres,"215/50R17 95W",,https://www.tiromobiletyres.com.au/wp-content/uploads/2026/07/CONTINENTAL.png,,,,,,,,,0,CONTINENTAL,"Product IP",03133870000,1,1,"Tyre Type",PASSENGER,1,1,Pattern,"MAXCONTACT MC7",1,1,Size,"215/50R17 95W",1,1,Width,215,1,1,Profile,50,1,1,Diameter,17,1,1,"Load Index",95,1,1,"Speed Rating",W,1,1,,,,,,,"Continental ContiSportContact","Continental ContiSportContact 6 Tyre | High Speed Grip","Buy Continental ContiSportContact 6 tyres for high-speed stability, precise handling & superior grip. Ideal for performance cars & smooth driving.",58,90,1,"MAXCONTACT MC7","215/50R17 95W",1787493664,has-errors,,sync-and-show,,yes,yes,,,product,,,,,,,,,
1561,simple,,,"BRIDGESTONE  POTENZA ADRENALIN RE003-11005949",1,0,visible,,"<strong>The Potenza Adrenalin RE003 has raised the bar even higher for sports performance tyres. Cutting-edge technology in the unique tread pattern and tyre’s composition has created a performance tyre that delivers an incredible driving experience for sports car drivers and enthusiasts:</strong>\n<ul>\n<li>Precise handling and cornering performance</li>\n<li>Increased handling stability provides powerful traction in dry conditions</li>\n<li>Better groove drainage and anti-hydroplaning performance</li>\n<li>Enhanced wet braking capabilities and reduced irregular wear</li>\n</ul>\n\n\n",,,taxable,,1,,,0,0,,,,,0,,,254.53,Tyres,"215/50R17 95W",,https://www.tiromobiletyres.com.au/wp-content/uploads/2026/07/BRIDGESTONE.png,,,,,,,,,0,BRIDGESTONE,"Product IP",11005949,1,1,Pattern,"POTENZA ADRENALIN RE003",1,1,Type,UHP,1,0,Size,"215/50R17 95W",1,1,Width,215,1,1,Profile,50,1,1,Diameter,17,1,1,"Load Index",95,1,1,"Speed Rating",W,1,1,,,,,,,,,,,90,1,"POTENZA ADRENALIN RE003","215/50R17 95W",1787494261,synced,1787494288,sync-and-show,approved,yes,yes,,,product,,,,,,,,,
1562,simple,,,"BRIDGESTONE  TURANZA 6-11005802",1,0,visible,,"'\n\n\n",,,taxable,,1,,,0,0,,,,,0,,,271.37,Tyres,"215/50/17 95W",,https://www.tiromobiletyres.com.au/wp-content/uploads/2026/07/BRIDGESTONE.png,,,,,,,,,0,BRIDGESTONE,"Product IP",11005802,1,1,Pattern,"TURANZA 6",1,1,Type,"4WD H/P",1,0,Size,"215/50/17 95W",1,1,Width,215,1,1,Profile,50,1,1,Diameter,17,1,1,"Load Index",95,1,1,"Speed Rating",W,1,1,,,,,,,,,,,90,1,"TURANZA 6","215/50/17 95W",1787494760,synced,1787494788,sync-and-show,approved,yes,yes,,,product,,,,,,,,,
1563,simple,,,"BRIDGESTONE  POTENZA ADRENALIN RE005-11003386",1,0,visible,,"'\n\n",,,taxable,,1,,,0,0,,,,,0,,,277.24,Tyres,"215/50R17 95Y",,https://www.tiromobiletyres.com.au/wp-content/uploads/2026/07/BRIDGESTONE.png,,,,,,,,,0,BRIDGESTONE,"Product IP",11003386,1,1,Pattern,"POTENZA ADRENALIN RE005",1,1,Type,Performance,1,0,Size,"215/50R17 95Y",1,1,Width,215,1,1,Profile,50,1,1,Diameter,17,1,1,"Load Index",95,1,1,"Speed Rating",Y,1,1,,,,,,,,,,,90,1,"POTENZA ADRENALIN RE005","215/50R17 95Y",1787495015,synced,1787495043,sync-and-show,approved,yes,yes,,,product,,,,,,,,,
1564,simple,,,"PIRELLI  P ZERO ASIMMETRICO- 	0888900",1,0,visible,,"<strong>P ZERO CORSA ASIMMETRICO is the most sporting tyre in the road car range and was developed by Pirelli together with supercar manufacturers for both road and track use, on models directly derived from their motorsport counterparts. The specialised structure of this tyre gives it optimal stability at high speed and while cornering. The directional tread pattern (for the front) incorporates longitudinal grooves that expel water from the contact patch, benefiting steering precision. The asymmetric design (for the rear) improves the handling, thanks to an ample contact patch and increased rigidity:</strong>\n\n<strong>A solution conceived for the most prestigious sportive and luxury cars. \nDepending on the use and the type of car the P ZERO SYSTEM concept envisages the use of the P ZERO Direzionale on the front axle and the P ZERO Asimmetrico on the rear, or P ZERO Asimmetrico on both axles. Using directional tyres on the front maximizes the expulsion of water. In this way the asymmetric tyres fitted on the rear axle encounter a drier surface. \nThe result is high directional stability and, also at higher speeds, exceptional levels of grip on dry and wet surfaces and high resistance to aquaplaning:</strong>\n<ul>\n<li>KEY FEATURES</li>\n<li>asymmetric pattern design - Extreme levels of handling in all situations</li>\n<li>Innovative ""racing"" tread compound - Maximises traction and braking levels</li>\n<li>Specialised tyre structure - Enhanced cornering stability</li>\n</ul>",,,taxable,,1,,,0,0,,,,,1,,,491.99,Tyres,"215/50R17 91Y",,https://www.tiromobiletyres.com.au/wp-content/uploads/2026/07/PIRELLI.png,,,,,,,,,0,PIRELLI,"Product IP",0888900,1,1,"Tyre Type",PASSENGER,1,1,Pattern,"P ZERO ASIMMETRICO",1,1,Size,"215/50R17 91Y",1,1,Width,215,1,1,Profile,50,1,1,Diameter,17,1,1,"Load Index",91,1,1,"Speed Rating",Y,1,1,,,,,,,"Pirelli Cinturato P7","Pirelli Cinturato P7 Tyre | Fuel Efficient & Comfort Ride","Buy Pirelli Cinturato P7 tyres for fuel efficiency, strong grip and smooth, comfortable driving. Ideal for everyday road use with reliable performance and safety.",69,90,1,"P ZERO ASIMMETRICO","215/50R17 91Y",1787495419,pending,,sync-and-show,,yes,yes,,,product,,,,,,,,,
1565,simple,,,"BUDGET- BUD0058",1,0,visible,,"New designed Asymmetric tread pattern , enhanced UHP tyre block stiffness for heavy loads, and ensure vehicle has been controlled perfect under any road conditions.\n\n\n<strong>KEY FEATURES:</strong>\n<ul>\n<li>Optimized pitch variance design & tread formula with high silica rubber reduces noise, innovative grip, improved mileage as well.</li>\n<li>4 straight grooves provide excellent smooth water dispersion and high levels of wet handling.</li>\n<li>Three solid longitudinal ribs improved braking and linear stability during high speed.</li>\n</ul>",,,taxable,,1,,,0,0,,,,,1,,,109.00,Tyres,2155017,,https://www.tiromobiletyres.com.au/wp-content/uploads/2026/07/TMT-15-Rim.png,,,,,,,,,0,BUDGET,"Product IP","BUD0058, ZTAMS102",1,1,"Tyre Type",UHP,1,1,Size,"215/50R17 95Y",1,1,Width,215,1,1,Profile,50,1,1,Diameter,17,1,1,"Load Index",95,1,1,"Speed Rating",Y,1,1,,,,,,,,,1747,,,,,,90,1,ALVENTI,"215/50R17 95Y",1787495628,synced,1787495633,sync-and-show,approved,yes,yes,,,product,,,,,,,,,
